market,category,split,array_index,history_start,origin_week,forecast_origin,target_start,target_end,dataset_version,dataset_status
JP,accommodation_staycation,train,0,2014-12-28,2015-12-20,2015-12-27 00:00:00+00:00,2015-12-27,2016-03-13,demand-v2-provisional,provisional
JP,accommodation_staycation,train,1,2015-01-04,2015-12-27,2016-01-03 00:00:00+00:00,2016-01-03,2016-03-20,demand-v2-provisional,provisional
JP,accommodation_staycation,train,2,2015-01-11,2016-01-03,2016-01-10 00:00:00+00:00,2016-01-10,2016-03-27,demand-v2-provisional,provisional
JP,accommodation_staycation,train,3,2015-01-18,2016-01-10,2016-01-17 00:00:00+00:00,2016-01-17,2016-04-03,demand-v2-provisional,provisional
JP,accommodation_staycation,train,4,2015-01-25,2016-01-17,2016-01-24 00:00:00+00:00,2016-01-24,2016-04-10,demand-v2-provisional,provisional
JP,accommodation_staycation,train,5,2015-02-01,2016-01-24,2016-01-31 00:00:00+00:00,2016-01-31,2016-04-17,demand-v2-provisional,provisional
JP,accommodation_staycation,train,6,2015-02-08,2016-01-31,2016-02-07 00:00:00+00:00,2016-02-07,2016-04-24,demand-v2-provisional,provisional
JP,accommodation_staycation,train,7,2015-02-15,2016-02-07,2016-02-14 00:00:00+00:00,2016-02-14,2016-05-01,demand-v2-provisional,provisional
JP,accommodation_staycation,train,8,2015-02-22,2016-02-14,2016-02-21 00:00:00+00:00,2016-02-21,2016-05-08,demand-v2-provisional,provisional
JP,accommodation_staycation,train,9,2015-03-01,2016-02-21,2016-02-28 00:00:00+00:00,2016-02-28,2016-05-15,demand-v2-provisional,provisional
JP,accommodation_staycation,train,10,2015-03-08,2016-02-28,2016-03-06 00:00:00+00:00,2016-03-06,2016-05-22,demand-v2-provisional,provisional
JP,accommodation_staycation,train,11,2015-03-15,2016-03-06,2016-03-13 00:00:00+00:00,2016-03-13,2016-05-29,demand-v2-provisional,provisional
JP,accommodation_staycation,train,12,2015-03-22,2016-03-13,2016-03-20 00:00:00+00:00,2016-03-20,2016-06-05,demand-v2-provisional,provisional
JP,accommodation_staycation,train,13,2015-03-29,2016-03-20,2016-03-27 00:00:00+00:00,2016-03-27,2016-06-12,demand-v2-provisional,provisional
JP,accommodation_staycation,train,14,2015-04-05,2016-03-27,2016-04-03 00:00:00+00:00,2016-04-03,2016-06-19,demand-v2-provisional,provisional
JP,accommodation_staycation,train,15,2015-04-12,2016-04-03,2016-04-10 00:00:00+00:00,2016-04-10,2016-06-26,demand-v2-provisional,provisional
JP,accommodation_staycation,train,16,2015-04-19,2016-04-10,2016-04-17 00:00:00+00:00,2016-04-17,2016-07-03,demand-v2-provisional,provisional
JP,accommodation_staycation,train,17,2015-04-26,2016-04-17,2016-04-24 00:00:00+00:00,2016-04-24,2016-07-10,demand-v2-provisional,provisional
JP,accommodation_staycation,train,18,2015-05-03,2016-04-24,2016-05-01 00:00:00+00:00,2016-05-01,2016-07-17,demand-v2-provisional,provisional
JP,accommodation_staycation,train,19,2015-05-10,2016-05-01,2016-05-08 00:00:00+00:00,2016-05-08,2016-07-24,demand-v2-provisional,provisional
JP,accommodation_staycation,train,20,2015-05-17,2016-05-08,2016-05-15 00:00:00+00:00,2016-05-15,2016-07-31,demand-v2-provisional,provisional
JP,accommodation_staycation,train,21,2015-05-24,2016-05-15,2016-05-22 00:00:00+00:00,2016-05-22,2016-08-07,demand-v2-provisional,provisional
JP,accommodation_staycation,train,22,2015-05-31,2016-05-22,2016-05-29 00:00:00+00:00,2016-05-29,2016-08-14,demand-v2-provisional,provisional
JP,accommodation_staycation,train,23,2015-06-07,2016-05-29,2016-06-05 00:00:00+00:00,2016-06-05,2016-08-21,demand-v2-provisional,provisional
JP,accommodation_staycation,train,24,2015-06-14,2016-06-05,2016-06-12 00:00:00+00:00,2016-06-12,2016-08-28,demand-v2-provisional,provisional
JP,accommodation_staycation,train,25,2015-06-21,2016-06-12,2016-06-19 00:00:00+00:00,2016-06-19,2016-09-04,demand-v2-provisional,provisional
JP,accommodation_staycation,train,26,2015-06-28,2016-06-19,2016-06-26 00:00:00+00:00,2016-06-26,2016-09-11,demand-v2-provisional,provisional
JP,accommodation_staycation,train,27,2015-07-05,2016-06-26,2016-07-03 00:00:00+00:00,2016-07-03,2016-09-18,demand-v2-provisional,provisional
JP,accommodation_staycation,train,28,2015-07-12,2016-07-03,2016-07-10 00:00:00+00:00,2016-07-10,2016-09-25,demand-v2-provisional,provisional
JP,accommodation_staycation,train,29,2015-07-19,2016-07-10,2016-07-17 00:00:00+00:00,2016-07-17,2016-10-02,demand-v2-provisional,provisional
JP,accommodation_staycation,train,30,2015-07-26,2016-07-17,2016-07-24 00:00:00+00:00,2016-07-24,2016-10-09,demand-v2-provisional,provisional
JP,accommodation_staycation,train,31,2015-08-02,2016-07-24,2016-07-31 00:00:00+00:00,2016-07-31,2016-10-16,demand-v2-provisional,provisional
JP,accommodation_staycation,train,32,2015-08-09,2016-07-31,2016-08-07 00:00:00+00:00,2016-08-07,2016-10-23,demand-v2-provisional,provisional
JP,accommodation_staycation,train,33,2015-08-16,2016-08-07,2016-08-14 00:00:00+00:00,2016-08-14,2016-10-30,demand-v2-provisional,provisional
JP,accommodation_staycation,train,34,2015-08-23,2016-08-14,2016-08-21 00:00:00+00:00,2016-08-21,2016-11-06,demand-v2-provisional,provisional
JP,accommodation_staycation,train,35,2015-08-30,2016-08-21,2016-08-28 00:00:00+00:00,2016-08-28,2016-11-13,demand-v2-provisional,provisional
JP,accommodation_staycation,train,36,2015-09-06,2016-08-28,2016-09-04 00:00:00+00:00,2016-09-04,2016-11-20,demand-v2-provisional,provisional
JP,accommodation_staycation,train,37,2015-09-13,2016-09-04,2016-09-11 00:00:00+00:00,2016-09-11,2016-11-27,demand-v2-provisional,provisional
JP,accommodation_staycation,train,38,2015-09-20,2016-09-11,2016-09-18 00:00:00+00:00,2016-09-18,2016-12-04,demand-v2-provisional,provisional
JP,accommodation_staycation,train,39,2015-09-27,2016-09-18,2016-09-25 00:00:00+00:00,2016-09-25,2016-12-11,demand-v2-provisional,provisional
JP,accommodation_staycation,train,40,2015-10-04,2016-09-25,2016-10-02 00:00:00+00:00,2016-10-02,2016-12-18,demand-v2-provisional,provisional
JP,accommodation_staycation,train,41,2015-10-11,2016-10-02,2016-10-09 00:00:00+00:00,2016-10-09,2016-12-25,demand-v2-provisional,provisional
JP,accommodation_staycation,train,42,2015-10-18,2016-10-09,2016-10-16 00:00:00+00:00,2016-10-16,2017-01-01,demand-v2-provisional,provisional
JP,accommodation_staycation,train,43,2015-10-25,2016-10-16,2016-10-23 00:00:00+00:00,2016-10-23,2017-01-08,demand-v2-provisional,provisional
JP,accommodation_staycation,train,44,2015-11-01,2016-10-23,2016-10-30 00:00:00+00:00,2016-10-30,2017-01-15,demand-v2-provisional,provisional
JP,accommodation_staycation,train,45,2015-11-08,2016-10-30,2016-11-06 00:00:00+00:00,2016-11-06,2017-01-22,demand-v2-provisional,provisional
JP,accommodation_staycation,train,46,2015-11-15,2016-11-06,2016-11-13 00:00:00+00:00,2016-11-13,2017-01-29,demand-v2-provisional,provisional
JP,accommodation_staycation,train,47,2015-11-22,2016-11-13,2016-11-20 00:00:00+00:00,2016-11-20,2017-02-05,demand-v2-provisional,provisional
JP,accommodation_staycation,train,48,2015-11-29,2016-11-20,2016-11-27 00:00:00+00:00,2016-11-27,2017-02-12,demand-v2-provisional,provisional
JP,accommodation_staycation,train,49,2015-12-06,2016-11-27,2016-12-04 00:00:00+00:00,2016-12-04,2017-02-19,demand-v2-provisional,provisional
JP,accommodation_staycation,train,50,2015-12-13,2016-12-04,2016-12-11 00:00:00+00:00,2016-12-11,2017-02-26,demand-v2-provisional,provisional
JP,accommodation_staycation,train,51,2015-12-20,2016-12-11,2016-12-18 00:00:00+00:00,2016-12-18,2017-03-05,demand-v2-provisional,provisional
JP,accommodation_staycation,train,52,2015-12-27,2016-12-18,2016-12-25 00:00:00+00:00,2016-12-25,2017-03-12,demand-v2-provisional,provisional
JP,accommodation_staycation,train,53,2016-01-03,2016-12-25,2017-01-01 00:00:00+00:00,2017-01-01,2017-03-19,demand-v2-provisional,provisional
JP,accommodation_staycation,train,54,2016-01-10,2017-01-01,2017-01-08 00:00:00+00:00,2017-01-08,2017-03-26,demand-v2-provisional,provisional
JP,accommodation_staycation,train,55,2016-01-17,2017-01-08,2017-01-15 00:00:00+00:00,2017-01-15,2017-04-02,demand-v2-provisional,provisional
JP,accommodation_staycation,train,56,2016-01-24,2017-01-15,2017-01-22 00:00:00+00:00,2017-01-22,2017-04-09,demand-v2-provisional,provisional
JP,accommodation_staycation,train,57,2016-01-31,2017-01-22,2017-01-29 00:00:00+00:00,2017-01-29,2017-04-16,demand-v2-provisional,provisional
JP,accommodation_staycation,train,58,2016-02-07,2017-01-29,2017-02-05 00:00:00+00:00,2017-02-05,2017-04-23,demand-v2-provisional,provisional
JP,accommodation_staycation,train,59,2016-02-14,2017-02-05,2017-02-12 00:00:00+00:00,2017-02-12,2017-04-30,demand-v2-provisional,provisional
JP,accommodation_staycation,train,60,2016-02-21,2017-02-12,2017-02-19 00:00:00+00:00,2017-02-19,2017-05-07,demand-v2-provisional,provisional
JP,accommodation_staycation,train,61,2016-02-28,2017-02-19,2017-02-26 00:00:00+00:00,2017-02-26,2017-05-14,demand-v2-provisional,provisional
JP,accommodation_staycation,train,62,2016-03-06,2017-02-26,2017-03-05 00:00:00+00:00,2017-03-05,2017-05-21,demand-v2-provisional,provisional
JP,accommodation_staycation,train,63,2016-03-13,2017-03-05,2017-03-12 00:00:00+00:00,2017-03-12,2017-05-28,demand-v2-provisional,provisional
JP,accommodation_staycation,train,64,2016-03-20,2017-03-12,2017-03-19 00:00:00+00:00,2017-03-19,2017-06-04,demand-v2-provisional,provisional
JP,accommodation_staycation,train,65,2016-03-27,2017-03-19,2017-03-26 00:00:00+00:00,2017-03-26,2017-06-11,demand-v2-provisional,provisional
JP,accommodation_staycation,train,66,2016-04-03,2017-03-26,2017-04-02 00:00:00+00:00,2017-04-02,2017-06-18,demand-v2-provisional,provisional
JP,accommodation_staycation,train,67,2016-04-10,2017-04-02,2017-04-09 00:00:00+00:00,2017-04-09,2017-06-25,demand-v2-provisional,provisional
JP,accommodation_staycation,train,68,2016-04-17,2017-04-09,2017-04-16 00:00:00+00:00,2017-04-16,2017-07-02,demand-v2-provisional,provisional
JP,accommodation_staycation,train,69,2016-04-24,2017-04-16,2017-04-23 00:00:00+00:00,2017-04-23,2017-07-09,demand-v2-provisional,provisional
JP,accommodation_staycation,train,70,2016-05-01,2017-04-23,2017-04-30 00:00:00+00:00,2017-04-30,2017-07-16,demand-v2-provisional,provisional
JP,accommodation_staycation,train,71,2016-05-08,2017-04-30,2017-05-07 00:00:00+00:00,2017-05-07,2017-07-23,demand-v2-provisional,provisional
JP,accommodation_staycation,train,72,2016-05-15,2017-05-07,2017-05-14 00:00:00+00:00,2017-05-14,2017-07-30,demand-v2-provisional,provisional
JP,accommodation_staycation,train,73,2016-05-22,2017-05-14,2017-05-21 00:00:00+00:00,2017-05-21,2017-08-06,demand-v2-provisional,provisional
JP,accommodation_staycation,train,74,2016-05-29,2017-05-21,2017-05-28 00:00:00+00:00,2017-05-28,2017-08-13,demand-v2-provisional,provisional
JP,accommodation_staycation,train,75,2016-06-05,2017-05-28,2017-06-04 00:00:00+00:00,2017-06-04,2017-08-20,demand-v2-provisional,provisional
JP,accommodation_staycation,train,76,2016-06-12,2017-06-04,2017-06-11 00:00:00+00:00,2017-06-11,2017-08-27,demand-v2-provisional,provisional
JP,accommodation_staycation,train,77,2016-06-19,2017-06-11,2017-06-18 00:00:00+00:00,2017-06-18,2017-09-03,demand-v2-provisional,provisional
JP,accommodation_staycation,train,78,2016-06-26,2017-06-18,2017-06-25 00:00:00+00:00,2017-06-25,2017-09-10,demand-v2-provisional,provisional
JP,accommodation_staycation,train,79,2016-07-03,2017-06-25,2017-07-02 00:00:00+00:00,2017-07-02,2017-09-17,demand-v2-provisional,provisional
JP,accommodation_staycation,train,80,2016-07-10,2017-07-02,2017-07-09 00:00:00+00:00,2017-07-09,2017-09-24,demand-v2-provisional,provisional
JP,accommodation_staycation,train,81,2016-07-17,2017-07-09,2017-07-16 00:00:00+00:00,2017-07-16,2017-10-01,demand-v2-provisional,provisional
JP,accommodation_staycation,train,82,2016-07-24,2017-07-16,2017-07-23 00:00:00+00:00,2017-07-23,2017-10-08,demand-v2-provisional,provisional
JP,accommodation_staycation,train,83,2016-07-31,2017-07-23,2017-07-30 00:00:00+00:00,2017-07-30,2017-10-15,demand-v2-provisional,provisional
JP,accommodation_staycation,train,84,2016-08-07,2017-07-30,2017-08-06 00:00:00+00:00,2017-08-06,2017-10-22,demand-v2-provisional,provisional
JP,accommodation_staycation,train,85,2016-08-14,2017-08-06,2017-08-13 00:00:00+00:00,2017-08-13,2017-10-29,demand-v2-provisional,provisional
JP,accommodation_staycation,train,86,2016-08-21,2017-08-13,2017-08-20 00:00:00+00:00,2017-08-20,2017-11-05,demand-v2-provisional,provisional
JP,accommodation_staycation,train,87,2016-08-28,2017-08-20,2017-08-27 00:00:00+00:00,2017-08-27,2017-11-12,demand-v2-provisional,provisional
JP,accommodation_staycation,train,88,2016-09-04,2017-08-27,2017-09-03 00:00:00+00:00,2017-09-03,2017-11-19,demand-v2-provisional,provisional
JP,accommodation_staycation,train,89,2016-09-11,2017-09-03,2017-09-10 00:00:00+00:00,2017-09-10,2017-11-26,demand-v2-provisional,provisional
JP,accommodation_staycation,train,90,2016-09-18,2017-09-10,2017-09-17 00:00:00+00:00,2017-09-17,2017-12-03,demand-v2-provisional,provisional
JP,accommodation_staycation,train,91,2016-09-25,2017-09-17,2017-09-24 00:00:00+00:00,2017-09-24,2017-12-10,demand-v2-provisional,provisional
JP,accommodation_staycation,train,92,2016-10-02,2017-09-24,2017-10-01 00:00:00+00:00,2017-10-01,2017-12-17,demand-v2-provisional,provisional
JP,accommodation_staycation,train,93,2016-10-09,2017-10-01,2017-10-08 00:00:00+00:00,2017-10-08,2017-12-24,demand-v2-provisional,provisional
JP,accommodation_staycation,train,94,2016-10-16,2017-10-08,2017-10-15 00:00:00+00:00,2017-10-15,2017-12-31,demand-v2-provisional,provisional
JP,accommodation_staycation,train,95,2016-10-23,2017-10-15,2017-10-22 00:00:00+00:00,2017-10-22,2018-01-07,demand-v2-provisional,provisional
JP,accommodation_staycation,train,96,2016-10-30,2017-10-22,2017-10-29 00:00:00+00:00,2017-10-29,2018-01-14,demand-v2-provisional,provisional
JP,accommodation_staycation,train,97,2016-11-06,2017-10-29,2017-11-05 00:00:00+00:00,2017-11-05,2018-01-21,demand-v2-provisional,provisional
JP,accommodation_staycation,train,98,2016-11-13,2017-11-05,2017-11-12 00:00:00+00:00,2017-11-12,2018-01-28,demand-v2-provisional,provisional
JP,accommodation_staycation,train,99,2016-11-20,2017-11-12,2017-11-19 00:00:00+00:00,2017-11-19,2018-02-04,demand-v2-provisional,provisional
JP,accommodation_staycation,train,100,2016-11-27,2017-11-19,2017-11-26 00:00:00+00:00,2017-11-26,2018-02-11,demand-v2-provisional,provisional
JP,accommodation_staycation,train,101,2016-12-04,2017-11-26,2017-12-03 00:00:00+00:00,2017-12-03,2018-02-18,demand-v2-provisional,provisional
JP,accommodation_staycation,train,102,2016-12-11,2017-12-03,2017-12-10 00:00:00+00:00,2017-12-10,2018-02-25,demand-v2-provisional,provisional
JP,accommodation_staycation,train,103,2016-12-18,2017-12-10,2017-12-17 00:00:00+00:00,2017-12-17,2018-03-04,demand-v2-provisional,provisional
JP,accommodation_staycation,train,104,2016-12-25,2017-12-17,2017-12-24 00:00:00+00:00,2017-12-24,2018-03-11,demand-v2-provisional,provisional
JP,accommodation_staycation,train,105,2017-01-01,2017-12-24,2017-12-31 00:00:00+00:00,2017-12-31,2018-03-18,demand-v2-provisional,provisional
JP,accommodation_staycation,train,106,2017-01-08,2017-12-31,2018-01-07 00:00:00+00:00,2018-01-07,2018-03-25,demand-v2-provisional,provisional
JP,accommodation_staycation,train,107,2017-01-15,2018-01-07,2018-01-14 00:00:00+00:00,2018-01-14,2018-04-01,demand-v2-provisional,provisional
JP,accommodation_staycation,train,108,2017-01-22,2018-01-14,2018-01-21 00:00:00+00:00,2018-01-21,2018-04-08,demand-v2-provisional,provisional
JP,accommodation_staycation,train,109,2017-01-29,2018-01-21,2018-01-28 00:00:00+00:00,2018-01-28,2018-04-15,demand-v2-provisional,provisional
JP,accommodation_staycation,train,110,2017-02-05,2018-01-28,2018-02-04 00:00:00+00:00,2018-02-04,2018-04-22,demand-v2-provisional,provisional
JP,accommodation_staycation,train,111,2017-02-12,2018-02-04,2018-02-11 00:00:00+00:00,2018-02-11,2018-04-29,demand-v2-provisional,provisional
JP,accommodation_staycation,train,112,2017-02-19,2018-02-11,2018-02-18 00:00:00+00:00,2018-02-18,2018-05-06,demand-v2-provisional,provisional
JP,accommodation_staycation,train,113,2017-02-26,2018-02-18,2018-02-25 00:00:00+00:00,2018-02-25,2018-05-13,demand-v2-provisional,provisional
JP,accommodation_staycation,train,114,2017-03-05,2018-02-25,2018-03-04 00:00:00+00:00,2018-03-04,2018-05-20,demand-v2-provisional,provisional
JP,accommodation_staycation,train,115,2017-03-12,2018-03-04,2018-03-11 00:00:00+00:00,2018-03-11,2018-05-27,demand-v2-provisional,provisional
JP,accommodation_staycation,train,116,2017-03-19,2018-03-11,2018-03-18 00:00:00+00:00,2018-03-18,2018-06-03,demand-v2-provisional,provisional
JP,accommodation_staycation,train,117,2017-03-26,2018-03-18,2018-03-25 00:00:00+00:00,2018-03-25,2018-06-10,demand-v2-provisional,provisional
JP,accommodation_staycation,train,118,2017-04-02,2018-03-25,2018-04-01 00:00:00+00:00,2018-04-01,2018-06-17,demand-v2-provisional,provisional
JP,accommodation_staycation,train,119,2017-04-09,2018-04-01,2018-04-08 00:00:00+00:00,2018-04-08,2018-06-24,demand-v2-provisional,provisional
JP,accommodation_staycation,train,120,2017-04-16,2018-04-08,2018-04-15 00:00:00+00:00,2018-04-15,2018-07-01,demand-v2-provisional,provisional
JP,accommodation_staycation,train,121,2017-04-23,2018-04-15,2018-04-22 00:00:00+00:00,2018-04-22,2018-07-08,demand-v2-provisional,provisional
JP,accommodation_staycation,train,122,2017-04-30,2018-04-22,2018-04-29 00:00:00+00:00,2018-04-29,2018-07-15,demand-v2-provisional,provisional
JP,accommodation_staycation,train,123,2017-05-07,2018-04-29,2018-05-06 00:00:00+00:00,2018-05-06,2018-07-22,demand-v2-provisional,provisional
JP,accommodation_staycation,train,124,2017-05-14,2018-05-06,2018-05-13 00:00:00+00:00,2018-05-13,2018-07-29,demand-v2-provisional,provisional
JP,accommodation_staycation,train,125,2017-05-21,2018-05-13,2018-05-20 00:00:00+00:00,2018-05-20,2018-08-05,demand-v2-provisional,provisional
JP,accommodation_staycation,train,126,2017-05-28,2018-05-20,2018-05-27 00:00:00+00:00,2018-05-27,2018-08-12,demand-v2-provisional,provisional
JP,accommodation_staycation,train,127,2017-06-04,2018-05-27,2018-06-03 00:00:00+00:00,2018-06-03,2018-08-19,demand-v2-provisional,provisional
JP,accommodation_staycation,train,128,2017-06-11,2018-06-03,2018-06-10 00:00:00+00:00,2018-06-10,2018-08-26,demand-v2-provisional,provisional
JP,accommodation_staycation,train,129,2017-06-18,2018-06-10,2018-06-17 00:00:00+00:00,2018-06-17,2018-09-02,demand-v2-provisional,provisional
JP,accommodation_staycation,train,130,2017-06-25,2018-06-17,2018-06-24 00:00:00+00:00,2018-06-24,2018-09-09,demand-v2-provisional,provisional
JP,accommodation_staycation,train,131,2017-07-02,2018-06-24,2018-07-01 00:00:00+00:00,2018-07-01,2018-09-16,demand-v2-provisional,provisional
JP,accommodation_staycation,train,132,2017-07-09,2018-07-01,2018-07-08 00:00:00+00:00,2018-07-08,2018-09-23,demand-v2-provisional,provisional
JP,accommodation_staycation,train,133,2017-07-16,2018-07-08,2018-07-15 00:00:00+00:00,2018-07-15,2018-09-30,demand-v2-provisional,provisional
JP,accommodation_staycation,train,134,2017-07-23,2018-07-15,2018-07-22 00:00:00+00:00,2018-07-22,2018-10-07,demand-v2-provisional,provisional
JP,accommodation_staycation,train,135,2017-07-30,2018-07-22,2018-07-29 00:00:00+00:00,2018-07-29,2018-10-14,demand-v2-provisional,provisional
JP,accommodation_staycation,train,136,2017-08-06,2018-07-29,2018-08-05 00:00:00+00:00,2018-08-05,2018-10-21,demand-v2-provisional,provisional
JP,accommodation_staycation,train,137,2017-08-13,2018-08-05,2018-08-12 00:00:00+00:00,2018-08-12,2018-10-28,demand-v2-provisional,provisional
JP,accommodation_staycation,train,138,2017-08-20,2018-08-12,2018-08-19 00:00:00+00:00,2018-08-19,2018-11-04,demand-v2-provisional,provisional
JP,accommodation_staycation,train,139,2017-08-27,2018-08-19,2018-08-26 00:00:00+00:00,2018-08-26,2018-11-11,demand-v2-provisional,provisional
JP,accommodation_staycation,train,140,2017-09-03,2018-08-26,2018-09-02 00:00:00+00:00,2018-09-02,2018-11-18,demand-v2-provisional,provisional
JP,accommodation_staycation,train,141,2017-09-10,2018-09-02,2018-09-09 00:00:00+00:00,2018-09-09,2018-11-25,demand-v2-provisional,provisional
JP,accommodation_staycation,train,142,2017-09-17,2018-09-09,2018-09-16 00:00:00+00:00,2018-09-16,2018-12-02,demand-v2-provisional,provisional
JP,accommodation_staycation,train,143,2017-09-24,2018-09-16,2018-09-23 00:00:00+00:00,2018-09-23,2018-12-09,demand-v2-provisional,provisional
JP,accommodation_staycation,train,144,2017-10-01,2018-09-23,2018-09-30 00:00:00+00:00,2018-09-30,2018-12-16,demand-v2-provisional,provisional
JP,accommodation_staycation,train,145,2017-10-08,2018-09-30,2018-10-07 00:00:00+00:00,2018-10-07,2018-12-23,demand-v2-provisional,provisional
JP,accommodation_staycation,train,146,2017-10-15,2018-10-07,2018-10-14 00:00:00+00:00,2018-10-14,2018-12-30,demand-v2-provisional,provisional
JP,accommodation_staycation,train,147,2017-10-22,2018-10-14,2018-10-21 00:00:00+00:00,2018-10-21,2019-01-06,demand-v2-provisional,provisional
JP,accommodation_staycation,train,148,2017-10-29,2018-10-21,2018-10-28 00:00:00+00:00,2018-10-28,2019-01-13,demand-v2-provisional,provisional
JP,accommodation_staycation,train,149,2017-11-05,2018-10-28,2018-11-04 00:00:00+00:00,2018-11-04,2019-01-20,demand-v2-provisional,provisional
JP,accommodation_staycation,train,150,2017-11-12,2018-11-04,2018-11-11 00:00:00+00:00,2018-11-11,2019-01-27,demand-v2-provisional,provisional
JP,accommodation_staycation,train,151,2017-11-19,2018-11-11,2018-11-18 00:00:00+00:00,2018-11-18,2019-02-03,demand-v2-provisional,provisional
JP,accommodation_staycation,train,152,2017-11-26,2018-11-18,2018-11-25 00:00:00+00:00,2018-11-25,2019-02-10,demand-v2-provisional,provisional
JP,accommodation_staycation,train,153,2017-12-03,2018-11-25,2018-12-02 00:00:00+00:00,2018-12-02,2019-02-17,demand-v2-provisional,provisional
JP,accommodation_staycation,train,154,2017-12-10,2018-12-02,2018-12-09 00:00:00+00:00,2018-12-09,2019-02-24,demand-v2-provisional,provisional
JP,accommodation_staycation,train,155,2017-12-17,2018-12-09,2018-12-16 00:00:00+00:00,2018-12-16,2019-03-03,demand-v2-provisional,provisional
JP,accommodation_staycation,train,156,2017-12-24,2018-12-16,2018-12-23 00:00:00+00:00,2018-12-23,2019-03-10,demand-v2-provisional,provisional
JP,accommodation_staycation,train,157,2017-12-31,2018-12-23,2018-12-30 00:00:00+00:00,2018-12-30,2019-03-17,demand-v2-provisional,provisional
JP,accommodation_staycation,train,158,2018-01-07,2018-12-30,2019-01-06 00:00:00+00:00,2019-01-06,2019-03-24,demand-v2-provisional,provisional
JP,accommodation_staycation,train,159,2018-01-14,2019-01-06,2019-01-13 00:00:00+00:00,2019-01-13,2019-03-31,demand-v2-provisional,provisional
JP,accommodation_staycation,train,160,2018-01-21,2019-01-13,2019-01-20 00:00:00+00:00,2019-01-20,2019-04-07,demand-v2-provisional,provisional
JP,accommodation_staycation,train,161,2018-01-28,2019-01-20,2019-01-27 00:00:00+00:00,2019-01-27,2019-04-14,demand-v2-provisional,provisional
JP,accommodation_staycation,train,162,2018-02-04,2019-01-27,2019-02-03 00:00:00+00:00,2019-02-03,2019-04-21,demand-v2-provisional,provisional
JP,accommodation_staycation,train,163,2018-02-11,2019-02-03,2019-02-10 00:00:00+00:00,2019-02-10,2019-04-28,demand-v2-provisional,provisional
JP,accommodation_staycation,train,164,2018-02-18,2019-02-10,2019-02-17 00:00:00+00:00,2019-02-17,2019-05-05,demand-v2-provisional,provisional
JP,accommodation_staycation,train,165,2018-02-25,2019-02-17,2019-02-24 00:00:00+00:00,2019-02-24,2019-05-12,demand-v2-provisional,provisional
JP,accommodation_staycation,train,166,2018-03-04,2019-02-24,2019-03-03 00:00:00+00:00,2019-03-03,2019-05-19,demand-v2-provisional,provisional
JP,accommodation_staycation,train,167,2018-03-11,2019-03-03,2019-03-10 00:00:00+00:00,2019-03-10,2019-05-26,demand-v2-provisional,provisional
JP,accommodation_staycation,train,168,2018-03-18,2019-03-10,2019-03-17 00:00:00+00:00,2019-03-17,2019-06-02,demand-v2-provisional,provisional
JP,accommodation_staycation,train,169,2018-03-25,2019-03-17,2019-03-24 00:00:00+00:00,2019-03-24,2019-06-09,demand-v2-provisional,provisional
JP,accommodation_staycation,train,170,2018-04-01,2019-03-24,2019-03-31 00:00:00+00:00,2019-03-31,2019-06-16,demand-v2-provisional,provisional
JP,accommodation_staycation,train,171,2018-04-08,2019-03-31,2019-04-07 00:00:00+00:00,2019-04-07,2019-06-23,demand-v2-provisional,provisional
JP,accommodation_staycation,train,172,2018-04-15,2019-04-07,2019-04-14 00:00:00+00:00,2019-04-14,2019-06-30,demand-v2-provisional,provisional
JP,accommodation_staycation,train,173,2018-04-22,2019-04-14,2019-04-21 00:00:00+00:00,2019-04-21,2019-07-07,demand-v2-provisional,provisional
JP,accommodation_staycation,train,174,2018-04-29,2019-04-21,2019-04-28 00:00:00+00:00,2019-04-28,2019-07-14,demand-v2-provisional,provisional
JP,accommodation_staycation,train,175,2018-05-06,2019-04-28,2019-05-05 00:00:00+00:00,2019-05-05,2019-07-21,demand-v2-provisional,provisional
JP,accommodation_staycation,train,176,2018-05-13,2019-05-05,2019-05-12 00:00:00+00:00,2019-05-12,2019-07-28,demand-v2-provisional,provisional
JP,accommodation_staycation,train,177,2018-05-20,2019-05-12,2019-05-19 00:00:00+00:00,2019-05-19,2019-08-04,demand-v2-provisional,provisional
JP,accommodation_staycation,train,178,2018-05-27,2019-05-19,2019-05-26 00:00:00+00:00,2019-05-26,2019-08-11,demand-v2-provisional,provisional
JP,accommodation_staycation,train,179,2018-06-03,2019-05-26,2019-06-02 00:00:00+00:00,2019-06-02,2019-08-18,demand-v2-provisional,provisional
JP,accommodation_staycation,train,180,2018-06-10,2019-06-02,2019-06-09 00:00:00+00:00,2019-06-09,2019-08-25,demand-v2-provisional,provisional
JP,accommodation_staycation,train,181,2018-06-17,2019-06-09,2019-06-16 00:00:00+00:00,2019-06-16,2019-09-01,demand-v2-provisional,provisional
JP,accommodation_staycation,train,182,2018-06-24,2019-06-16,2019-06-23 00:00:00+00:00,2019-06-23,2019-09-08,demand-v2-provisional,provisional
JP,accommodation_staycation,train,183,2018-07-01,2019-06-23,2019-06-30 00:00:00+00:00,2019-06-30,2019-09-15,demand-v2-provisional,provisional
JP,accommodation_staycation,train,184,2018-07-08,2019-06-30,2019-07-07 00:00:00+00:00,2019-07-07,2019-09-22,demand-v2-provisional,provisional
JP,accommodation_staycation,train,185,2018-07-15,2019-07-07,2019-07-14 00:00:00+00:00,2019-07-14,2019-09-29,demand-v2-provisional,provisional
JP,accommodation_staycation,train,186,2018-07-22,2019-07-14,2019-07-21 00:00:00+00:00,2019-07-21,2019-10-06,demand-v2-provisional,provisional
JP,accommodation_staycation,train,187,2018-07-29,2019-07-21,2019-07-28 00:00:00+00:00,2019-07-28,2019-10-13,demand-v2-provisional,provisional
JP,accommodation_staycation,train,188,2018-08-05,2019-07-28,2019-08-04 00:00:00+00:00,2019-08-04,2019-10-20,demand-v2-provisional,provisional
JP,accommodation_staycation,train,189,2018-08-12,2019-08-04,2019-08-11 00:00:00+00:00,2019-08-11,2019-10-27,demand-v2-provisional,provisional
JP,accommodation_staycation,train,190,2018-08-19,2019-08-11,2019-08-18 00:00:00+00:00,2019-08-18,2019-11-03,demand-v2-provisional,provisional
JP,accommodation_staycation,train,191,2018-08-26,2019-08-18,2019-08-25 00:00:00+00:00,2019-08-25,2019-11-10,demand-v2-provisional,provisional
JP,accommodation_staycation,train,192,2018-09-02,2019-08-25,2019-09-01 00:00:00+00:00,2019-09-01,2019-11-17,demand-v2-provisional,provisional
JP,accommodation_staycation,train,193,2018-09-09,2019-09-01,2019-09-08 00:00:00+00:00,2019-09-08,2019-11-24,demand-v2-provisional,provisional
JP,accommodation_staycation,train,194,2018-09-16,2019-09-08,2019-09-15 00:00:00+00:00,2019-09-15,2019-12-01,demand-v2-provisional,provisional
JP,accommodation_staycation,train,195,2018-09-23,2019-09-15,2019-09-22 00:00:00+00:00,2019-09-22,2019-12-08,demand-v2-provisional,provisional
JP,accommodation_staycation,train,196,2018-09-30,2019-09-22,2019-09-29 00:00:00+00:00,2019-09-29,2019-12-15,demand-v2-provisional,provisional
JP,accommodation_staycation,train,197,2018-10-07,2019-09-29,2019-10-06 00:00:00+00:00,2019-10-06,2019-12-22,demand-v2-provisional,provisional
JP,accommodation_staycation,train,198,2023-01-01,2023-12-24,2023-12-31 00:00:00+00:00,2023-12-31,2024-03-17,demand-v2-provisional,provisional
JP,accommodation_staycation,train,199,2023-01-08,2023-12-31,2024-01-07 00:00:00+00:00,2024-01-07,2024-03-24,demand-v2-provisional,provisional
JP,accommodation_staycation,train,200,2023-01-15,2024-01-07,2024-01-14 00:00:00+00:00,2024-01-14,2024-03-31,demand-v2-provisional,provisional
JP,accommodation_staycation,train,201,2023-01-22,2024-01-14,2024-01-21 00:00:00+00:00,2024-01-21,2024-04-07,demand-v2-provisional,provisional
JP,accommodation_staycation,train,202,2023-01-29,2024-01-21,2024-01-28 00:00:00+00:00,2024-01-28,2024-04-14,demand-v2-provisional,provisional
JP,accommodation_staycation,train,203,2023-02-05,2024-01-28,2024-02-04 00:00:00+00:00,2024-02-04,2024-04-21,demand-v2-provisional,provisional
JP,accommodation_staycation,train,204,2023-02-12,2024-02-04,2024-02-11 00:00:00+00:00,2024-02-11,2024-04-28,demand-v2-provisional,provisional
JP,accommodation_staycation,train,205,2023-02-19,2024-02-11,2024-02-18 00:00:00+00:00,2024-02-18,2024-05-05,demand-v2-provisional,provisional
JP,accommodation_staycation,train,206,2023-02-26,2024-02-18,2024-02-25 00:00:00+00:00,2024-02-25,2024-05-12,demand-v2-provisional,provisional
JP,accommodation_staycation,train,207,2023-03-05,2024-02-25,2024-03-03 00:00:00+00:00,2024-03-03,2024-05-19,demand-v2-provisional,provisional
JP,accommodation_staycation,validation,0,2023-05-28,2024-05-19,2024-05-26 00:00:00+00:00,2024-05-26,2024-08-11,demand-v2-provisional,provisional
JP,accommodation_staycation,validation,1,2023-06-04,2024-05-26,2024-06-02 00:00:00+00:00,2024-06-02,2024-08-18,demand-v2-provisional,provisional
JP,accommodation_staycation,validation,2,2023-06-11,2024-06-02,2024-06-09 00:00:00+00:00,2024-06-09,2024-08-25,demand-v2-provisional,provisional
JP,accommodation_staycation,validation,3,2023-06-18,2024-06-09,2024-06-16 00:00:00+00:00,2024-06-16,2024-09-01,demand-v2-provisional,provisional
JP,accommodation_staycation,validation,4,2023-06-25,2024-06-16,2024-06-23 00:00:00+00:00,2024-06-23,2024-09-08,demand-v2-provisional,provisional
JP,accommodation_staycation,validation,5,2023-07-02,2024-06-23,2024-06-30 00:00:00+00:00,2024-06-30,2024-09-15,demand-v2-provisional,provisional
JP,accommodation_staycation,validation,6,2023-07-09,2024-06-30,2024-07-07 00:00:00+00:00,2024-07-07,2024-09-22,demand-v2-provisional,provisional
JP,accommodation_staycation,validation,7,2023-07-16,2024-07-07,2024-07-14 00:00:00+00:00,2024-07-14,2024-09-29,demand-v2-provisional,provisional
JP,accommodation_staycation,validation,8,2023-07-23,2024-07-14,2024-07-21 00:00:00+00:00,2024-07-21,2024-10-06,demand-v2-provisional,provisional
JP,accommodation_staycation,validation,9,2023-07-30,2024-07-21,2024-07-28 00:00:00+00:00,2024-07-28,2024-10-13,demand-v2-provisional,provisional
JP,accommodation_staycation,validation,10,2023-08-06,2024-07-28,2024-08-04 00:00:00+00:00,2024-08-04,2024-10-20,demand-v2-provisional,provisional
JP,accommodation_staycation,validation,11,2023-08-13,2024-08-04,2024-08-11 00:00:00+00:00,2024-08-11,2024-10-27,demand-v2-provisional,provisional
JP,accommodation_staycation,validation,12,2023-08-20,2024-08-11,2024-08-18 00:00:00+00:00,2024-08-18,2024-11-03,demand-v2-provisional,provisional
JP,accommodation_staycation,validation,13,2023-08-27,2024-08-18,2024-08-25 00:00:00+00:00,2024-08-25,2024-11-10,demand-v2-provisional,provisional
JP,accommodation_staycation,validation,14,2023-09-03,2024-08-25,2024-09-01 00:00:00+00:00,2024-09-01,2024-11-17,demand-v2-provisional,provisional
JP,accommodation_staycation,validation,15,2023-09-10,2024-09-01,2024-09-08 00:00:00+00:00,2024-09-08,2024-11-24,demand-v2-provisional,provisional
JP,accommodation_staycation,validation,16,2023-09-17,2024-09-08,2024-09-15 00:00:00+00:00,2024-09-15,2024-12-01,demand-v2-provisional,provisional
JP,accommodation_staycation,validation,17,2023-09-24,2024-09-15,2024-09-22 00:00:00+00:00,2024-09-22,2024-12-08,demand-v2-provisional,provisional
JP,accommodation_staycation,validation,18,2023-10-01,2024-09-22,2024-09-29 00:00:00+00:00,2024-09-29,2024-12-15,demand-v2-provisional,provisional
JP,accommodation_staycation,validation,19,2023-10-08,2024-09-29,2024-10-06 00:00:00+00:00,2024-10-06,2024-12-22,demand-v2-provisional,provisional
JP,accommodation_staycation,validation,20,2023-10-15,2024-10-06,2024-10-13 00:00:00+00:00,2024-10-13,2024-12-29,demand-v2-provisional,provisional
JP,accommodation_staycation,validation,21,2023-10-22,2024-10-13,2024-10-20 00:00:00+00:00,2024-10-20,2025-01-05,demand-v2-provisional,provisional
JP,accommodation_staycation,validation,22,2023-10-29,2024-10-20,2024-10-27 00:00:00+00:00,2024-10-27,2025-01-12,demand-v2-provisional,provisional
JP,accommodation_staycation,validation,23,2023-11-05,2024-10-27,2024-11-03 00:00:00+00:00,2024-11-03,2025-01-19,demand-v2-provisional,provisional
JP,accommodation_staycation,validation,24,2023-11-12,2024-11-03,2024-11-10 00:00:00+00:00,2024-11-10,2025-01-26,demand-v2-provisional,provisional
JP,accommodation_staycation,validation,25,2023-11-19,2024-11-10,2024-11-17 00:00:00+00:00,2024-11-17,2025-02-02,demand-v2-provisional,provisional
JP,accommodation_staycation,validation,26,2023-11-26,2024-11-17,2024-11-24 00:00:00+00:00,2024-11-24,2025-02-09,demand-v2-provisional,provisional
JP,accommodation_staycation,validation,27,2023-12-03,2024-11-24,2024-12-01 00:00:00+00:00,2024-12-01,2025-02-16,demand-v2-provisional,provisional
JP,accommodation_staycation,validation,28,2023-12-10,2024-12-01,2024-12-08 00:00:00+00:00,2024-12-08,2025-02-23,demand-v2-provisional,provisional
JP,accommodation_staycation,validation,29,2023-12-17,2024-12-08,2024-12-15 00:00:00+00:00,2024-12-15,2025-03-02,demand-v2-provisional,provisional
JP,accommodation_staycation,validation,30,2023-12-24,2024-12-15,2024-12-22 00:00:00+00:00,2024-12-22,2025-03-09,demand-v2-provisional,provisional
JP,accommodation_staycation,test,0,2024-03-17,2025-03-09,2025-03-16 00:00:00+00:00,2025-03-16,2025-06-01,demand-v2-provisional,provisional
JP,accommodation_staycation,test,1,2024-03-24,2025-03-16,2025-03-23 00:00:00+00:00,2025-03-23,2025-06-08,demand-v2-provisional,provisional
JP,accommodation_staycation,test,2,2024-03-31,2025-03-23,2025-03-30 00:00:00+00:00,2025-03-30,2025-06-15,demand-v2-provisional,provisional
JP,accommodation_staycation,test,3,2024-04-07,2025-03-30,2025-04-06 00:00:00+00:00,2025-04-06,2025-06-22,demand-v2-provisional,provisional
JP,accommodation_staycation,test,4,2024-04-14,2025-04-06,2025-04-13 00:00:00+00:00,2025-04-13,2025-06-29,demand-v2-provisional,provisional
JP,accommodation_staycation,test,5,2024-04-21,2025-04-13,2025-04-20 00:00:00+00:00,2025-04-20,2025-07-06,demand-v2-provisional,provisional
JP,accommodation_staycation,test,6,2024-04-28,2025-04-20,2025-04-27 00:00:00+00:00,2025-04-27,2025-07-13,demand-v2-provisional,provisional
JP,accommodation_staycation,test,7,2024-05-05,2025-04-27,2025-05-04 00:00:00+00:00,2025-05-04,2025-07-20,demand-v2-provisional,provisional
JP,accommodation_staycation,test,8,2024-05-12,2025-05-04,2025-05-11 00:00:00+00:00,2025-05-11,2025-07-27,demand-v2-provisional,provisional
JP,accommodation_staycation,test,9,2024-05-19,2025-05-11,2025-05-18 00:00:00+00:00,2025-05-18,2025-08-03,demand-v2-provisional,provisional
JP,accommodation_staycation,test,10,2024-05-26,2025-05-18,2025-05-25 00:00:00+00:00,2025-05-25,2025-08-10,demand-v2-provisional,provisional
JP,accommodation_staycation,test,11,2024-06-02,2025-05-25,2025-06-01 00:00:00+00:00,2025-06-01,2025-08-17,demand-v2-provisional,provisional
JP,accommodation_staycation,test,12,2024-06-09,2025-06-01,2025-06-08 00:00:00+00:00,2025-06-08,2025-08-24,demand-v2-provisional,provisional
JP,accommodation_staycation,test,13,2024-06-16,2025-06-08,2025-06-15 00:00:00+00:00,2025-06-15,2025-08-31,demand-v2-provisional,provisional
JP,accommodation_staycation,test,14,2024-06-23,2025-06-15,2025-06-22 00:00:00+00:00,2025-06-22,2025-09-07,demand-v2-provisional,provisional
JP,accommodation_staycation,test,15,2024-06-30,2025-06-22,2025-06-29 00:00:00+00:00,2025-06-29,2025-09-14,demand-v2-provisional,provisional
JP,accommodation_staycation,test,16,2024-07-07,2025-06-29,2025-07-06 00:00:00+00:00,2025-07-06,2025-09-21,demand-v2-provisional,provisional
JP,accommodation_staycation,test,17,2024-07-14,2025-07-06,2025-07-13 00:00:00+00:00,2025-07-13,2025-09-28,demand-v2-provisional,provisional
JP,accommodation_staycation,test,18,2024-07-21,2025-07-13,2025-07-20 00:00:00+00:00,2025-07-20,2025-10-05,demand-v2-provisional,provisional
JP,accommodation_staycation,test,19,2024-07-28,2025-07-20,2025-07-27 00:00:00+00:00,2025-07-27,2025-10-12,demand-v2-provisional,provisional
JP,accommodation_staycation,test,20,2024-08-04,2025-07-27,2025-08-03 00:00:00+00:00,2025-08-03,2025-10-19,demand-v2-provisional,provisional
JP,accommodation_staycation,test,21,2024-08-11,2025-08-03,2025-08-10 00:00:00+00:00,2025-08-10,2025-10-26,demand-v2-provisional,provisional
JP,accommodation_staycation,test,22,2024-08-18,2025-08-10,2025-08-17 00:00:00+00:00,2025-08-17,2025-11-02,demand-v2-provisional,provisional
JP,accommodation_staycation,test,23,2024-08-25,2025-08-17,2025-08-24 00:00:00+00:00,2025-08-24,2025-11-09,demand-v2-provisional,provisional
JP,accommodation_staycation,test,24,2024-09-01,2025-08-24,2025-08-31 00:00:00+00:00,2025-08-31,2025-11-16,demand-v2-provisional,provisional
JP,accommodation_staycation,test,25,2024-09-08,2025-08-31,2025-09-07 00:00:00+00:00,2025-09-07,2025-11-23,demand-v2-provisional,provisional
JP,accommodation_staycation,test,26,2024-09-15,2025-09-07,2025-09-14 00:00:00+00:00,2025-09-14,2025-11-30,demand-v2-provisional,provisional
JP,accommodation_staycation,test,27,2024-09-22,2025-09-14,2025-09-21 00:00:00+00:00,2025-09-21,2025-12-07,demand-v2-provisional,provisional
JP,accommodation_staycation,test,28,2024-09-29,2025-09-21,2025-09-28 00:00:00+00:00,2025-09-28,2025-12-14,demand-v2-provisional,provisional
JP,accommodation_staycation,test,29,2024-10-06,2025-09-28,2025-10-05 00:00:00+00:00,2025-10-05,2025-12-21,demand-v2-provisional,provisional
JP,accommodation_staycation,test,30,2024-10-13,2025-10-05,2025-10-12 00:00:00+00:00,2025-10-12,2025-12-28,demand-v2-provisional,provisional
JP,adventure_nature,train,208,2014-12-28,2015-12-20,2015-12-27 00:00:00+00:00,2015-12-27,2016-03-13,demand-v2-provisional,provisional
JP,adventure_nature,train,209,2015-01-04,2015-12-27,2016-01-03 00:00:00+00:00,2016-01-03,2016-03-20,demand-v2-provisional,provisional
JP,adventure_nature,train,210,2015-01-11,2016-01-03,2016-01-10 00:00:00+00:00,2016-01-10,2016-03-27,demand-v2-provisional,provisional
JP,adventure_nature,train,211,2015-01-18,2016-01-10,2016-01-17 00:00:00+00:00,2016-01-17,2016-04-03,demand-v2-provisional,provisional
JP,adventure_nature,train,212,2015-01-25,2016-01-17,2016-01-24 00:00:00+00:00,2016-01-24,2016-04-10,demand-v2-provisional,provisional
JP,adventure_nature,train,213,2015-02-01,2016-01-24,2016-01-31 00:00:00+00:00,2016-01-31,2016-04-17,demand-v2-provisional,provisional
JP,adventure_nature,train,214,2015-02-08,2016-01-31,2016-02-07 00:00:00+00:00,2016-02-07,2016-04-24,demand-v2-provisional,provisional
JP,adventure_nature,train,215,2015-02-15,2016-02-07,2016-02-14 00:00:00+00:00,2016-02-14,2016-05-01,demand-v2-provisional,provisional
JP,adventure_nature,train,216,2015-02-22,2016-02-14,2016-02-21 00:00:00+00:00,2016-02-21,2016-05-08,demand-v2-provisional,provisional
JP,adventure_nature,train,217,2015-03-01,2016-02-21,2016-02-28 00:00:00+00:00,2016-02-28,2016-05-15,demand-v2-provisional,provisional
JP,adventure_nature,train,218,2015-03-08,2016-02-28,2016-03-06 00:00:00+00:00,2016-03-06,2016-05-22,demand-v2-provisional,provisional
JP,adventure_nature,train,219,2015-03-15,2016-03-06,2016-03-13 00:00:00+00:00,2016-03-13,2016-05-29,demand-v2-provisional,provisional
JP,adventure_nature,train,220,2015-03-22,2016-03-13,2016-03-20 00:00:00+00:00,2016-03-20,2016-06-05,demand-v2-provisional,provisional
JP,adventure_nature,train,221,2015-03-29,2016-03-20,2016-03-27 00:00:00+00:00,2016-03-27,2016-06-12,demand-v2-provisional,provisional
JP,adventure_nature,train,222,2015-04-05,2016-03-27,2016-04-03 00:00:00+00:00,2016-04-03,2016-06-19,demand-v2-provisional,provisional
JP,adventure_nature,train,223,2015-04-12,2016-04-03,2016-04-10 00:00:00+00:00,2016-04-10,2016-06-26,demand-v2-provisional,provisional
JP,adventure_nature,train,224,2015-04-19,2016-04-10,2016-04-17 00:00:00+00:00,2016-04-17,2016-07-03,demand-v2-provisional,provisional
JP,adventure_nature,train,225,2015-04-26,2016-04-17,2016-04-24 00:00:00+00:00,2016-04-24,2016-07-10,demand-v2-provisional,provisional
JP,adventure_nature,train,226,2015-05-03,2016-04-24,2016-05-01 00:00:00+00:00,2016-05-01,2016-07-17,demand-v2-provisional,provisional
JP,adventure_nature,train,227,2015-05-10,2016-05-01,2016-05-08 00:00:00+00:00,2016-05-08,2016-07-24,demand-v2-provisional,provisional
JP,adventure_nature,train,228,2015-05-17,2016-05-08,2016-05-15 00:00:00+00:00,2016-05-15,2016-07-31,demand-v2-provisional,provisional
JP,adventure_nature,train,229,2015-05-24,2016-05-15,2016-05-22 00:00:00+00:00,2016-05-22,2016-08-07,demand-v2-provisional,provisional
JP,adventure_nature,train,230,2015-05-31,2016-05-22,2016-05-29 00:00:00+00:00,2016-05-29,2016-08-14,demand-v2-provisional,provisional
JP,adventure_nature,train,231,2015-06-07,2016-05-29,2016-06-05 00:00:00+00:00,2016-06-05,2016-08-21,demand-v2-provisional,provisional
JP,adventure_nature,train,232,2015-06-14,2016-06-05,2016-06-12 00:00:00+00:00,2016-06-12,2016-08-28,demand-v2-provisional,provisional
JP,adventure_nature,train,233,2015-06-21,2016-06-12,2016-06-19 00:00:00+00:00,2016-06-19,2016-09-04,demand-v2-provisional,provisional
JP,adventure_nature,train,234,2015-06-28,2016-06-19,2016-06-26 00:00:00+00:00,2016-06-26,2016-09-11,demand-v2-provisional,provisional
JP,adventure_nature,train,235,2015-07-05,2016-06-26,2016-07-03 00:00:00+00:00,2016-07-03,2016-09-18,demand-v2-provisional,provisional
JP,adventure_nature,train,236,2015-07-12,2016-07-03,2016-07-10 00:00:00+00:00,2016-07-10,2016-09-25,demand-v2-provisional,provisional
JP,adventure_nature,train,237,2015-07-19,2016-07-10,2016-07-17 00:00:00+00:00,2016-07-17,2016-10-02,demand-v2-provisional,provisional
JP,adventure_nature,train,238,2015-07-26,2016-07-17,2016-07-24 00:00:00+00:00,2016-07-24,2016-10-09,demand-v2-provisional,provisional
JP,adventure_nature,train,239,2015-08-02,2016-07-24,2016-07-31 00:00:00+00:00,2016-07-31,2016-10-16,demand-v2-provisional,provisional
JP,adventure_nature,train,240,2015-08-09,2016-07-31,2016-08-07 00:00:00+00:00,2016-08-07,2016-10-23,demand-v2-provisional,provisional
JP,adventure_nature,train,241,2015-08-16,2016-08-07,2016-08-14 00:00:00+00:00,2016-08-14,2016-10-30,demand-v2-provisional,provisional
JP,adventure_nature,train,242,2015-08-23,2016-08-14,2016-08-21 00:00:00+00:00,2016-08-21,2016-11-06,demand-v2-provisional,provisional
JP,adventure_nature,train,243,2015-08-30,2016-08-21,2016-08-28 00:00:00+00:00,2016-08-28,2016-11-13,demand-v2-provisional,provisional
JP,adventure_nature,train,244,2015-09-06,2016-08-28,2016-09-04 00:00:00+00:00,2016-09-04,2016-11-20,demand-v2-provisional,provisional
JP,adventure_nature,train,245,2015-09-13,2016-09-04,2016-09-11 00:00:00+00:00,2016-09-11,2016-11-27,demand-v2-provisional,provisional
JP,adventure_nature,train,246,2015-09-20,2016-09-11,2016-09-18 00:00:00+00:00,2016-09-18,2016-12-04,demand-v2-provisional,provisional
JP,adventure_nature,train,247,2015-09-27,2016-09-18,2016-09-25 00:00:00+00:00,2016-09-25,2016-12-11,demand-v2-provisional,provisional
JP,adventure_nature,train,248,2015-10-04,2016-09-25,2016-10-02 00:00:00+00:00,2016-10-02,2016-12-18,demand-v2-provisional,provisional
JP,adventure_nature,train,249,2015-10-11,2016-10-02,2016-10-09 00:00:00+00:00,2016-10-09,2016-12-25,demand-v2-provisional,provisional
JP,adventure_nature,train,250,2015-10-18,2016-10-09,2016-10-16 00:00:00+00:00,2016-10-16,2017-01-01,demand-v2-provisional,provisional
JP,adventure_nature,train,251,2015-10-25,2016-10-16,2016-10-23 00:00:00+00:00,2016-10-23,2017-01-08,demand-v2-provisional,provisional
JP,adventure_nature,train,252,2015-11-01,2016-10-23,2016-10-30 00:00:00+00:00,2016-10-30,2017-01-15,demand-v2-provisional,provisional
JP,adventure_nature,train,253,2015-11-08,2016-10-30,2016-11-06 00:00:00+00:00,2016-11-06,2017-01-22,demand-v2-provisional,provisional
JP,adventure_nature,train,254,2015-11-15,2016-11-06,2016-11-13 00:00:00+00:00,2016-11-13,2017-01-29,demand-v2-provisional,provisional
JP,adventure_nature,train,255,2015-11-22,2016-11-13,2016-11-20 00:00:00+00:00,2016-11-20,2017-02-05,demand-v2-provisional,provisional
JP,adventure_nature,train,256,2015-11-29,2016-11-20,2016-11-27 00:00:00+00:00,2016-11-27,2017-02-12,demand-v2-provisional,provisional
JP,adventure_nature,train,257,2015-12-06,2016-11-27,2016-12-04 00:00:00+00:00,2016-12-04,2017-02-19,demand-v2-provisional,provisional
JP,adventure_nature,train,258,2015-12-13,2016-12-04,2016-12-11 00:00:00+00:00,2016-12-11,2017-02-26,demand-v2-provisional,provisional
JP,adventure_nature,train,259,2015-12-20,2016-12-11,2016-12-18 00:00:00+00:00,2016-12-18,2017-03-05,demand-v2-provisional,provisional
JP,adventure_nature,train,260,2015-12-27,2016-12-18,2016-12-25 00:00:00+00:00,2016-12-25,2017-03-12,demand-v2-provisional,provisional
JP,adventure_nature,train,261,2016-01-03,2016-12-25,2017-01-01 00:00:00+00:00,2017-01-01,2017-03-19,demand-v2-provisional,provisional
JP,adventure_nature,train,262,2016-01-10,2017-01-01,2017-01-08 00:00:00+00:00,2017-01-08,2017-03-26,demand-v2-provisional,provisional
JP,adventure_nature,train,263,2016-01-17,2017-01-08,2017-01-15 00:00:00+00:00,2017-01-15,2017-04-02,demand-v2-provisional,provisional
JP,adventure_nature,train,264,2016-01-24,2017-01-15,2017-01-22 00:00:00+00:00,2017-01-22,2017-04-09,demand-v2-provisional,provisional
JP,adventure_nature,train,265,2016-01-31,2017-01-22,2017-01-29 00:00:00+00:00,2017-01-29,2017-04-16,demand-v2-provisional,provisional
JP,adventure_nature,train,266,2016-02-07,2017-01-29,2017-02-05 00:00:00+00:00,2017-02-05,2017-04-23,demand-v2-provisional,provisional
JP,adventure_nature,train,267,2016-02-14,2017-02-05,2017-02-12 00:00:00+00:00,2017-02-12,2017-04-30,demand-v2-provisional,provisional
JP,adventure_nature,train,268,2016-02-21,2017-02-12,2017-02-19 00:00:00+00:00,2017-02-19,2017-05-07,demand-v2-provisional,provisional
JP,adventure_nature,train,269,2016-02-28,2017-02-19,2017-02-26 00:00:00+00:00,2017-02-26,2017-05-14,demand-v2-provisional,provisional
JP,adventure_nature,train,270,2016-03-06,2017-02-26,2017-03-05 00:00:00+00:00,2017-03-05,2017-05-21,demand-v2-provisional,provisional
JP,adventure_nature,train,271,2016-03-13,2017-03-05,2017-03-12 00:00:00+00:00,2017-03-12,2017-05-28,demand-v2-provisional,provisional
JP,adventure_nature,train,272,2016-03-20,2017-03-12,2017-03-19 00:00:00+00:00,2017-03-19,2017-06-04,demand-v2-provisional,provisional
JP,adventure_nature,train,273,2016-03-27,2017-03-19,2017-03-26 00:00:00+00:00,2017-03-26,2017-06-11,demand-v2-provisional,provisional
JP,adventure_nature,train,274,2016-04-03,2017-03-26,2017-04-02 00:00:00+00:00,2017-04-02,2017-06-18,demand-v2-provisional,provisional
JP,adventure_nature,train,275,2016-04-10,2017-04-02,2017-04-09 00:00:00+00:00,2017-04-09,2017-06-25,demand-v2-provisional,provisional
JP,adventure_nature,train,276,2016-04-17,2017-04-09,2017-04-16 00:00:00+00:00,2017-04-16,2017-07-02,demand-v2-provisional,provisional
JP,adventure_nature,train,277,2016-04-24,2017-04-16,2017-04-23 00:00:00+00:00,2017-04-23,2017-07-09,demand-v2-provisional,provisional
JP,adventure_nature,train,278,2016-05-01,2017-04-23,2017-04-30 00:00:00+00:00,2017-04-30,2017-07-16,demand-v2-provisional,provisional
JP,adventure_nature,train,279,2016-05-08,2017-04-30,2017-05-07 00:00:00+00:00,2017-05-07,2017-07-23,demand-v2-provisional,provisional
JP,adventure_nature,train,280,2016-05-15,2017-05-07,2017-05-14 00:00:00+00:00,2017-05-14,2017-07-30,demand-v2-provisional,provisional
JP,adventure_nature,train,281,2016-05-22,2017-05-14,2017-05-21 00:00:00+00:00,2017-05-21,2017-08-06,demand-v2-provisional,provisional
JP,adventure_nature,train,282,2016-05-29,2017-05-21,2017-05-28 00:00:00+00:00,2017-05-28,2017-08-13,demand-v2-provisional,provisional
JP,adventure_nature,train,283,2016-06-05,2017-05-28,2017-06-04 00:00:00+00:00,2017-06-04,2017-08-20,demand-v2-provisional,provisional
JP,adventure_nature,train,284,2016-06-12,2017-06-04,2017-06-11 00:00:00+00:00,2017-06-11,2017-08-27,demand-v2-provisional,provisional
JP,adventure_nature,train,285,2016-06-19,2017-06-11,2017-06-18 00:00:00+00:00,2017-06-18,2017-09-03,demand-v2-provisional,provisional
JP,adventure_nature,train,286,2016-06-26,2017-06-18,2017-06-25 00:00:00+00:00,2017-06-25,2017-09-10,demand-v2-provisional,provisional
JP,adventure_nature,train,287,2016-07-03,2017-06-25,2017-07-02 00:00:00+00:00,2017-07-02,2017-09-17,demand-v2-provisional,provisional
JP,adventure_nature,train,288,2016-07-10,2017-07-02,2017-07-09 00:00:00+00:00,2017-07-09,2017-09-24,demand-v2-provisional,provisional
JP,adventure_nature,train,289,2016-07-17,2017-07-09,2017-07-16 00:00:00+00:00,2017-07-16,2017-10-01,demand-v2-provisional,provisional
JP,adventure_nature,train,290,2016-07-24,2017-07-16,2017-07-23 00:00:00+00:00,2017-07-23,2017-10-08,demand-v2-provisional,provisional
JP,adventure_nature,train,291,2016-07-31,2017-07-23,2017-07-30 00:00:00+00:00,2017-07-30,2017-10-15,demand-v2-provisional,provisional
JP,adventure_nature,train,292,2016-08-07,2017-07-30,2017-08-06 00:00:00+00:00,2017-08-06,2017-10-22,demand-v2-provisional,provisional
JP,adventure_nature,train,293,2016-08-14,2017-08-06,2017-08-13 00:00:00+00:00,2017-08-13,2017-10-29,demand-v2-provisional,provisional
JP,adventure_nature,train,294,2016-08-21,2017-08-13,2017-08-20 00:00:00+00:00,2017-08-20,2017-11-05,demand-v2-provisional,provisional
JP,adventure_nature,train,295,2016-08-28,2017-08-20,2017-08-27 00:00:00+00:00,2017-08-27,2017-11-12,demand-v2-provisional,provisional
JP,adventure_nature,train,296,2016-09-04,2017-08-27,2017-09-03 00:00:00+00:00,2017-09-03,2017-11-19,demand-v2-provisional,provisional
JP,adventure_nature,train,297,2016-09-11,2017-09-03,2017-09-10 00:00:00+00:00,2017-09-10,2017-11-26,demand-v2-provisional,provisional
JP,adventure_nature,train,298,2016-09-18,2017-09-10,2017-09-17 00:00:00+00:00,2017-09-17,2017-12-03,demand-v2-provisional,provisional
JP,adventure_nature,train,299,2016-09-25,2017-09-17,2017-09-24 00:00:00+00:00,2017-09-24,2017-12-10,demand-v2-provisional,provisional
JP,adventure_nature,train,300,2016-10-02,2017-09-24,2017-10-01 00:00:00+00:00,2017-10-01,2017-12-17,demand-v2-provisional,provisional
JP,adventure_nature,train,301,2016-10-09,2017-10-01,2017-10-08 00:00:00+00:00,2017-10-08,2017-12-24,demand-v2-provisional,provisional
JP,adventure_nature,train,302,2016-10-16,2017-10-08,2017-10-15 00:00:00+00:00,2017-10-15,2017-12-31,demand-v2-provisional,provisional
JP,adventure_nature,train,303,2016-10-23,2017-10-15,2017-10-22 00:00:00+00:00,2017-10-22,2018-01-07,demand-v2-provisional,provisional
JP,adventure_nature,train,304,2016-10-30,2017-10-22,2017-10-29 00:00:00+00:00,2017-10-29,2018-01-14,demand-v2-provisional,provisional
JP,adventure_nature,train,305,2016-11-06,2017-10-29,2017-11-05 00:00:00+00:00,2017-11-05,2018-01-21,demand-v2-provisional,provisional
JP,adventure_nature,train,306,2016-11-13,2017-11-05,2017-11-12 00:00:00+00:00,2017-11-12,2018-01-28,demand-v2-provisional,provisional
JP,adventure_nature,train,307,2016-11-20,2017-11-12,2017-11-19 00:00:00+00:00,2017-11-19,2018-02-04,demand-v2-provisional,provisional
JP,adventure_nature,train,308,2016-11-27,2017-11-19,2017-11-26 00:00:00+00:00,2017-11-26,2018-02-11,demand-v2-provisional,provisional
JP,adventure_nature,train,309,2016-12-04,2017-11-26,2017-12-03 00:00:00+00:00,2017-12-03,2018-02-18,demand-v2-provisional,provisional
JP,adventure_nature,train,310,2016-12-11,2017-12-03,2017-12-10 00:00:00+00:00,2017-12-10,2018-02-25,demand-v2-provisional,provisional
JP,adventure_nature,train,311,2016-12-18,2017-12-10,2017-12-17 00:00:00+00:00,2017-12-17,2018-03-04,demand-v2-provisional,provisional
JP,adventure_nature,train,312,2016-12-25,2017-12-17,2017-12-24 00:00:00+00:00,2017-12-24,2018-03-11,demand-v2-provisional,provisional
JP,adventure_nature,train,313,2017-01-01,2017-12-24,2017-12-31 00:00:00+00:00,2017-12-31,2018-03-18,demand-v2-provisional,provisional
JP,adventure_nature,train,314,2017-01-08,2017-12-31,2018-01-07 00:00:00+00:00,2018-01-07,2018-03-25,demand-v2-provisional,provisional
JP,adventure_nature,train,315,2017-01-15,2018-01-07,2018-01-14 00:00:00+00:00,2018-01-14,2018-04-01,demand-v2-provisional,provisional
JP,adventure_nature,train,316,2017-01-22,2018-01-14,2018-01-21 00:00:00+00:00,2018-01-21,2018-04-08,demand-v2-provisional,provisional
JP,adventure_nature,train,317,2017-01-29,2018-01-21,2018-01-28 00:00:00+00:00,2018-01-28,2018-04-15,demand-v2-provisional,provisional
JP,adventure_nature,train,318,2017-02-05,2018-01-28,2018-02-04 00:00:00+00:00,2018-02-04,2018-04-22,demand-v2-provisional,provisional
JP,adventure_nature,train,319,2017-02-12,2018-02-04,2018-02-11 00:00:00+00:00,2018-02-11,2018-04-29,demand-v2-provisional,provisional
JP,adventure_nature,train,320,2017-02-19,2018-02-11,2018-02-18 00:00:00+00:00,2018-02-18,2018-05-06,demand-v2-provisional,provisional
JP,adventure_nature,train,321,2017-02-26,2018-02-18,2018-02-25 00:00:00+00:00,2018-02-25,2018-05-13,demand-v2-provisional,provisional
JP,adventure_nature,train,322,2017-03-05,2018-02-25,2018-03-04 00:00:00+00:00,2018-03-04,2018-05-20,demand-v2-provisional,provisional
JP,adventure_nature,train,323,2017-03-12,2018-03-04,2018-03-11 00:00:00+00:00,2018-03-11,2018-05-27,demand-v2-provisional,provisional
JP,adventure_nature,train,324,2017-03-19,2018-03-11,2018-03-18 00:00:00+00:00,2018-03-18,2018-06-03,demand-v2-provisional,provisional
JP,adventure_nature,train,325,2017-03-26,2018-03-18,2018-03-25 00:00:00+00:00,2018-03-25,2018-06-10,demand-v2-provisional,provisional
JP,adventure_nature,train,326,2017-04-02,2018-03-25,2018-04-01 00:00:00+00:00,2018-04-01,2018-06-17,demand-v2-provisional,provisional
JP,adventure_nature,train,327,2017-04-09,2018-04-01,2018-04-08 00:00:00+00:00,2018-04-08,2018-06-24,demand-v2-provisional,provisional
JP,adventure_nature,train,328,2017-04-16,2018-04-08,2018-04-15 00:00:00+00:00,2018-04-15,2018-07-01,demand-v2-provisional,provisional
JP,adventure_nature,train,329,2017-04-23,2018-04-15,2018-04-22 00:00:00+00:00,2018-04-22,2018-07-08,demand-v2-provisional,provisional
JP,adventure_nature,train,330,2017-04-30,2018-04-22,2018-04-29 00:00:00+00:00,2018-04-29,2018-07-15,demand-v2-provisional,provisional
JP,adventure_nature,train,331,2017-05-07,2018-04-29,2018-05-06 00:00:00+00:00,2018-05-06,2018-07-22,demand-v2-provisional,provisional
JP,adventure_nature,train,332,2017-05-14,2018-05-06,2018-05-13 00:00:00+00:00,2018-05-13,2018-07-29,demand-v2-provisional,provisional
JP,adventure_nature,train,333,2017-05-21,2018-05-13,2018-05-20 00:00:00+00:00,2018-05-20,2018-08-05,demand-v2-provisional,provisional
JP,adventure_nature,train,334,2017-05-28,2018-05-20,2018-05-27 00:00:00+00:00,2018-05-27,2018-08-12,demand-v2-provisional,provisional
JP,adventure_nature,train,335,2017-06-04,2018-05-27,2018-06-03 00:00:00+00:00,2018-06-03,2018-08-19,demand-v2-provisional,provisional
JP,adventure_nature,train,336,2017-06-11,2018-06-03,2018-06-10 00:00:00+00:00,2018-06-10,2018-08-26,demand-v2-provisional,provisional
JP,adventure_nature,train,337,2017-06-18,2018-06-10,2018-06-17 00:00:00+00:00,2018-06-17,2018-09-02,demand-v2-provisional,provisional
JP,adventure_nature,train,338,2017-06-25,2018-06-17,2018-06-24 00:00:00+00:00,2018-06-24,2018-09-09,demand-v2-provisional,provisional
JP,adventure_nature,train,339,2017-07-02,2018-06-24,2018-07-01 00:00:00+00:00,2018-07-01,2018-09-16,demand-v2-provisional,provisional
JP,adventure_nature,train,340,2017-07-09,2018-07-01,2018-07-08 00:00:00+00:00,2018-07-08,2018-09-23,demand-v2-provisional,provisional
JP,adventure_nature,train,341,2017-07-16,2018-07-08,2018-07-15 00:00:00+00:00,2018-07-15,2018-09-30,demand-v2-provisional,provisional
JP,adventure_nature,train,342,2017-07-23,2018-07-15,2018-07-22 00:00:00+00:00,2018-07-22,2018-10-07,demand-v2-provisional,provisional
JP,adventure_nature,train,343,2017-07-30,2018-07-22,2018-07-29 00:00:00+00:00,2018-07-29,2018-10-14,demand-v2-provisional,provisional
JP,adventure_nature,train,344,2017-08-06,2018-07-29,2018-08-05 00:00:00+00:00,2018-08-05,2018-10-21,demand-v2-provisional,provisional
JP,adventure_nature,train,345,2017-08-13,2018-08-05,2018-08-12 00:00:00+00:00,2018-08-12,2018-10-28,demand-v2-provisional,provisional
JP,adventure_nature,train,346,2017-08-20,2018-08-12,2018-08-19 00:00:00+00:00,2018-08-19,2018-11-04,demand-v2-provisional,provisional
JP,adventure_nature,train,347,2017-08-27,2018-08-19,2018-08-26 00:00:00+00:00,2018-08-26,2018-11-11,demand-v2-provisional,provisional
JP,adventure_nature,train,348,2017-09-03,2018-08-26,2018-09-02 00:00:00+00:00,2018-09-02,2018-11-18,demand-v2-provisional,provisional
JP,adventure_nature,train,349,2017-09-10,2018-09-02,2018-09-09 00:00:00+00:00,2018-09-09,2018-11-25,demand-v2-provisional,provisional
JP,adventure_nature,train,350,2017-09-17,2018-09-09,2018-09-16 00:00:00+00:00,2018-09-16,2018-12-02,demand-v2-provisional,provisional
JP,adventure_nature,train,351,2017-09-24,2018-09-16,2018-09-23 00:00:00+00:00,2018-09-23,2018-12-09,demand-v2-provisional,provisional
JP,adventure_nature,train,352,2017-10-01,2018-09-23,2018-09-30 00:00:00+00:00,2018-09-30,2018-12-16,demand-v2-provisional,provisional
JP,adventure_nature,train,353,2017-10-08,2018-09-30,2018-10-07 00:00:00+00:00,2018-10-07,2018-12-23,demand-v2-provisional,provisional
JP,adventure_nature,train,354,2017-10-15,2018-10-07,2018-10-14 00:00:00+00:00,2018-10-14,2018-12-30,demand-v2-provisional,provisional
JP,adventure_nature,train,355,2017-10-22,2018-10-14,2018-10-21 00:00:00+00:00,2018-10-21,2019-01-06,demand-v2-provisional,provisional
JP,adventure_nature,train,356,2017-10-29,2018-10-21,2018-10-28 00:00:00+00:00,2018-10-28,2019-01-13,demand-v2-provisional,provisional
JP,adventure_nature,train,357,2017-11-05,2018-10-28,2018-11-04 00:00:00+00:00,2018-11-04,2019-01-20,demand-v2-provisional,provisional
JP,adventure_nature,train,358,2017-11-12,2018-11-04,2018-11-11 00:00:00+00:00,2018-11-11,2019-01-27,demand-v2-provisional,provisional
JP,adventure_nature,train,359,2017-11-19,2018-11-11,2018-11-18 00:00:00+00:00,2018-11-18,2019-02-03,demand-v2-provisional,provisional
JP,adventure_nature,train,360,2017-11-26,2018-11-18,2018-11-25 00:00:00+00:00,2018-11-25,2019-02-10,demand-v2-provisional,provisional
JP,adventure_nature,train,361,2017-12-03,2018-11-25,2018-12-02 00:00:00+00:00,2018-12-02,2019-02-17,demand-v2-provisional,provisional
JP,adventure_nature,train,362,2017-12-10,2018-12-02,2018-12-09 00:00:00+00:00,2018-12-09,2019-02-24,demand-v2-provisional,provisional
JP,adventure_nature,train,363,2017-12-17,2018-12-09,2018-12-16 00:00:00+00:00,2018-12-16,2019-03-03,demand-v2-provisional,provisional
JP,adventure_nature,train,364,2017-12-24,2018-12-16,2018-12-23 00:00:00+00:00,2018-12-23,2019-03-10,demand-v2-provisional,provisional
JP,adventure_nature,train,365,2017-12-31,2018-12-23,2018-12-30 00:00:00+00:00,2018-12-30,2019-03-17,demand-v2-provisional,provisional
JP,adventure_nature,train,366,2018-01-07,2018-12-30,2019-01-06 00:00:00+00:00,2019-01-06,2019-03-24,demand-v2-provisional,provisional
JP,adventure_nature,train,367,2018-01-14,2019-01-06,2019-01-13 00:00:00+00:00,2019-01-13,2019-03-31,demand-v2-provisional,provisional
JP,adventure_nature,train,368,2018-01-21,2019-01-13,2019-01-20 00:00:00+00:00,2019-01-20,2019-04-07,demand-v2-provisional,provisional
JP,adventure_nature,train,369,2018-01-28,2019-01-20,2019-01-27 00:00:00+00:00,2019-01-27,2019-04-14,demand-v2-provisional,provisional
JP,adventure_nature,train,370,2018-02-04,2019-01-27,2019-02-03 00:00:00+00:00,2019-02-03,2019-04-21,demand-v2-provisional,provisional
JP,adventure_nature,train,371,2018-02-11,2019-02-03,2019-02-10 00:00:00+00:00,2019-02-10,2019-04-28,demand-v2-provisional,provisional
JP,adventure_nature,train,372,2018-02-18,2019-02-10,2019-02-17 00:00:00+00:00,2019-02-17,2019-05-05,demand-v2-provisional,provisional
JP,adventure_nature,train,373,2018-02-25,2019-02-17,2019-02-24 00:00:00+00:00,2019-02-24,2019-05-12,demand-v2-provisional,provisional
JP,adventure_nature,train,374,2018-03-04,2019-02-24,2019-03-03 00:00:00+00:00,2019-03-03,2019-05-19,demand-v2-provisional,provisional
JP,adventure_nature,train,375,2018-03-11,2019-03-03,2019-03-10 00:00:00+00:00,2019-03-10,2019-05-26,demand-v2-provisional,provisional
JP,adventure_nature,train,376,2018-03-18,2019-03-10,2019-03-17 00:00:00+00:00,2019-03-17,2019-06-02,demand-v2-provisional,provisional
JP,adventure_nature,train,377,2018-03-25,2019-03-17,2019-03-24 00:00:00+00:00,2019-03-24,2019-06-09,demand-v2-provisional,provisional
JP,adventure_nature,train,378,2018-04-01,2019-03-24,2019-03-31 00:00:00+00:00,2019-03-31,2019-06-16,demand-v2-provisional,provisional
JP,adventure_nature,train,379,2018-04-08,2019-03-31,2019-04-07 00:00:00+00:00,2019-04-07,2019-06-23,demand-v2-provisional,provisional
JP,adventure_nature,train,380,2018-04-15,2019-04-07,2019-04-14 00:00:00+00:00,2019-04-14,2019-06-30,demand-v2-provisional,provisional
JP,adventure_nature,train,381,2018-04-22,2019-04-14,2019-04-21 00:00:00+00:00,2019-04-21,2019-07-07,demand-v2-provisional,provisional
JP,adventure_nature,train,382,2018-04-29,2019-04-21,2019-04-28 00:00:00+00:00,2019-04-28,2019-07-14,demand-v2-provisional,provisional
JP,adventure_nature,train,383,2018-05-06,2019-04-28,2019-05-05 00:00:00+00:00,2019-05-05,2019-07-21,demand-v2-provisional,provisional
JP,adventure_nature,train,384,2018-05-13,2019-05-05,2019-05-12 00:00:00+00:00,2019-05-12,2019-07-28,demand-v2-provisional,provisional
JP,adventure_nature,train,385,2018-05-20,2019-05-12,2019-05-19 00:00:00+00:00,2019-05-19,2019-08-04,demand-v2-provisional,provisional
JP,adventure_nature,train,386,2018-05-27,2019-05-19,2019-05-26 00:00:00+00:00,2019-05-26,2019-08-11,demand-v2-provisional,provisional
JP,adventure_nature,train,387,2018-06-03,2019-05-26,2019-06-02 00:00:00+00:00,2019-06-02,2019-08-18,demand-v2-provisional,provisional
JP,adventure_nature,train,388,2018-06-10,2019-06-02,2019-06-09 00:00:00+00:00,2019-06-09,2019-08-25,demand-v2-provisional,provisional
JP,adventure_nature,train,389,2018-06-17,2019-06-09,2019-06-16 00:00:00+00:00,2019-06-16,2019-09-01,demand-v2-provisional,provisional
JP,adventure_nature,train,390,2018-06-24,2019-06-16,2019-06-23 00:00:00+00:00,2019-06-23,2019-09-08,demand-v2-provisional,provisional
JP,adventure_nature,train,391,2018-07-01,2019-06-23,2019-06-30 00:00:00+00:00,2019-06-30,2019-09-15,demand-v2-provisional,provisional
JP,adventure_nature,train,392,2018-07-08,2019-06-30,2019-07-07 00:00:00+00:00,2019-07-07,2019-09-22,demand-v2-provisional,provisional
JP,adventure_nature,train,393,2018-07-15,2019-07-07,2019-07-14 00:00:00+00:00,2019-07-14,2019-09-29,demand-v2-provisional,provisional
JP,adventure_nature,train,394,2018-07-22,2019-07-14,2019-07-21 00:00:00+00:00,2019-07-21,2019-10-06,demand-v2-provisional,provisional
JP,adventure_nature,train,395,2018-07-29,2019-07-21,2019-07-28 00:00:00+00:00,2019-07-28,2019-10-13,demand-v2-provisional,provisional
JP,adventure_nature,train,396,2018-08-05,2019-07-28,2019-08-04 00:00:00+00:00,2019-08-04,2019-10-20,demand-v2-provisional,provisional
JP,adventure_nature,train,397,2018-08-12,2019-08-04,2019-08-11 00:00:00+00:00,2019-08-11,2019-10-27,demand-v2-provisional,provisional
JP,adventure_nature,train,398,2018-08-19,2019-08-11,2019-08-18 00:00:00+00:00,2019-08-18,2019-11-03,demand-v2-provisional,provisional
JP,adventure_nature,train,399,2018-08-26,2019-08-18,2019-08-25 00:00:00+00:00,2019-08-25,2019-11-10,demand-v2-provisional,provisional
JP,adventure_nature,train,400,2018-09-02,2019-08-25,2019-09-01 00:00:00+00:00,2019-09-01,2019-11-17,demand-v2-provisional,provisional
JP,adventure_nature,train,401,2018-09-09,2019-09-01,2019-09-08 00:00:00+00:00,2019-09-08,2019-11-24,demand-v2-provisional,provisional
JP,adventure_nature,train,402,2018-09-16,2019-09-08,2019-09-15 00:00:00+00:00,2019-09-15,2019-12-01,demand-v2-provisional,provisional
JP,adventure_nature,train,403,2018-09-23,2019-09-15,2019-09-22 00:00:00+00:00,2019-09-22,2019-12-08,demand-v2-provisional,provisional
JP,adventure_nature,train,404,2018-09-30,2019-09-22,2019-09-29 00:00:00+00:00,2019-09-29,2019-12-15,demand-v2-provisional,provisional
JP,adventure_nature,train,405,2018-10-07,2019-09-29,2019-10-06 00:00:00+00:00,2019-10-06,2019-12-22,demand-v2-provisional,provisional
JP,adventure_nature,train,406,2023-01-01,2023-12-24,2023-12-31 00:00:00+00:00,2023-12-31,2024-03-17,demand-v2-provisional,provisional
JP,adventure_nature,train,407,2023-01-08,2023-12-31,2024-01-07 00:00:00+00:00,2024-01-07,2024-03-24,demand-v2-provisional,provisional
JP,adventure_nature,train,408,2023-01-15,2024-01-07,2024-01-14 00:00:00+00:00,2024-01-14,2024-03-31,demand-v2-provisional,provisional
JP,adventure_nature,train,409,2023-01-22,2024-01-14,2024-01-21 00:00:00+00:00,2024-01-21,2024-04-07,demand-v2-provisional,provisional
JP,adventure_nature,train,410,2023-01-29,2024-01-21,2024-01-28 00:00:00+00:00,2024-01-28,2024-04-14,demand-v2-provisional,provisional
JP,adventure_nature,train,411,2023-02-05,2024-01-28,2024-02-04 00:00:00+00:00,2024-02-04,2024-04-21,demand-v2-provisional,provisional
JP,adventure_nature,train,412,2023-02-12,2024-02-04,2024-02-11 00:00:00+00:00,2024-02-11,2024-04-28,demand-v2-provisional,provisional
JP,adventure_nature,train,413,2023-02-19,2024-02-11,2024-02-18 00:00:00+00:00,2024-02-18,2024-05-05,demand-v2-provisional,provisional
JP,adventure_nature,train,414,2023-02-26,2024-02-18,2024-02-25 00:00:00+00:00,2024-02-25,2024-05-12,demand-v2-provisional,provisional
JP,adventure_nature,train,415,2023-03-05,2024-02-25,2024-03-03 00:00:00+00:00,2024-03-03,2024-05-19,demand-v2-provisional,provisional
JP,adventure_nature,validation,31,2023-05-28,2024-05-19,2024-05-26 00:00:00+00:00,2024-05-26,2024-08-11,demand-v2-provisional,provisional
JP,adventure_nature,validation,32,2023-06-04,2024-05-26,2024-06-02 00:00:00+00:00,2024-06-02,2024-08-18,demand-v2-provisional,provisional
JP,adventure_nature,validation,33,2023-06-11,2024-06-02,2024-06-09 00:00:00+00:00,2024-06-09,2024-08-25,demand-v2-provisional,provisional
JP,adventure_nature,validation,34,2023-06-18,2024-06-09,2024-06-16 00:00:00+00:00,2024-06-16,2024-09-01,demand-v2-provisional,provisional
JP,adventure_nature,validation,35,2023-06-25,2024-06-16,2024-06-23 00:00:00+00:00,2024-06-23,2024-09-08,demand-v2-provisional,provisional
JP,adventure_nature,validation,36,2023-07-02,2024-06-23,2024-06-30 00:00:00+00:00,2024-06-30,2024-09-15,demand-v2-provisional,provisional
JP,adventure_nature,validation,37,2023-07-09,2024-06-30,2024-07-07 00:00:00+00:00,2024-07-07,2024-09-22,demand-v2-provisional,provisional
JP,adventure_nature,validation,38,2023-07-16,2024-07-07,2024-07-14 00:00:00+00:00,2024-07-14,2024-09-29,demand-v2-provisional,provisional
JP,adventure_nature,validation,39,2023-07-23,2024-07-14,2024-07-21 00:00:00+00:00,2024-07-21,2024-10-06,demand-v2-provisional,provisional
JP,adventure_nature,validation,40,2023-07-30,2024-07-21,2024-07-28 00:00:00+00:00,2024-07-28,2024-10-13,demand-v2-provisional,provisional
JP,adventure_nature,validation,41,2023-08-06,2024-07-28,2024-08-04 00:00:00+00:00,2024-08-04,2024-10-20,demand-v2-provisional,provisional
JP,adventure_nature,validation,42,2023-08-13,2024-08-04,2024-08-11 00:00:00+00:00,2024-08-11,2024-10-27,demand-v2-provisional,provisional
JP,adventure_nature,validation,43,2023-08-20,2024-08-11,2024-08-18 00:00:00+00:00,2024-08-18,2024-11-03,demand-v2-provisional,provisional
JP,adventure_nature,validation,44,2023-08-27,2024-08-18,2024-08-25 00:00:00+00:00,2024-08-25,2024-11-10,demand-v2-provisional,provisional
JP,adventure_nature,validation,45,2023-09-03,2024-08-25,2024-09-01 00:00:00+00:00,2024-09-01,2024-11-17,demand-v2-provisional,provisional
JP,adventure_nature,validation,46,2023-09-10,2024-09-01,2024-09-08 00:00:00+00:00,2024-09-08,2024-11-24,demand-v2-provisional,provisional
JP,adventure_nature,validation,47,2023-09-17,2024-09-08,2024-09-15 00:00:00+00:00,2024-09-15,2024-12-01,demand-v2-provisional,provisional
JP,adventure_nature,validation,48,2023-09-24,2024-09-15,2024-09-22 00:00:00+00:00,2024-09-22,2024-12-08,demand-v2-provisional,provisional
JP,adventure_nature,validation,49,2023-10-01,2024-09-22,2024-09-29 00:00:00+00:00,2024-09-29,2024-12-15,demand-v2-provisional,provisional
JP,adventure_nature,validation,50,2023-10-08,2024-09-29,2024-10-06 00:00:00+00:00,2024-10-06,2024-12-22,demand-v2-provisional,provisional
JP,adventure_nature,validation,51,2023-10-15,2024-10-06,2024-10-13 00:00:00+00:00,2024-10-13,2024-12-29,demand-v2-provisional,provisional
JP,adventure_nature,validation,52,2023-10-22,2024-10-13,2024-10-20 00:00:00+00:00,2024-10-20,2025-01-05,demand-v2-provisional,provisional
JP,adventure_nature,validation,53,2023-10-29,2024-10-20,2024-10-27 00:00:00+00:00,2024-10-27,2025-01-12,demand-v2-provisional,provisional
JP,adventure_nature,validation,54,2023-11-05,2024-10-27,2024-11-03 00:00:00+00:00,2024-11-03,2025-01-19,demand-v2-provisional,provisional
JP,adventure_nature,validation,55,2023-11-12,2024-11-03,2024-11-10 00:00:00+00:00,2024-11-10,2025-01-26,demand-v2-provisional,provisional
JP,adventure_nature,validation,56,2023-11-19,2024-11-10,2024-11-17 00:00:00+00:00,2024-11-17,2025-02-02,demand-v2-provisional,provisional
JP,adventure_nature,validation,57,2023-11-26,2024-11-17,2024-11-24 00:00:00+00:00,2024-11-24,2025-02-09,demand-v2-provisional,provisional
JP,adventure_nature,validation,58,2023-12-03,2024-11-24,2024-12-01 00:00:00+00:00,2024-12-01,2025-02-16,demand-v2-provisional,provisional
JP,adventure_nature,validation,59,2023-12-10,2024-12-01,2024-12-08 00:00:00+00:00,2024-12-08,2025-02-23,demand-v2-provisional,provisional
JP,adventure_nature,validation,60,2023-12-17,2024-12-08,2024-12-15 00:00:00+00:00,2024-12-15,2025-03-02,demand-v2-provisional,provisional
JP,adventure_nature,validation,61,2023-12-24,2024-12-15,2024-12-22 00:00:00+00:00,2024-12-22,2025-03-09,demand-v2-provisional,provisional
JP,adventure_nature,test,31,2024-03-17,2025-03-09,2025-03-16 00:00:00+00:00,2025-03-16,2025-06-01,demand-v2-provisional,provisional
JP,adventure_nature,test,32,2024-03-24,2025-03-16,2025-03-23 00:00:00+00:00,2025-03-23,2025-06-08,demand-v2-provisional,provisional
JP,adventure_nature,test,33,2024-03-31,2025-03-23,2025-03-30 00:00:00+00:00,2025-03-30,2025-06-15,demand-v2-provisional,provisional
JP,adventure_nature,test,34,2024-04-07,2025-03-30,2025-04-06 00:00:00+00:00,2025-04-06,2025-06-22,demand-v2-provisional,provisional
JP,adventure_nature,test,35,2024-04-14,2025-04-06,2025-04-13 00:00:00+00:00,2025-04-13,2025-06-29,demand-v2-provisional,provisional
JP,adventure_nature,test,36,2024-04-21,2025-04-13,2025-04-20 00:00:00+00:00,2025-04-20,2025-07-06,demand-v2-provisional,provisional
JP,adventure_nature,test,37,2024-04-28,2025-04-20,2025-04-27 00:00:00+00:00,2025-04-27,2025-07-13,demand-v2-provisional,provisional
JP,adventure_nature,test,38,2024-05-05,2025-04-27,2025-05-04 00:00:00+00:00,2025-05-04,2025-07-20,demand-v2-provisional,provisional
JP,adventure_nature,test,39,2024-05-12,2025-05-04,2025-05-11 00:00:00+00:00,2025-05-11,2025-07-27,demand-v2-provisional,provisional
JP,adventure_nature,test,40,2024-05-19,2025-05-11,2025-05-18 00:00:00+00:00,2025-05-18,2025-08-03,demand-v2-provisional,provisional
JP,adventure_nature,test,41,2024-05-26,2025-05-18,2025-05-25 00:00:00+00:00,2025-05-25,2025-08-10,demand-v2-provisional,provisional
JP,adventure_nature,test,42,2024-06-02,2025-05-25,2025-06-01 00:00:00+00:00,2025-06-01,2025-08-17,demand-v2-provisional,provisional
JP,adventure_nature,test,43,2024-06-09,2025-06-01,2025-06-08 00:00:00+00:00,2025-06-08,2025-08-24,demand-v2-provisional,provisional
JP,adventure_nature,test,44,2024-06-16,2025-06-08,2025-06-15 00:00:00+00:00,2025-06-15,2025-08-31,demand-v2-provisional,provisional
JP,adventure_nature,test,45,2024-06-23,2025-06-15,2025-06-22 00:00:00+00:00,2025-06-22,2025-09-07,demand-v2-provisional,provisional
JP,adventure_nature,test,46,2024-06-30,2025-06-22,2025-06-29 00:00:00+00:00,2025-06-29,2025-09-14,demand-v2-provisional,provisional
JP,adventure_nature,test,47,2024-07-07,2025-06-29,2025-07-06 00:00:00+00:00,2025-07-06,2025-09-21,demand-v2-provisional,provisional
JP,adventure_nature,test,48,2024-07-14,2025-07-06,2025-07-13 00:00:00+00:00,2025-07-13,2025-09-28,demand-v2-provisional,provisional
JP,adventure_nature,test,49,2024-07-21,2025-07-13,2025-07-20 00:00:00+00:00,2025-07-20,2025-10-05,demand-v2-provisional,provisional
JP,adventure_nature,test,50,2024-07-28,2025-07-20,2025-07-27 00:00:00+00:00,2025-07-27,2025-10-12,demand-v2-provisional,provisional
JP,adventure_nature,test,51,2024-08-04,2025-07-27,2025-08-03 00:00:00+00:00,2025-08-03,2025-10-19,demand-v2-provisional,provisional
JP,adventure_nature,test,52,2024-08-11,2025-08-03,2025-08-10 00:00:00+00:00,2025-08-10,2025-10-26,demand-v2-provisional,provisional
JP,adventure_nature,test,53,2024-08-18,2025-08-10,2025-08-17 00:00:00+00:00,2025-08-17,2025-11-02,demand-v2-provisional,provisional
JP,adventure_nature,test,54,2024-08-25,2025-08-17,2025-08-24 00:00:00+00:00,2025-08-24,2025-11-09,demand-v2-provisional,provisional
JP,adventure_nature,test,55,2024-09-01,2025-08-24,2025-08-31 00:00:00+00:00,2025-08-31,2025-11-16,demand-v2-provisional,provisional
JP,adventure_nature,test,56,2024-09-08,2025-08-31,2025-09-07 00:00:00+00:00,2025-09-07,2025-11-23,demand-v2-provisional,provisional
JP,adventure_nature,test,57,2024-09-15,2025-09-07,2025-09-14 00:00:00+00:00,2025-09-14,2025-11-30,demand-v2-provisional,provisional
JP,adventure_nature,test,58,2024-09-22,2025-09-14,2025-09-21 00:00:00+00:00,2025-09-21,2025-12-07,demand-v2-provisional,provisional
JP,adventure_nature,test,59,2024-09-29,2025-09-21,2025-09-28 00:00:00+00:00,2025-09-28,2025-12-14,demand-v2-provisional,provisional
JP,adventure_nature,test,60,2024-10-06,2025-09-28,2025-10-05 00:00:00+00:00,2025-10-05,2025-12-21,demand-v2-provisional,provisional
JP,adventure_nature,test,61,2024-10-13,2025-10-05,2025-10-12 00:00:00+00:00,2025-10-12,2025-12-28,demand-v2-provisional,provisional
JP,coastal_island,train,416,2014-12-28,2015-12-20,2015-12-27 00:00:00+00:00,2015-12-27,2016-03-13,demand-v2-provisional,provisional
JP,coastal_island,train,417,2015-01-04,2015-12-27,2016-01-03 00:00:00+00:00,2016-01-03,2016-03-20,demand-v2-provisional,provisional
JP,coastal_island,train,418,2015-01-11,2016-01-03,2016-01-10 00:00:00+00:00,2016-01-10,2016-03-27,demand-v2-provisional,provisional
JP,coastal_island,train,419,2015-01-18,2016-01-10,2016-01-17 00:00:00+00:00,2016-01-17,2016-04-03,demand-v2-provisional,provisional
JP,coastal_island,train,420,2015-01-25,2016-01-17,2016-01-24 00:00:00+00:00,2016-01-24,2016-04-10,demand-v2-provisional,provisional
JP,coastal_island,train,421,2015-02-01,2016-01-24,2016-01-31 00:00:00+00:00,2016-01-31,2016-04-17,demand-v2-provisional,provisional
JP,coastal_island,train,422,2015-02-08,2016-01-31,2016-02-07 00:00:00+00:00,2016-02-07,2016-04-24,demand-v2-provisional,provisional
JP,coastal_island,train,423,2015-02-15,2016-02-07,2016-02-14 00:00:00+00:00,2016-02-14,2016-05-01,demand-v2-provisional,provisional
JP,coastal_island,train,424,2015-02-22,2016-02-14,2016-02-21 00:00:00+00:00,2016-02-21,2016-05-08,demand-v2-provisional,provisional
JP,coastal_island,train,425,2015-03-01,2016-02-21,2016-02-28 00:00:00+00:00,2016-02-28,2016-05-15,demand-v2-provisional,provisional
JP,coastal_island,train,426,2015-03-08,2016-02-28,2016-03-06 00:00:00+00:00,2016-03-06,2016-05-22,demand-v2-provisional,provisional
JP,coastal_island,train,427,2015-03-15,2016-03-06,2016-03-13 00:00:00+00:00,2016-03-13,2016-05-29,demand-v2-provisional,provisional
JP,coastal_island,train,428,2015-03-22,2016-03-13,2016-03-20 00:00:00+00:00,2016-03-20,2016-06-05,demand-v2-provisional,provisional
JP,coastal_island,train,429,2015-03-29,2016-03-20,2016-03-27 00:00:00+00:00,2016-03-27,2016-06-12,demand-v2-provisional,provisional
JP,coastal_island,train,430,2015-04-05,2016-03-27,2016-04-03 00:00:00+00:00,2016-04-03,2016-06-19,demand-v2-provisional,provisional
JP,coastal_island,train,431,2015-04-12,2016-04-03,2016-04-10 00:00:00+00:00,2016-04-10,2016-06-26,demand-v2-provisional,provisional
JP,coastal_island,train,432,2015-04-19,2016-04-10,2016-04-17 00:00:00+00:00,2016-04-17,2016-07-03,demand-v2-provisional,provisional
JP,coastal_island,train,433,2015-04-26,2016-04-17,2016-04-24 00:00:00+00:00,2016-04-24,2016-07-10,demand-v2-provisional,provisional
JP,coastal_island,train,434,2015-05-03,2016-04-24,2016-05-01 00:00:00+00:00,2016-05-01,2016-07-17,demand-v2-provisional,provisional
JP,coastal_island,train,435,2015-05-10,2016-05-01,2016-05-08 00:00:00+00:00,2016-05-08,2016-07-24,demand-v2-provisional,provisional
JP,coastal_island,train,436,2015-05-17,2016-05-08,2016-05-15 00:00:00+00:00,2016-05-15,2016-07-31,demand-v2-provisional,provisional
JP,coastal_island,train,437,2015-05-24,2016-05-15,2016-05-22 00:00:00+00:00,2016-05-22,2016-08-07,demand-v2-provisional,provisional
JP,coastal_island,train,438,2015-05-31,2016-05-22,2016-05-29 00:00:00+00:00,2016-05-29,2016-08-14,demand-v2-provisional,provisional
JP,coastal_island,train,439,2015-06-07,2016-05-29,2016-06-05 00:00:00+00:00,2016-06-05,2016-08-21,demand-v2-provisional,provisional
JP,coastal_island,train,440,2015-06-14,2016-06-05,2016-06-12 00:00:00+00:00,2016-06-12,2016-08-28,demand-v2-provisional,provisional
JP,coastal_island,train,441,2015-06-21,2016-06-12,2016-06-19 00:00:00+00:00,2016-06-19,2016-09-04,demand-v2-provisional,provisional
JP,coastal_island,train,442,2015-06-28,2016-06-19,2016-06-26 00:00:00+00:00,2016-06-26,2016-09-11,demand-v2-provisional,provisional
JP,coastal_island,train,443,2015-07-05,2016-06-26,2016-07-03 00:00:00+00:00,2016-07-03,2016-09-18,demand-v2-provisional,provisional
JP,coastal_island,train,444,2015-07-12,2016-07-03,2016-07-10 00:00:00+00:00,2016-07-10,2016-09-25,demand-v2-provisional,provisional
JP,coastal_island,train,445,2015-07-19,2016-07-10,2016-07-17 00:00:00+00:00,2016-07-17,2016-10-02,demand-v2-provisional,provisional
JP,coastal_island,train,446,2015-07-26,2016-07-17,2016-07-24 00:00:00+00:00,2016-07-24,2016-10-09,demand-v2-provisional,provisional
JP,coastal_island,train,447,2015-08-02,2016-07-24,2016-07-31 00:00:00+00:00,2016-07-31,2016-10-16,demand-v2-provisional,provisional
JP,coastal_island,train,448,2015-08-09,2016-07-31,2016-08-07 00:00:00+00:00,2016-08-07,2016-10-23,demand-v2-provisional,provisional
JP,coastal_island,train,449,2015-08-16,2016-08-07,2016-08-14 00:00:00+00:00,2016-08-14,2016-10-30,demand-v2-provisional,provisional
JP,coastal_island,train,450,2015-08-23,2016-08-14,2016-08-21 00:00:00+00:00,2016-08-21,2016-11-06,demand-v2-provisional,provisional
JP,coastal_island,train,451,2015-08-30,2016-08-21,2016-08-28 00:00:00+00:00,2016-08-28,2016-11-13,demand-v2-provisional,provisional
JP,coastal_island,train,452,2015-09-06,2016-08-28,2016-09-04 00:00:00+00:00,2016-09-04,2016-11-20,demand-v2-provisional,provisional
JP,coastal_island,train,453,2015-09-13,2016-09-04,2016-09-11 00:00:00+00:00,2016-09-11,2016-11-27,demand-v2-provisional,provisional
JP,coastal_island,train,454,2015-09-20,2016-09-11,2016-09-18 00:00:00+00:00,2016-09-18,2016-12-04,demand-v2-provisional,provisional
JP,coastal_island,train,455,2015-09-27,2016-09-18,2016-09-25 00:00:00+00:00,2016-09-25,2016-12-11,demand-v2-provisional,provisional
JP,coastal_island,train,456,2015-10-04,2016-09-25,2016-10-02 00:00:00+00:00,2016-10-02,2016-12-18,demand-v2-provisional,provisional
JP,coastal_island,train,457,2015-10-11,2016-10-02,2016-10-09 00:00:00+00:00,2016-10-09,2016-12-25,demand-v2-provisional,provisional
JP,coastal_island,train,458,2015-10-18,2016-10-09,2016-10-16 00:00:00+00:00,2016-10-16,2017-01-01,demand-v2-provisional,provisional
JP,coastal_island,train,459,2015-10-25,2016-10-16,2016-10-23 00:00:00+00:00,2016-10-23,2017-01-08,demand-v2-provisional,provisional
JP,coastal_island,train,460,2015-11-01,2016-10-23,2016-10-30 00:00:00+00:00,2016-10-30,2017-01-15,demand-v2-provisional,provisional
JP,coastal_island,train,461,2015-11-08,2016-10-30,2016-11-06 00:00:00+00:00,2016-11-06,2017-01-22,demand-v2-provisional,provisional
JP,coastal_island,train,462,2015-11-15,2016-11-06,2016-11-13 00:00:00+00:00,2016-11-13,2017-01-29,demand-v2-provisional,provisional
JP,coastal_island,train,463,2015-11-22,2016-11-13,2016-11-20 00:00:00+00:00,2016-11-20,2017-02-05,demand-v2-provisional,provisional
JP,coastal_island,train,464,2015-11-29,2016-11-20,2016-11-27 00:00:00+00:00,2016-11-27,2017-02-12,demand-v2-provisional,provisional
JP,coastal_island,train,465,2015-12-06,2016-11-27,2016-12-04 00:00:00+00:00,2016-12-04,2017-02-19,demand-v2-provisional,provisional
JP,coastal_island,train,466,2015-12-13,2016-12-04,2016-12-11 00:00:00+00:00,2016-12-11,2017-02-26,demand-v2-provisional,provisional
JP,coastal_island,train,467,2015-12-20,2016-12-11,2016-12-18 00:00:00+00:00,2016-12-18,2017-03-05,demand-v2-provisional,provisional
JP,coastal_island,train,468,2015-12-27,2016-12-18,2016-12-25 00:00:00+00:00,2016-12-25,2017-03-12,demand-v2-provisional,provisional
JP,coastal_island,train,469,2016-01-03,2016-12-25,2017-01-01 00:00:00+00:00,2017-01-01,2017-03-19,demand-v2-provisional,provisional
JP,coastal_island,train,470,2016-01-10,2017-01-01,2017-01-08 00:00:00+00:00,2017-01-08,2017-03-26,demand-v2-provisional,provisional
JP,coastal_island,train,471,2016-01-17,2017-01-08,2017-01-15 00:00:00+00:00,2017-01-15,2017-04-02,demand-v2-provisional,provisional
JP,coastal_island,train,472,2016-01-24,2017-01-15,2017-01-22 00:00:00+00:00,2017-01-22,2017-04-09,demand-v2-provisional,provisional
JP,coastal_island,train,473,2016-01-31,2017-01-22,2017-01-29 00:00:00+00:00,2017-01-29,2017-04-16,demand-v2-provisional,provisional
JP,coastal_island,train,474,2016-02-07,2017-01-29,2017-02-05 00:00:00+00:00,2017-02-05,2017-04-23,demand-v2-provisional,provisional
JP,coastal_island,train,475,2016-02-14,2017-02-05,2017-02-12 00:00:00+00:00,2017-02-12,2017-04-30,demand-v2-provisional,provisional
JP,coastal_island,train,476,2016-02-21,2017-02-12,2017-02-19 00:00:00+00:00,2017-02-19,2017-05-07,demand-v2-provisional,provisional
JP,coastal_island,train,477,2016-02-28,2017-02-19,2017-02-26 00:00:00+00:00,2017-02-26,2017-05-14,demand-v2-provisional,provisional
JP,coastal_island,train,478,2016-03-06,2017-02-26,2017-03-05 00:00:00+00:00,2017-03-05,2017-05-21,demand-v2-provisional,provisional
JP,coastal_island,train,479,2016-03-13,2017-03-05,2017-03-12 00:00:00+00:00,2017-03-12,2017-05-28,demand-v2-provisional,provisional
JP,coastal_island,train,480,2016-03-20,2017-03-12,2017-03-19 00:00:00+00:00,2017-03-19,2017-06-04,demand-v2-provisional,provisional
JP,coastal_island,train,481,2016-03-27,2017-03-19,2017-03-26 00:00:00+00:00,2017-03-26,2017-06-11,demand-v2-provisional,provisional
JP,coastal_island,train,482,2016-04-03,2017-03-26,2017-04-02 00:00:00+00:00,2017-04-02,2017-06-18,demand-v2-provisional,provisional
JP,coastal_island,train,483,2016-04-10,2017-04-02,2017-04-09 00:00:00+00:00,2017-04-09,2017-06-25,demand-v2-provisional,provisional
JP,coastal_island,train,484,2016-04-17,2017-04-09,2017-04-16 00:00:00+00:00,2017-04-16,2017-07-02,demand-v2-provisional,provisional
JP,coastal_island,train,485,2016-04-24,2017-04-16,2017-04-23 00:00:00+00:00,2017-04-23,2017-07-09,demand-v2-provisional,provisional
JP,coastal_island,train,486,2016-05-01,2017-04-23,2017-04-30 00:00:00+00:00,2017-04-30,2017-07-16,demand-v2-provisional,provisional
JP,coastal_island,train,487,2016-05-08,2017-04-30,2017-05-07 00:00:00+00:00,2017-05-07,2017-07-23,demand-v2-provisional,provisional
JP,coastal_island,train,488,2016-05-15,2017-05-07,2017-05-14 00:00:00+00:00,2017-05-14,2017-07-30,demand-v2-provisional,provisional
JP,coastal_island,train,489,2016-05-22,2017-05-14,2017-05-21 00:00:00+00:00,2017-05-21,2017-08-06,demand-v2-provisional,provisional
JP,coastal_island,train,490,2016-05-29,2017-05-21,2017-05-28 00:00:00+00:00,2017-05-28,2017-08-13,demand-v2-provisional,provisional
JP,coastal_island,train,491,2016-06-05,2017-05-28,2017-06-04 00:00:00+00:00,2017-06-04,2017-08-20,demand-v2-provisional,provisional
JP,coastal_island,train,492,2016-06-12,2017-06-04,2017-06-11 00:00:00+00:00,2017-06-11,2017-08-27,demand-v2-provisional,provisional
JP,coastal_island,train,493,2016-06-19,2017-06-11,2017-06-18 00:00:00+00:00,2017-06-18,2017-09-03,demand-v2-provisional,provisional
JP,coastal_island,train,494,2016-06-26,2017-06-18,2017-06-25 00:00:00+00:00,2017-06-25,2017-09-10,demand-v2-provisional,provisional
JP,coastal_island,train,495,2016-07-03,2017-06-25,2017-07-02 00:00:00+00:00,2017-07-02,2017-09-17,demand-v2-provisional,provisional
JP,coastal_island,train,496,2016-07-10,2017-07-02,2017-07-09 00:00:00+00:00,2017-07-09,2017-09-24,demand-v2-provisional,provisional
JP,coastal_island,train,497,2016-07-17,2017-07-09,2017-07-16 00:00:00+00:00,2017-07-16,2017-10-01,demand-v2-provisional,provisional
JP,coastal_island,train,498,2016-07-24,2017-07-16,2017-07-23 00:00:00+00:00,2017-07-23,2017-10-08,demand-v2-provisional,provisional
JP,coastal_island,train,499,2016-07-31,2017-07-23,2017-07-30 00:00:00+00:00,2017-07-30,2017-10-15,demand-v2-provisional,provisional
JP,coastal_island,train,500,2016-08-07,2017-07-30,2017-08-06 00:00:00+00:00,2017-08-06,2017-10-22,demand-v2-provisional,provisional
JP,coastal_island,train,501,2016-08-14,2017-08-06,2017-08-13 00:00:00+00:00,2017-08-13,2017-10-29,demand-v2-provisional,provisional
JP,coastal_island,train,502,2016-08-21,2017-08-13,2017-08-20 00:00:00+00:00,2017-08-20,2017-11-05,demand-v2-provisional,provisional
JP,coastal_island,train,503,2016-08-28,2017-08-20,2017-08-27 00:00:00+00:00,2017-08-27,2017-11-12,demand-v2-provisional,provisional
JP,coastal_island,train,504,2016-09-04,2017-08-27,2017-09-03 00:00:00+00:00,2017-09-03,2017-11-19,demand-v2-provisional,provisional
JP,coastal_island,train,505,2016-09-11,2017-09-03,2017-09-10 00:00:00+00:00,2017-09-10,2017-11-26,demand-v2-provisional,provisional
JP,coastal_island,train,506,2016-09-18,2017-09-10,2017-09-17 00:00:00+00:00,2017-09-17,2017-12-03,demand-v2-provisional,provisional
JP,coastal_island,train,507,2016-09-25,2017-09-17,2017-09-24 00:00:00+00:00,2017-09-24,2017-12-10,demand-v2-provisional,provisional
JP,coastal_island,train,508,2016-10-02,2017-09-24,2017-10-01 00:00:00+00:00,2017-10-01,2017-12-17,demand-v2-provisional,provisional
JP,coastal_island,train,509,2016-10-09,2017-10-01,2017-10-08 00:00:00+00:00,2017-10-08,2017-12-24,demand-v2-provisional,provisional
JP,coastal_island,train,510,2016-10-16,2017-10-08,2017-10-15 00:00:00+00:00,2017-10-15,2017-12-31,demand-v2-provisional,provisional
JP,coastal_island,train,511,2016-10-23,2017-10-15,2017-10-22 00:00:00+00:00,2017-10-22,2018-01-07,demand-v2-provisional,provisional
JP,coastal_island,train,512,2016-10-30,2017-10-22,2017-10-29 00:00:00+00:00,2017-10-29,2018-01-14,demand-v2-provisional,provisional
JP,coastal_island,train,513,2016-11-06,2017-10-29,2017-11-05 00:00:00+00:00,2017-11-05,2018-01-21,demand-v2-provisional,provisional
JP,coastal_island,train,514,2016-11-13,2017-11-05,2017-11-12 00:00:00+00:00,2017-11-12,2018-01-28,demand-v2-provisional,provisional
JP,coastal_island,train,515,2016-11-20,2017-11-12,2017-11-19 00:00:00+00:00,2017-11-19,2018-02-04,demand-v2-provisional,provisional
JP,coastal_island,train,516,2016-11-27,2017-11-19,2017-11-26 00:00:00+00:00,2017-11-26,2018-02-11,demand-v2-provisional,provisional
JP,coastal_island,train,517,2016-12-04,2017-11-26,2017-12-03 00:00:00+00:00,2017-12-03,2018-02-18,demand-v2-provisional,provisional
JP,coastal_island,train,518,2016-12-11,2017-12-03,2017-12-10 00:00:00+00:00,2017-12-10,2018-02-25,demand-v2-provisional,provisional
JP,coastal_island,train,519,2016-12-18,2017-12-10,2017-12-17 00:00:00+00:00,2017-12-17,2018-03-04,demand-v2-provisional,provisional
JP,coastal_island,train,520,2016-12-25,2017-12-17,2017-12-24 00:00:00+00:00,2017-12-24,2018-03-11,demand-v2-provisional,provisional
JP,coastal_island,train,521,2017-01-01,2017-12-24,2017-12-31 00:00:00+00:00,2017-12-31,2018-03-18,demand-v2-provisional,provisional
JP,coastal_island,train,522,2017-01-08,2017-12-31,2018-01-07 00:00:00+00:00,2018-01-07,2018-03-25,demand-v2-provisional,provisional
JP,coastal_island,train,523,2017-01-15,2018-01-07,2018-01-14 00:00:00+00:00,2018-01-14,2018-04-01,demand-v2-provisional,provisional
JP,coastal_island,train,524,2017-01-22,2018-01-14,2018-01-21 00:00:00+00:00,2018-01-21,2018-04-08,demand-v2-provisional,provisional
JP,coastal_island,train,525,2017-01-29,2018-01-21,2018-01-28 00:00:00+00:00,2018-01-28,2018-04-15,demand-v2-provisional,provisional
JP,coastal_island,train,526,2017-02-05,2018-01-28,2018-02-04 00:00:00+00:00,2018-02-04,2018-04-22,demand-v2-provisional,provisional
JP,coastal_island,train,527,2017-02-12,2018-02-04,2018-02-11 00:00:00+00:00,2018-02-11,2018-04-29,demand-v2-provisional,provisional
JP,coastal_island,train,528,2017-02-19,2018-02-11,2018-02-18 00:00:00+00:00,2018-02-18,2018-05-06,demand-v2-provisional,provisional
JP,coastal_island,train,529,2017-02-26,2018-02-18,2018-02-25 00:00:00+00:00,2018-02-25,2018-05-13,demand-v2-provisional,provisional
JP,coastal_island,train,530,2017-03-05,2018-02-25,2018-03-04 00:00:00+00:00,2018-03-04,2018-05-20,demand-v2-provisional,provisional
JP,coastal_island,train,531,2017-03-12,2018-03-04,2018-03-11 00:00:00+00:00,2018-03-11,2018-05-27,demand-v2-provisional,provisional
JP,coastal_island,train,532,2017-03-19,2018-03-11,2018-03-18 00:00:00+00:00,2018-03-18,2018-06-03,demand-v2-provisional,provisional
JP,coastal_island,train,533,2017-03-26,2018-03-18,2018-03-25 00:00:00+00:00,2018-03-25,2018-06-10,demand-v2-provisional,provisional
JP,coastal_island,train,534,2017-04-02,2018-03-25,2018-04-01 00:00:00+00:00,2018-04-01,2018-06-17,demand-v2-provisional,provisional
JP,coastal_island,train,535,2017-04-09,2018-04-01,2018-04-08 00:00:00+00:00,2018-04-08,2018-06-24,demand-v2-provisional,provisional
JP,coastal_island,train,536,2017-04-16,2018-04-08,2018-04-15 00:00:00+00:00,2018-04-15,2018-07-01,demand-v2-provisional,provisional
JP,coastal_island,train,537,2017-04-23,2018-04-15,2018-04-22 00:00:00+00:00,2018-04-22,2018-07-08,demand-v2-provisional,provisional
JP,coastal_island,train,538,2017-04-30,2018-04-22,2018-04-29 00:00:00+00:00,2018-04-29,2018-07-15,demand-v2-provisional,provisional
JP,coastal_island,train,539,2017-05-07,2018-04-29,2018-05-06 00:00:00+00:00,2018-05-06,2018-07-22,demand-v2-provisional,provisional
JP,coastal_island,train,540,2017-05-14,2018-05-06,2018-05-13 00:00:00+00:00,2018-05-13,2018-07-29,demand-v2-provisional,provisional
JP,coastal_island,train,541,2017-05-21,2018-05-13,2018-05-20 00:00:00+00:00,2018-05-20,2018-08-05,demand-v2-provisional,provisional
JP,coastal_island,train,542,2017-05-28,2018-05-20,2018-05-27 00:00:00+00:00,2018-05-27,2018-08-12,demand-v2-provisional,provisional
JP,coastal_island,train,543,2017-06-04,2018-05-27,2018-06-03 00:00:00+00:00,2018-06-03,2018-08-19,demand-v2-provisional,provisional
JP,coastal_island,train,544,2017-06-11,2018-06-03,2018-06-10 00:00:00+00:00,2018-06-10,2018-08-26,demand-v2-provisional,provisional
JP,coastal_island,train,545,2017-06-18,2018-06-10,2018-06-17 00:00:00+00:00,2018-06-17,2018-09-02,demand-v2-provisional,provisional
JP,coastal_island,train,546,2017-06-25,2018-06-17,2018-06-24 00:00:00+00:00,2018-06-24,2018-09-09,demand-v2-provisional,provisional
JP,coastal_island,train,547,2017-07-02,2018-06-24,2018-07-01 00:00:00+00:00,2018-07-01,2018-09-16,demand-v2-provisional,provisional
JP,coastal_island,train,548,2017-07-09,2018-07-01,2018-07-08 00:00:00+00:00,2018-07-08,2018-09-23,demand-v2-provisional,provisional
JP,coastal_island,train,549,2017-07-16,2018-07-08,2018-07-15 00:00:00+00:00,2018-07-15,2018-09-30,demand-v2-provisional,provisional
JP,coastal_island,train,550,2017-07-23,2018-07-15,2018-07-22 00:00:00+00:00,2018-07-22,2018-10-07,demand-v2-provisional,provisional
JP,coastal_island,train,551,2017-07-30,2018-07-22,2018-07-29 00:00:00+00:00,2018-07-29,2018-10-14,demand-v2-provisional,provisional
JP,coastal_island,train,552,2017-08-06,2018-07-29,2018-08-05 00:00:00+00:00,2018-08-05,2018-10-21,demand-v2-provisional,provisional
JP,coastal_island,train,553,2017-08-13,2018-08-05,2018-08-12 00:00:00+00:00,2018-08-12,2018-10-28,demand-v2-provisional,provisional
JP,coastal_island,train,554,2017-08-20,2018-08-12,2018-08-19 00:00:00+00:00,2018-08-19,2018-11-04,demand-v2-provisional,provisional
JP,coastal_island,train,555,2017-08-27,2018-08-19,2018-08-26 00:00:00+00:00,2018-08-26,2018-11-11,demand-v2-provisional,provisional
JP,coastal_island,train,556,2017-09-03,2018-08-26,2018-09-02 00:00:00+00:00,2018-09-02,2018-11-18,demand-v2-provisional,provisional
JP,coastal_island,train,557,2017-09-10,2018-09-02,2018-09-09 00:00:00+00:00,2018-09-09,2018-11-25,demand-v2-provisional,provisional
JP,coastal_island,train,558,2017-09-17,2018-09-09,2018-09-16 00:00:00+00:00,2018-09-16,2018-12-02,demand-v2-provisional,provisional
JP,coastal_island,train,559,2017-09-24,2018-09-16,2018-09-23 00:00:00+00:00,2018-09-23,2018-12-09,demand-v2-provisional,provisional
JP,coastal_island,train,560,2017-10-01,2018-09-23,2018-09-30 00:00:00+00:00,2018-09-30,2018-12-16,demand-v2-provisional,provisional
JP,coastal_island,train,561,2017-10-08,2018-09-30,2018-10-07 00:00:00+00:00,2018-10-07,2018-12-23,demand-v2-provisional,provisional
JP,coastal_island,train,562,2017-10-15,2018-10-07,2018-10-14 00:00:00+00:00,2018-10-14,2018-12-30,demand-v2-provisional,provisional
JP,coastal_island,train,563,2017-10-22,2018-10-14,2018-10-21 00:00:00+00:00,2018-10-21,2019-01-06,demand-v2-provisional,provisional
JP,coastal_island,train,564,2017-10-29,2018-10-21,2018-10-28 00:00:00+00:00,2018-10-28,2019-01-13,demand-v2-provisional,provisional
JP,coastal_island,train,565,2017-11-05,2018-10-28,2018-11-04 00:00:00+00:00,2018-11-04,2019-01-20,demand-v2-provisional,provisional
JP,coastal_island,train,566,2017-11-12,2018-11-04,2018-11-11 00:00:00+00:00,2018-11-11,2019-01-27,demand-v2-provisional,provisional
JP,coastal_island,train,567,2017-11-19,2018-11-11,2018-11-18 00:00:00+00:00,2018-11-18,2019-02-03,demand-v2-provisional,provisional
JP,coastal_island,train,568,2017-11-26,2018-11-18,2018-11-25 00:00:00+00:00,2018-11-25,2019-02-10,demand-v2-provisional,provisional
JP,coastal_island,train,569,2017-12-03,2018-11-25,2018-12-02 00:00:00+00:00,2018-12-02,2019-02-17,demand-v2-provisional,provisional
JP,coastal_island,train,570,2017-12-10,2018-12-02,2018-12-09 00:00:00+00:00,2018-12-09,2019-02-24,demand-v2-provisional,provisional
JP,coastal_island,train,571,2017-12-17,2018-12-09,2018-12-16 00:00:00+00:00,2018-12-16,2019-03-03,demand-v2-provisional,provisional
JP,coastal_island,train,572,2017-12-24,2018-12-16,2018-12-23 00:00:00+00:00,2018-12-23,2019-03-10,demand-v2-provisional,provisional
JP,coastal_island,train,573,2017-12-31,2018-12-23,2018-12-30 00:00:00+00:00,2018-12-30,2019-03-17,demand-v2-provisional,provisional
JP,coastal_island,train,574,2018-01-07,2018-12-30,2019-01-06 00:00:00+00:00,2019-01-06,2019-03-24,demand-v2-provisional,provisional
JP,coastal_island,train,575,2018-01-14,2019-01-06,2019-01-13 00:00:00+00:00,2019-01-13,2019-03-31,demand-v2-provisional,provisional
JP,coastal_island,train,576,2018-01-21,2019-01-13,2019-01-20 00:00:00+00:00,2019-01-20,2019-04-07,demand-v2-provisional,provisional
JP,coastal_island,train,577,2018-01-28,2019-01-20,2019-01-27 00:00:00+00:00,2019-01-27,2019-04-14,demand-v2-provisional,provisional
JP,coastal_island,train,578,2018-02-04,2019-01-27,2019-02-03 00:00:00+00:00,2019-02-03,2019-04-21,demand-v2-provisional,provisional
JP,coastal_island,train,579,2018-02-11,2019-02-03,2019-02-10 00:00:00+00:00,2019-02-10,2019-04-28,demand-v2-provisional,provisional
JP,coastal_island,train,580,2018-02-18,2019-02-10,2019-02-17 00:00:00+00:00,2019-02-17,2019-05-05,demand-v2-provisional,provisional
JP,coastal_island,train,581,2018-02-25,2019-02-17,2019-02-24 00:00:00+00:00,2019-02-24,2019-05-12,demand-v2-provisional,provisional
JP,coastal_island,train,582,2018-03-04,2019-02-24,2019-03-03 00:00:00+00:00,2019-03-03,2019-05-19,demand-v2-provisional,provisional
JP,coastal_island,train,583,2018-03-11,2019-03-03,2019-03-10 00:00:00+00:00,2019-03-10,2019-05-26,demand-v2-provisional,provisional
JP,coastal_island,train,584,2018-03-18,2019-03-10,2019-03-17 00:00:00+00:00,2019-03-17,2019-06-02,demand-v2-provisional,provisional
JP,coastal_island,train,585,2018-03-25,2019-03-17,2019-03-24 00:00:00+00:00,2019-03-24,2019-06-09,demand-v2-provisional,provisional
JP,coastal_island,train,586,2018-04-01,2019-03-24,2019-03-31 00:00:00+00:00,2019-03-31,2019-06-16,demand-v2-provisional,provisional
JP,coastal_island,train,587,2018-04-08,2019-03-31,2019-04-07 00:00:00+00:00,2019-04-07,2019-06-23,demand-v2-provisional,provisional
JP,coastal_island,train,588,2018-04-15,2019-04-07,2019-04-14 00:00:00+00:00,2019-04-14,2019-06-30,demand-v2-provisional,provisional
JP,coastal_island,train,589,2018-04-22,2019-04-14,2019-04-21 00:00:00+00:00,2019-04-21,2019-07-07,demand-v2-provisional,provisional
JP,coastal_island,train,590,2018-04-29,2019-04-21,2019-04-28 00:00:00+00:00,2019-04-28,2019-07-14,demand-v2-provisional,provisional
JP,coastal_island,train,591,2018-05-06,2019-04-28,2019-05-05 00:00:00+00:00,2019-05-05,2019-07-21,demand-v2-provisional,provisional
JP,coastal_island,train,592,2018-05-13,2019-05-05,2019-05-12 00:00:00+00:00,2019-05-12,2019-07-28,demand-v2-provisional,provisional
JP,coastal_island,train,593,2018-05-20,2019-05-12,2019-05-19 00:00:00+00:00,2019-05-19,2019-08-04,demand-v2-provisional,provisional
JP,coastal_island,train,594,2018-05-27,2019-05-19,2019-05-26 00:00:00+00:00,2019-05-26,2019-08-11,demand-v2-provisional,provisional
JP,coastal_island,train,595,2018-06-03,2019-05-26,2019-06-02 00:00:00+00:00,2019-06-02,2019-08-18,demand-v2-provisional,provisional
JP,coastal_island,train,596,2018-06-10,2019-06-02,2019-06-09 00:00:00+00:00,2019-06-09,2019-08-25,demand-v2-provisional,provisional
JP,coastal_island,train,597,2018-06-17,2019-06-09,2019-06-16 00:00:00+00:00,2019-06-16,2019-09-01,demand-v2-provisional,provisional
JP,coastal_island,train,598,2018-06-24,2019-06-16,2019-06-23 00:00:00+00:00,2019-06-23,2019-09-08,demand-v2-provisional,provisional
JP,coastal_island,train,599,2018-07-01,2019-06-23,2019-06-30 00:00:00+00:00,2019-06-30,2019-09-15,demand-v2-provisional,provisional
JP,coastal_island,train,600,2018-07-08,2019-06-30,2019-07-07 00:00:00+00:00,2019-07-07,2019-09-22,demand-v2-provisional,provisional
JP,coastal_island,train,601,2018-07-15,2019-07-07,2019-07-14 00:00:00+00:00,2019-07-14,2019-09-29,demand-v2-provisional,provisional
JP,coastal_island,train,602,2018-07-22,2019-07-14,2019-07-21 00:00:00+00:00,2019-07-21,2019-10-06,demand-v2-provisional,provisional
JP,coastal_island,train,603,2018-07-29,2019-07-21,2019-07-28 00:00:00+00:00,2019-07-28,2019-10-13,demand-v2-provisional,provisional
JP,coastal_island,train,604,2018-08-05,2019-07-28,2019-08-04 00:00:00+00:00,2019-08-04,2019-10-20,demand-v2-provisional,provisional
JP,coastal_island,train,605,2018-08-12,2019-08-04,2019-08-11 00:00:00+00:00,2019-08-11,2019-10-27,demand-v2-provisional,provisional
JP,coastal_island,train,606,2018-08-19,2019-08-11,2019-08-18 00:00:00+00:00,2019-08-18,2019-11-03,demand-v2-provisional,provisional
JP,coastal_island,train,607,2018-08-26,2019-08-18,2019-08-25 00:00:00+00:00,2019-08-25,2019-11-10,demand-v2-provisional,provisional
JP,coastal_island,train,608,2018-09-02,2019-08-25,2019-09-01 00:00:00+00:00,2019-09-01,2019-11-17,demand-v2-provisional,provisional
JP,coastal_island,train,609,2018-09-09,2019-09-01,2019-09-08 00:00:00+00:00,2019-09-08,2019-11-24,demand-v2-provisional,provisional
JP,coastal_island,train,610,2018-09-16,2019-09-08,2019-09-15 00:00:00+00:00,2019-09-15,2019-12-01,demand-v2-provisional,provisional
JP,coastal_island,train,611,2018-09-23,2019-09-15,2019-09-22 00:00:00+00:00,2019-09-22,2019-12-08,demand-v2-provisional,provisional
JP,coastal_island,train,612,2018-09-30,2019-09-22,2019-09-29 00:00:00+00:00,2019-09-29,2019-12-15,demand-v2-provisional,provisional
JP,coastal_island,train,613,2018-10-07,2019-09-29,2019-10-06 00:00:00+00:00,2019-10-06,2019-12-22,demand-v2-provisional,provisional
JP,coastal_island,train,614,2023-01-01,2023-12-24,2023-12-31 00:00:00+00:00,2023-12-31,2024-03-17,demand-v2-provisional,provisional
JP,coastal_island,train,615,2023-01-08,2023-12-31,2024-01-07 00:00:00+00:00,2024-01-07,2024-03-24,demand-v2-provisional,provisional
JP,coastal_island,train,616,2023-01-15,2024-01-07,2024-01-14 00:00:00+00:00,2024-01-14,2024-03-31,demand-v2-provisional,provisional
JP,coastal_island,train,617,2023-01-22,2024-01-14,2024-01-21 00:00:00+00:00,2024-01-21,2024-04-07,demand-v2-provisional,provisional
JP,coastal_island,train,618,2023-01-29,2024-01-21,2024-01-28 00:00:00+00:00,2024-01-28,2024-04-14,demand-v2-provisional,provisional
JP,coastal_island,train,619,2023-02-05,2024-01-28,2024-02-04 00:00:00+00:00,2024-02-04,2024-04-21,demand-v2-provisional,provisional
JP,coastal_island,train,620,2023-02-12,2024-02-04,2024-02-11 00:00:00+00:00,2024-02-11,2024-04-28,demand-v2-provisional,provisional
JP,coastal_island,train,621,2023-02-19,2024-02-11,2024-02-18 00:00:00+00:00,2024-02-18,2024-05-05,demand-v2-provisional,provisional
JP,coastal_island,train,622,2023-02-26,2024-02-18,2024-02-25 00:00:00+00:00,2024-02-25,2024-05-12,demand-v2-provisional,provisional
JP,coastal_island,train,623,2023-03-05,2024-02-25,2024-03-03 00:00:00+00:00,2024-03-03,2024-05-19,demand-v2-provisional,provisional
JP,coastal_island,validation,62,2023-05-28,2024-05-19,2024-05-26 00:00:00+00:00,2024-05-26,2024-08-11,demand-v2-provisional,provisional
JP,coastal_island,validation,63,2023-06-04,2024-05-26,2024-06-02 00:00:00+00:00,2024-06-02,2024-08-18,demand-v2-provisional,provisional
JP,coastal_island,validation,64,2023-06-11,2024-06-02,2024-06-09 00:00:00+00:00,2024-06-09,2024-08-25,demand-v2-provisional,provisional
JP,coastal_island,validation,65,2023-06-18,2024-06-09,2024-06-16 00:00:00+00:00,2024-06-16,2024-09-01,demand-v2-provisional,provisional
JP,coastal_island,validation,66,2023-06-25,2024-06-16,2024-06-23 00:00:00+00:00,2024-06-23,2024-09-08,demand-v2-provisional,provisional
JP,coastal_island,validation,67,2023-07-02,2024-06-23,2024-06-30 00:00:00+00:00,2024-06-30,2024-09-15,demand-v2-provisional,provisional
JP,coastal_island,validation,68,2023-07-09,2024-06-30,2024-07-07 00:00:00+00:00,2024-07-07,2024-09-22,demand-v2-provisional,provisional
JP,coastal_island,validation,69,2023-07-16,2024-07-07,2024-07-14 00:00:00+00:00,2024-07-14,2024-09-29,demand-v2-provisional,provisional
JP,coastal_island,validation,70,2023-07-23,2024-07-14,2024-07-21 00:00:00+00:00,2024-07-21,2024-10-06,demand-v2-provisional,provisional
JP,coastal_island,validation,71,2023-07-30,2024-07-21,2024-07-28 00:00:00+00:00,2024-07-28,2024-10-13,demand-v2-provisional,provisional
JP,coastal_island,validation,72,2023-08-06,2024-07-28,2024-08-04 00:00:00+00:00,2024-08-04,2024-10-20,demand-v2-provisional,provisional
JP,coastal_island,validation,73,2023-08-13,2024-08-04,2024-08-11 00:00:00+00:00,2024-08-11,2024-10-27,demand-v2-provisional,provisional
JP,coastal_island,validation,74,2023-08-20,2024-08-11,2024-08-18 00:00:00+00:00,2024-08-18,2024-11-03,demand-v2-provisional,provisional
JP,coastal_island,validation,75,2023-08-27,2024-08-18,2024-08-25 00:00:00+00:00,2024-08-25,2024-11-10,demand-v2-provisional,provisional
JP,coastal_island,validation,76,2023-09-03,2024-08-25,2024-09-01 00:00:00+00:00,2024-09-01,2024-11-17,demand-v2-provisional,provisional
JP,coastal_island,validation,77,2023-09-10,2024-09-01,2024-09-08 00:00:00+00:00,2024-09-08,2024-11-24,demand-v2-provisional,provisional
JP,coastal_island,validation,78,2023-09-17,2024-09-08,2024-09-15 00:00:00+00:00,2024-09-15,2024-12-01,demand-v2-provisional,provisional
JP,coastal_island,validation,79,2023-09-24,2024-09-15,2024-09-22 00:00:00+00:00,2024-09-22,2024-12-08,demand-v2-provisional,provisional
JP,coastal_island,validation,80,2023-10-01,2024-09-22,2024-09-29 00:00:00+00:00,2024-09-29,2024-12-15,demand-v2-provisional,provisional
JP,coastal_island,validation,81,2023-10-08,2024-09-29,2024-10-06 00:00:00+00:00,2024-10-06,2024-12-22,demand-v2-provisional,provisional
JP,coastal_island,validation,82,2023-10-15,2024-10-06,2024-10-13 00:00:00+00:00,2024-10-13,2024-12-29,demand-v2-provisional,provisional
JP,coastal_island,validation,83,2023-10-22,2024-10-13,2024-10-20 00:00:00+00:00,2024-10-20,2025-01-05,demand-v2-provisional,provisional
JP,coastal_island,validation,84,2023-10-29,2024-10-20,2024-10-27 00:00:00+00:00,2024-10-27,2025-01-12,demand-v2-provisional,provisional
JP,coastal_island,validation,85,2023-11-05,2024-10-27,2024-11-03 00:00:00+00:00,2024-11-03,2025-01-19,demand-v2-provisional,provisional
JP,coastal_island,validation,86,2023-11-12,2024-11-03,2024-11-10 00:00:00+00:00,2024-11-10,2025-01-26,demand-v2-provisional,provisional
JP,coastal_island,validation,87,2023-11-19,2024-11-10,2024-11-17 00:00:00+00:00,2024-11-17,2025-02-02,demand-v2-provisional,provisional
JP,coastal_island,validation,88,2023-11-26,2024-11-17,2024-11-24 00:00:00+00:00,2024-11-24,2025-02-09,demand-v2-provisional,provisional
JP,coastal_island,validation,89,2023-12-03,2024-11-24,2024-12-01 00:00:00+00:00,2024-12-01,2025-02-16,demand-v2-provisional,provisional
JP,coastal_island,validation,90,2023-12-10,2024-12-01,2024-12-08 00:00:00+00:00,2024-12-08,2025-02-23,demand-v2-provisional,provisional
JP,coastal_island,validation,91,2023-12-17,2024-12-08,2024-12-15 00:00:00+00:00,2024-12-15,2025-03-02,demand-v2-provisional,provisional
JP,coastal_island,validation,92,2023-12-24,2024-12-15,2024-12-22 00:00:00+00:00,2024-12-22,2025-03-09,demand-v2-provisional,provisional
JP,coastal_island,test,62,2024-03-17,2025-03-09,2025-03-16 00:00:00+00:00,2025-03-16,2025-06-01,demand-v2-provisional,provisional
JP,coastal_island,test,63,2024-03-24,2025-03-16,2025-03-23 00:00:00+00:00,2025-03-23,2025-06-08,demand-v2-provisional,provisional
JP,coastal_island,test,64,2024-03-31,2025-03-23,2025-03-30 00:00:00+00:00,2025-03-30,2025-06-15,demand-v2-provisional,provisional
JP,coastal_island,test,65,2024-04-07,2025-03-30,2025-04-06 00:00:00+00:00,2025-04-06,2025-06-22,demand-v2-provisional,provisional
JP,coastal_island,test,66,2024-04-14,2025-04-06,2025-04-13 00:00:00+00:00,2025-04-13,2025-06-29,demand-v2-provisional,provisional
JP,coastal_island,test,67,2024-04-21,2025-04-13,2025-04-20 00:00:00+00:00,2025-04-20,2025-07-06,demand-v2-provisional,provisional
JP,coastal_island,test,68,2024-04-28,2025-04-20,2025-04-27 00:00:00+00:00,2025-04-27,2025-07-13,demand-v2-provisional,provisional
JP,coastal_island,test,69,2024-05-05,2025-04-27,2025-05-04 00:00:00+00:00,2025-05-04,2025-07-20,demand-v2-provisional,provisional
JP,coastal_island,test,70,2024-05-12,2025-05-04,2025-05-11 00:00:00+00:00,2025-05-11,2025-07-27,demand-v2-provisional,provisional
JP,coastal_island,test,71,2024-05-19,2025-05-11,2025-05-18 00:00:00+00:00,2025-05-18,2025-08-03,demand-v2-provisional,provisional
JP,coastal_island,test,72,2024-05-26,2025-05-18,2025-05-25 00:00:00+00:00,2025-05-25,2025-08-10,demand-v2-provisional,provisional
JP,coastal_island,test,73,2024-06-02,2025-05-25,2025-06-01 00:00:00+00:00,2025-06-01,2025-08-17,demand-v2-provisional,provisional
JP,coastal_island,test,74,2024-06-09,2025-06-01,2025-06-08 00:00:00+00:00,2025-06-08,2025-08-24,demand-v2-provisional,provisional
JP,coastal_island,test,75,2024-06-16,2025-06-08,2025-06-15 00:00:00+00:00,2025-06-15,2025-08-31,demand-v2-provisional,provisional
JP,coastal_island,test,76,2024-06-23,2025-06-15,2025-06-22 00:00:00+00:00,2025-06-22,2025-09-07,demand-v2-provisional,provisional
JP,coastal_island,test,77,2024-06-30,2025-06-22,2025-06-29 00:00:00+00:00,2025-06-29,2025-09-14,demand-v2-provisional,provisional
JP,coastal_island,test,78,2024-07-07,2025-06-29,2025-07-06 00:00:00+00:00,2025-07-06,2025-09-21,demand-v2-provisional,provisional
JP,coastal_island,test,79,2024-07-14,2025-07-06,2025-07-13 00:00:00+00:00,2025-07-13,2025-09-28,demand-v2-provisional,provisional
JP,coastal_island,test,80,2024-07-21,2025-07-13,2025-07-20 00:00:00+00:00,2025-07-20,2025-10-05,demand-v2-provisional,provisional
JP,coastal_island,test,81,2024-07-28,2025-07-20,2025-07-27 00:00:00+00:00,2025-07-27,2025-10-12,demand-v2-provisional,provisional
JP,coastal_island,test,82,2024-08-04,2025-07-27,2025-08-03 00:00:00+00:00,2025-08-03,2025-10-19,demand-v2-provisional,provisional
JP,coastal_island,test,83,2024-08-11,2025-08-03,2025-08-10 00:00:00+00:00,2025-08-10,2025-10-26,demand-v2-provisional,provisional
JP,coastal_island,test,84,2024-08-18,2025-08-10,2025-08-17 00:00:00+00:00,2025-08-17,2025-11-02,demand-v2-provisional,provisional
JP,coastal_island,test,85,2024-08-25,2025-08-17,2025-08-24 00:00:00+00:00,2025-08-24,2025-11-09,demand-v2-provisional,provisional
JP,coastal_island,test,86,2024-09-01,2025-08-24,2025-08-31 00:00:00+00:00,2025-08-31,2025-11-16,demand-v2-provisional,provisional
JP,coastal_island,test,87,2024-09-08,2025-08-31,2025-09-07 00:00:00+00:00,2025-09-07,2025-11-23,demand-v2-provisional,provisional
JP,coastal_island,test,88,2024-09-15,2025-09-07,2025-09-14 00:00:00+00:00,2025-09-14,2025-11-30,demand-v2-provisional,provisional
JP,coastal_island,test,89,2024-09-22,2025-09-14,2025-09-21 00:00:00+00:00,2025-09-21,2025-12-07,demand-v2-provisional,provisional
JP,coastal_island,test,90,2024-09-29,2025-09-21,2025-09-28 00:00:00+00:00,2025-09-28,2025-12-14,demand-v2-provisional,provisional
JP,coastal_island,test,91,2024-10-06,2025-09-28,2025-10-05 00:00:00+00:00,2025-10-05,2025-12-21,demand-v2-provisional,provisional
JP,coastal_island,test,92,2024-10-13,2025-10-05,2025-10-12 00:00:00+00:00,2025-10-12,2025-12-28,demand-v2-provisional,provisional
JP,culinary_gastronomy,train,624,2014-12-28,2015-12-20,2015-12-27 00:00:00+00:00,2015-12-27,2016-03-13,demand-v2-provisional,provisional
JP,culinary_gastronomy,train,625,2015-01-04,2015-12-27,2016-01-03 00:00:00+00:00,2016-01-03,2016-03-20,demand-v2-provisional,provisional
JP,culinary_gastronomy,train,626,2015-01-11,2016-01-03,2016-01-10 00:00:00+00:00,2016-01-10,2016-03-27,demand-v2-provisional,provisional
JP,culinary_gastronomy,train,627,2015-01-18,2016-01-10,2016-01-17 00:00:00+00:00,2016-01-17,2016-04-03,demand-v2-provisional,provisional
JP,culinary_gastronomy,train,628,2015-01-25,2016-01-17,2016-01-24 00:00:00+00:00,2016-01-24,2016-04-10,demand-v2-provisional,provisional
JP,culinary_gastronomy,train,629,2015-02-01,2016-01-24,2016-01-31 00:00:00+00:00,2016-01-31,2016-04-17,demand-v2-provisional,provisional
JP,culinary_gastronomy,train,630,2015-02-08,2016-01-31,2016-02-07 00:00:00+00:00,2016-02-07,2016-04-24,demand-v2-provisional,provisional
JP,culinary_gastronomy,train,631,2015-02-15,2016-02-07,2016-02-14 00:00:00+00:00,2016-02-14,2016-05-01,demand-v2-provisional,provisional
JP,culinary_gastronomy,train,632,2015-02-22,2016-02-14,2016-02-21 00:00:00+00:00,2016-02-21,2016-05-08,demand-v2-provisional,provisional
JP,culinary_gastronomy,train,633,2015-03-01,2016-02-21,2016-02-28 00:00:00+00:00,2016-02-28,2016-05-15,demand-v2-provisional,provisional
JP,culinary_gastronomy,train,634,2015-03-08,2016-02-28,2016-03-06 00:00:00+00:00,2016-03-06,2016-05-22,demand-v2-provisional,provisional
JP,culinary_gastronomy,train,635,2015-03-15,2016-03-06,2016-03-13 00:00:00+00:00,2016-03-13,2016-05-29,demand-v2-provisional,provisional
JP,culinary_gastronomy,train,636,2015-03-22,2016-03-13,2016-03-20 00:00:00+00:00,2016-03-20,2016-06-05,demand-v2-provisional,provisional
JP,culinary_gastronomy,train,637,2015-03-29,2016-03-20,2016-03-27 00:00:00+00:00,2016-03-27,2016-06-12,demand-v2-provisional,provisional
JP,culinary_gastronomy,train,638,2015-04-05,2016-03-27,2016-04-03 00:00:00+00:00,2016-04-03,2016-06-19,demand-v2-provisional,provisional
JP,culinary_gastronomy,train,639,2015-04-12,2016-04-03,2016-04-10 00:00:00+00:00,2016-04-10,2016-06-26,demand-v2-provisional,provisional
JP,culinary_gastronomy,train,640,2015-04-19,2016-04-10,2016-04-17 00:00:00+00:00,2016-04-17,2016-07-03,demand-v2-provisional,provisional
JP,culinary_gastronomy,train,641,2015-04-26,2016-04-17,2016-04-24 00:00:00+00:00,2016-04-24,2016-07-10,demand-v2-provisional,provisional
JP,culinary_gastronomy,train,642,2015-05-03,2016-04-24,2016-05-01 00:00:00+00:00,2016-05-01,2016-07-17,demand-v2-provisional,provisional
JP,culinary_gastronomy,train,643,2015-05-10,2016-05-01,2016-05-08 00:00:00+00:00,2016-05-08,2016-07-24,demand-v2-provisional,provisional
JP,culinary_gastronomy,train,644,2015-05-17,2016-05-08,2016-05-15 00:00:00+00:00,2016-05-15,2016-07-31,demand-v2-provisional,provisional
JP,culinary_gastronomy,train,645,2015-05-24,2016-05-15,2016-05-22 00:00:00+00:00,2016-05-22,2016-08-07,demand-v2-provisional,provisional
JP,culinary_gastronomy,train,646,2015-05-31,2016-05-22,2016-05-29 00:00:00+00:00,2016-05-29,2016-08-14,demand-v2-provisional,provisional
JP,culinary_gastronomy,train,647,2015-06-07,2016-05-29,2016-06-05 00:00:00+00:00,2016-06-05,2016-08-21,demand-v2-provisional,provisional
JP,culinary_gastronomy,train,648,2015-06-14,2016-06-05,2016-06-12 00:00:00+00:00,2016-06-12,2016-08-28,demand-v2-provisional,provisional
JP,culinary_gastronomy,train,649,2015-06-21,2016-06-12,2016-06-19 00:00:00+00:00,2016-06-19,2016-09-04,demand-v2-provisional,provisional
JP,culinary_gastronomy,train,650,2015-06-28,2016-06-19,2016-06-26 00:00:00+00:00,2016-06-26,2016-09-11,demand-v2-provisional,provisional
JP,culinary_gastronomy,train,651,2015-07-05,2016-06-26,2016-07-03 00:00:00+00:00,2016-07-03,2016-09-18,demand-v2-provisional,provisional
JP,culinary_gastronomy,train,652,2015-07-12,2016-07-03,2016-07-10 00:00:00+00:00,2016-07-10,2016-09-25,demand-v2-provisional,provisional
JP,culinary_gastronomy,train,653,2015-07-19,2016-07-10,2016-07-17 00:00:00+00:00,2016-07-17,2016-10-02,demand-v2-provisional,provisional
JP,culinary_gastronomy,train,654,2015-07-26,2016-07-17,2016-07-24 00:00:00+00:00,2016-07-24,2016-10-09,demand-v2-provisional,provisional
JP,culinary_gastronomy,train,655,2015-08-02,2016-07-24,2016-07-31 00:00:00+00:00,2016-07-31,2016-10-16,demand-v2-provisional,provisional
JP,culinary_gastronomy,train,656,2015-08-09,2016-07-31,2016-08-07 00:00:00+00:00,2016-08-07,2016-10-23,demand-v2-provisional,provisional
JP,culinary_gastronomy,train,657,2015-08-16,2016-08-07,2016-08-14 00:00:00+00:00,2016-08-14,2016-10-30,demand-v2-provisional,provisional
JP,culinary_gastronomy,train,658,2015-08-23,2016-08-14,2016-08-21 00:00:00+00:00,2016-08-21,2016-11-06,demand-v2-provisional,provisional
JP,culinary_gastronomy,train,659,2015-08-30,2016-08-21,2016-08-28 00:00:00+00:00,2016-08-28,2016-11-13,demand-v2-provisional,provisional
JP,culinary_gastronomy,train,660,2015-09-06,2016-08-28,2016-09-04 00:00:00+00:00,2016-09-04,2016-11-20,demand-v2-provisional,provisional
JP,culinary_gastronomy,train,661,2015-09-13,2016-09-04,2016-09-11 00:00:00+00:00,2016-09-11,2016-11-27,demand-v2-provisional,provisional
JP,culinary_gastronomy,train,662,2015-09-20,2016-09-11,2016-09-18 00:00:00+00:00,2016-09-18,2016-12-04,demand-v2-provisional,provisional
JP,culinary_gastronomy,train,663,2015-09-27,2016-09-18,2016-09-25 00:00:00+00:00,2016-09-25,2016-12-11,demand-v2-provisional,provisional
JP,culinary_gastronomy,train,664,2015-10-04,2016-09-25,2016-10-02 00:00:00+00:00,2016-10-02,2016-12-18,demand-v2-provisional,provisional
JP,culinary_gastronomy,train,665,2015-10-11,2016-10-02,2016-10-09 00:00:00+00:00,2016-10-09,2016-12-25,demand-v2-provisional,provisional
JP,culinary_gastronomy,train,666,2015-10-18,2016-10-09,2016-10-16 00:00:00+00:00,2016-10-16,2017-01-01,demand-v2-provisional,provisional
JP,culinary_gastronomy,train,667,2015-10-25,2016-10-16,2016-10-23 00:00:00+00:00,2016-10-23,2017-01-08,demand-v2-provisional,provisional
JP,culinary_gastronomy,train,668,2015-11-01,2016-10-23,2016-10-30 00:00:00+00:00,2016-10-30,2017-01-15,demand-v2-provisional,provisional
JP,culinary_gastronomy,train,669,2015-11-08,2016-10-30,2016-11-06 00:00:00+00:00,2016-11-06,2017-01-22,demand-v2-provisional,provisional
JP,culinary_gastronomy,train,670,2015-11-15,2016-11-06,2016-11-13 00:00:00+00:00,2016-11-13,2017-01-29,demand-v2-provisional,provisional
JP,culinary_gastronomy,train,671,2015-11-22,2016-11-13,2016-11-20 00:00:00+00:00,2016-11-20,2017-02-05,demand-v2-provisional,provisional
JP,culinary_gastronomy,train,672,2015-11-29,2016-11-20,2016-11-27 00:00:00+00:00,2016-11-27,2017-02-12,demand-v2-provisional,provisional
JP,culinary_gastronomy,train,673,2015-12-06,2016-11-27,2016-12-04 00:00:00+00:00,2016-12-04,2017-02-19,demand-v2-provisional,provisional
JP,culinary_gastronomy,train,674,2015-12-13,2016-12-04,2016-12-11 00:00:00+00:00,2016-12-11,2017-02-26,demand-v2-provisional,provisional
JP,culinary_gastronomy,train,675,2015-12-20,2016-12-11,2016-12-18 00:00:00+00:00,2016-12-18,2017-03-05,demand-v2-provisional,provisional
JP,culinary_gastronomy,train,676,2015-12-27,2016-12-18,2016-12-25 00:00:00+00:00,2016-12-25,2017-03-12,demand-v2-provisional,provisional
JP,culinary_gastronomy,train,677,2016-01-03,2016-12-25,2017-01-01 00:00:00+00:00,2017-01-01,2017-03-19,demand-v2-provisional,provisional
JP,culinary_gastronomy,train,678,2016-01-10,2017-01-01,2017-01-08 00:00:00+00:00,2017-01-08,2017-03-26,demand-v2-provisional,provisional
JP,culinary_gastronomy,train,679,2016-01-17,2017-01-08,2017-01-15 00:00:00+00:00,2017-01-15,2017-04-02,demand-v2-provisional,provisional
JP,culinary_gastronomy,train,680,2016-01-24,2017-01-15,2017-01-22 00:00:00+00:00,2017-01-22,2017-04-09,demand-v2-provisional,provisional
JP,culinary_gastronomy,train,681,2016-01-31,2017-01-22,2017-01-29 00:00:00+00:00,2017-01-29,2017-04-16,demand-v2-provisional,provisional
JP,culinary_gastronomy,train,682,2016-02-07,2017-01-29,2017-02-05 00:00:00+00:00,2017-02-05,2017-04-23,demand-v2-provisional,provisional
JP,culinary_gastronomy,train,683,2016-02-14,2017-02-05,2017-02-12 00:00:00+00:00,2017-02-12,2017-04-30,demand-v2-provisional,provisional
JP,culinary_gastronomy,train,684,2016-02-21,2017-02-12,2017-02-19 00:00:00+00:00,2017-02-19,2017-05-07,demand-v2-provisional,provisional
JP,culinary_gastronomy,train,685,2016-02-28,2017-02-19,2017-02-26 00:00:00+00:00,2017-02-26,2017-05-14,demand-v2-provisional,provisional
JP,culinary_gastronomy,train,686,2016-03-06,2017-02-26,2017-03-05 00:00:00+00:00,2017-03-05,2017-05-21,demand-v2-provisional,provisional
JP,culinary_gastronomy,train,687,2016-03-13,2017-03-05,2017-03-12 00:00:00+00:00,2017-03-12,2017-05-28,demand-v2-provisional,provisional
JP,culinary_gastronomy,train,688,2016-03-20,2017-03-12,2017-03-19 00:00:00+00:00,2017-03-19,2017-06-04,demand-v2-provisional,provisional
JP,culinary_gastronomy,train,689,2016-03-27,2017-03-19,2017-03-26 00:00:00+00:00,2017-03-26,2017-06-11,demand-v2-provisional,provisional
JP,culinary_gastronomy,train,690,2016-04-03,2017-03-26,2017-04-02 00:00:00+00:00,2017-04-02,2017-06-18,demand-v2-provisional,provisional
JP,culinary_gastronomy,train,691,2016-04-10,2017-04-02,2017-04-09 00:00:00+00:00,2017-04-09,2017-06-25,demand-v2-provisional,provisional
JP,culinary_gastronomy,train,692,2016-04-17,2017-04-09,2017-04-16 00:00:00+00:00,2017-04-16,2017-07-02,demand-v2-provisional,provisional
JP,culinary_gastronomy,train,693,2016-04-24,2017-04-16,2017-04-23 00:00:00+00:00,2017-04-23,2017-07-09,demand-v2-provisional,provisional
JP,culinary_gastronomy,train,694,2016-05-01,2017-04-23,2017-04-30 00:00:00+00:00,2017-04-30,2017-07-16,demand-v2-provisional,provisional
JP,culinary_gastronomy,train,695,2016-05-08,2017-04-30,2017-05-07 00:00:00+00:00,2017-05-07,2017-07-23,demand-v2-provisional,provisional
JP,culinary_gastronomy,train,696,2016-05-15,2017-05-07,2017-05-14 00:00:00+00:00,2017-05-14,2017-07-30,demand-v2-provisional,provisional
JP,culinary_gastronomy,train,697,2016-05-22,2017-05-14,2017-05-21 00:00:00+00:00,2017-05-21,2017-08-06,demand-v2-provisional,provisional
JP,culinary_gastronomy,train,698,2016-05-29,2017-05-21,2017-05-28 00:00:00+00:00,2017-05-28,2017-08-13,demand-v2-provisional,provisional
JP,culinary_gastronomy,train,699,2016-06-05,2017-05-28,2017-06-04 00:00:00+00:00,2017-06-04,2017-08-20,demand-v2-provisional,provisional
JP,culinary_gastronomy,train,700,2016-06-12,2017-06-04,2017-06-11 00:00:00+00:00,2017-06-11,2017-08-27,demand-v2-provisional,provisional
JP,culinary_gastronomy,train,701,2016-06-19,2017-06-11,2017-06-18 00:00:00+00:00,2017-06-18,2017-09-03,demand-v2-provisional,provisional
JP,culinary_gastronomy,train,702,2016-06-26,2017-06-18,2017-06-25 00:00:00+00:00,2017-06-25,2017-09-10,demand-v2-provisional,provisional
JP,culinary_gastronomy,train,703,2016-07-03,2017-06-25,2017-07-02 00:00:00+00:00,2017-07-02,2017-09-17,demand-v2-provisional,provisional
JP,culinary_gastronomy,train,704,2016-07-10,2017-07-02,2017-07-09 00:00:00+00:00,2017-07-09,2017-09-24,demand-v2-provisional,provisional
JP,culinary_gastronomy,train,705,2016-07-17,2017-07-09,2017-07-16 00:00:00+00:00,2017-07-16,2017-10-01,demand-v2-provisional,provisional
JP,culinary_gastronomy,train,706,2016-07-24,2017-07-16,2017-07-23 00:00:00+00:00,2017-07-23,2017-10-08,demand-v2-provisional,provisional
JP,culinary_gastronomy,train,707,2016-07-31,2017-07-23,2017-07-30 00:00:00+00:00,2017-07-30,2017-10-15,demand-v2-provisional,provisional
JP,culinary_gastronomy,train,708,2016-08-07,2017-07-30,2017-08-06 00:00:00+00:00,2017-08-06,2017-10-22,demand-v2-provisional,provisional
JP,culinary_gastronomy,train,709,2016-08-14,2017-08-06,2017-08-13 00:00:00+00:00,2017-08-13,2017-10-29,demand-v2-provisional,provisional
JP,culinary_gastronomy,train,710,2016-08-21,2017-08-13,2017-08-20 00:00:00+00:00,2017-08-20,2017-11-05,demand-v2-provisional,provisional
JP,culinary_gastronomy,train,711,2016-08-28,2017-08-20,2017-08-27 00:00:00+00:00,2017-08-27,2017-11-12,demand-v2-provisional,provisional
JP,culinary_gastronomy,train,712,2016-09-04,2017-08-27,2017-09-03 00:00:00+00:00,2017-09-03,2017-11-19,demand-v2-provisional,provisional
JP,culinary_gastronomy,train,713,2016-09-11,2017-09-03,2017-09-10 00:00:00+00:00,2017-09-10,2017-11-26,demand-v2-provisional,provisional
JP,culinary_gastronomy,train,714,2016-09-18,2017-09-10,2017-09-17 00:00:00+00:00,2017-09-17,2017-12-03,demand-v2-provisional,provisional
JP,culinary_gastronomy,train,715,2016-09-25,2017-09-17,2017-09-24 00:00:00+00:00,2017-09-24,2017-12-10,demand-v2-provisional,provisional
JP,culinary_gastronomy,train,716,2016-10-02,2017-09-24,2017-10-01 00:00:00+00:00,2017-10-01,2017-12-17,demand-v2-provisional,provisional
JP,culinary_gastronomy,train,717,2016-10-09,2017-10-01,2017-10-08 00:00:00+00:00,2017-10-08,2017-12-24,demand-v2-provisional,provisional
JP,culinary_gastronomy,train,718,2016-10-16,2017-10-08,2017-10-15 00:00:00+00:00,2017-10-15,2017-12-31,demand-v2-provisional,provisional
JP,culinary_gastronomy,train,719,2016-10-23,2017-10-15,2017-10-22 00:00:00+00:00,2017-10-22,2018-01-07,demand-v2-provisional,provisional
JP,culinary_gastronomy,train,720,2016-10-30,2017-10-22,2017-10-29 00:00:00+00:00,2017-10-29,2018-01-14,demand-v2-provisional,provisional
JP,culinary_gastronomy,train,721,2016-11-06,2017-10-29,2017-11-05 00:00:00+00:00,2017-11-05,2018-01-21,demand-v2-provisional,provisional
JP,culinary_gastronomy,train,722,2016-11-13,2017-11-05,2017-11-12 00:00:00+00:00,2017-11-12,2018-01-28,demand-v2-provisional,provisional
JP,culinary_gastronomy,train,723,2016-11-20,2017-11-12,2017-11-19 00:00:00+00:00,2017-11-19,2018-02-04,demand-v2-provisional,provisional
JP,culinary_gastronomy,train,724,2016-11-27,2017-11-19,2017-11-26 00:00:00+00:00,2017-11-26,2018-02-11,demand-v2-provisional,provisional
JP,culinary_gastronomy,train,725,2016-12-04,2017-11-26,2017-12-03 00:00:00+00:00,2017-12-03,2018-02-18,demand-v2-provisional,provisional
JP,culinary_gastronomy,train,726,2016-12-11,2017-12-03,2017-12-10 00:00:00+00:00,2017-12-10,2018-02-25,demand-v2-provisional,provisional
JP,culinary_gastronomy,train,727,2016-12-18,2017-12-10,2017-12-17 00:00:00+00:00,2017-12-17,2018-03-04,demand-v2-provisional,provisional
JP,culinary_gastronomy,train,728,2016-12-25,2017-12-17,2017-12-24 00:00:00+00:00,2017-12-24,2018-03-11,demand-v2-provisional,provisional
JP,culinary_gastronomy,train,729,2017-01-01,2017-12-24,2017-12-31 00:00:00+00:00,2017-12-31,2018-03-18,demand-v2-provisional,provisional
JP,culinary_gastronomy,train,730,2017-01-08,2017-12-31,2018-01-07 00:00:00+00:00,2018-01-07,2018-03-25,demand-v2-provisional,provisional
JP,culinary_gastronomy,train,731,2017-01-15,2018-01-07,2018-01-14 00:00:00+00:00,2018-01-14,2018-04-01,demand-v2-provisional,provisional
JP,culinary_gastronomy,train,732,2017-01-22,2018-01-14,2018-01-21 00:00:00+00:00,2018-01-21,2018-04-08,demand-v2-provisional,provisional
JP,culinary_gastronomy,train,733,2017-01-29,2018-01-21,2018-01-28 00:00:00+00:00,2018-01-28,2018-04-15,demand-v2-provisional,provisional
JP,culinary_gastronomy,train,734,2017-02-05,2018-01-28,2018-02-04 00:00:00+00:00,2018-02-04,2018-04-22,demand-v2-provisional,provisional
JP,culinary_gastronomy,train,735,2017-02-12,2018-02-04,2018-02-11 00:00:00+00:00,2018-02-11,2018-04-29,demand-v2-provisional,provisional
JP,culinary_gastronomy,train,736,2017-02-19,2018-02-11,2018-02-18 00:00:00+00:00,2018-02-18,2018-05-06,demand-v2-provisional,provisional
JP,culinary_gastronomy,train,737,2017-02-26,2018-02-18,2018-02-25 00:00:00+00:00,2018-02-25,2018-05-13,demand-v2-provisional,provisional
JP,culinary_gastronomy,train,738,2017-03-05,2018-02-25,2018-03-04 00:00:00+00:00,2018-03-04,2018-05-20,demand-v2-provisional,provisional
JP,culinary_gastronomy,train,739,2017-03-12,2018-03-04,2018-03-11 00:00:00+00:00,2018-03-11,2018-05-27,demand-v2-provisional,provisional
JP,culinary_gastronomy,train,740,2017-03-19,2018-03-11,2018-03-18 00:00:00+00:00,2018-03-18,2018-06-03,demand-v2-provisional,provisional
JP,culinary_gastronomy,train,741,2017-03-26,2018-03-18,2018-03-25 00:00:00+00:00,2018-03-25,2018-06-10,demand-v2-provisional,provisional
JP,culinary_gastronomy,train,742,2017-04-02,2018-03-25,2018-04-01 00:00:00+00:00,2018-04-01,2018-06-17,demand-v2-provisional,provisional
JP,culinary_gastronomy,train,743,2017-04-09,2018-04-01,2018-04-08 00:00:00+00:00,2018-04-08,2018-06-24,demand-v2-provisional,provisional
JP,culinary_gastronomy,train,744,2017-04-16,2018-04-08,2018-04-15 00:00:00+00:00,2018-04-15,2018-07-01,demand-v2-provisional,provisional
JP,culinary_gastronomy,train,745,2017-04-23,2018-04-15,2018-04-22 00:00:00+00:00,2018-04-22,2018-07-08,demand-v2-provisional,provisional
JP,culinary_gastronomy,train,746,2017-04-30,2018-04-22,2018-04-29 00:00:00+00:00,2018-04-29,2018-07-15,demand-v2-provisional,provisional
JP,culinary_gastronomy,train,747,2017-05-07,2018-04-29,2018-05-06 00:00:00+00:00,2018-05-06,2018-07-22,demand-v2-provisional,provisional
JP,culinary_gastronomy,train,748,2017-05-14,2018-05-06,2018-05-13 00:00:00+00:00,2018-05-13,2018-07-29,demand-v2-provisional,provisional
JP,culinary_gastronomy,train,749,2017-05-21,2018-05-13,2018-05-20 00:00:00+00:00,2018-05-20,2018-08-05,demand-v2-provisional,provisional
JP,culinary_gastronomy,train,750,2017-05-28,2018-05-20,2018-05-27 00:00:00+00:00,2018-05-27,2018-08-12,demand-v2-provisional,provisional
JP,culinary_gastronomy,train,751,2017-06-04,2018-05-27,2018-06-03 00:00:00+00:00,2018-06-03,2018-08-19,demand-v2-provisional,provisional
JP,culinary_gastronomy,train,752,2017-06-11,2018-06-03,2018-06-10 00:00:00+00:00,2018-06-10,2018-08-26,demand-v2-provisional,provisional
JP,culinary_gastronomy,train,753,2017-06-18,2018-06-10,2018-06-17 00:00:00+00:00,2018-06-17,2018-09-02,demand-v2-provisional,provisional
JP,culinary_gastronomy,train,754,2017-06-25,2018-06-17,2018-06-24 00:00:00+00:00,2018-06-24,2018-09-09,demand-v2-provisional,provisional
JP,culinary_gastronomy,train,755,2017-07-02,2018-06-24,2018-07-01 00:00:00+00:00,2018-07-01,2018-09-16,demand-v2-provisional,provisional
JP,culinary_gastronomy,train,756,2017-07-09,2018-07-01,2018-07-08 00:00:00+00:00,2018-07-08,2018-09-23,demand-v2-provisional,provisional
JP,culinary_gastronomy,train,757,2017-07-16,2018-07-08,2018-07-15 00:00:00+00:00,2018-07-15,2018-09-30,demand-v2-provisional,provisional
JP,culinary_gastronomy,train,758,2017-07-23,2018-07-15,2018-07-22 00:00:00+00:00,2018-07-22,2018-10-07,demand-v2-provisional,provisional
JP,culinary_gastronomy,train,759,2017-07-30,2018-07-22,2018-07-29 00:00:00+00:00,2018-07-29,2018-10-14,demand-v2-provisional,provisional
JP,culinary_gastronomy,train,760,2017-08-06,2018-07-29,2018-08-05 00:00:00+00:00,2018-08-05,2018-10-21,demand-v2-provisional,provisional
JP,culinary_gastronomy,train,761,2017-08-13,2018-08-05,2018-08-12 00:00:00+00:00,2018-08-12,2018-10-28,demand-v2-provisional,provisional
JP,culinary_gastronomy,train,762,2017-08-20,2018-08-12,2018-08-19 00:00:00+00:00,2018-08-19,2018-11-04,demand-v2-provisional,provisional
JP,culinary_gastronomy,train,763,2017-08-27,2018-08-19,2018-08-26 00:00:00+00:00,2018-08-26,2018-11-11,demand-v2-provisional,provisional
JP,culinary_gastronomy,train,764,2017-09-03,2018-08-26,2018-09-02 00:00:00+00:00,2018-09-02,2018-11-18,demand-v2-provisional,provisional
JP,culinary_gastronomy,train,765,2017-09-10,2018-09-02,2018-09-09 00:00:00+00:00,2018-09-09,2018-11-25,demand-v2-provisional,provisional
JP,culinary_gastronomy,train,766,2017-09-17,2018-09-09,2018-09-16 00:00:00+00:00,2018-09-16,2018-12-02,demand-v2-provisional,provisional
JP,culinary_gastronomy,train,767,2017-09-24,2018-09-16,2018-09-23 00:00:00+00:00,2018-09-23,2018-12-09,demand-v2-provisional,provisional
JP,culinary_gastronomy,train,768,2017-10-01,2018-09-23,2018-09-30 00:00:00+00:00,2018-09-30,2018-12-16,demand-v2-provisional,provisional
JP,culinary_gastronomy,train,769,2017-10-08,2018-09-30,2018-10-07 00:00:00+00:00,2018-10-07,2018-12-23,demand-v2-provisional,provisional
JP,culinary_gastronomy,train,770,2017-10-15,2018-10-07,2018-10-14 00:00:00+00:00,2018-10-14,2018-12-30,demand-v2-provisional,provisional
JP,culinary_gastronomy,train,771,2017-10-22,2018-10-14,2018-10-21 00:00:00+00:00,2018-10-21,2019-01-06,demand-v2-provisional,provisional
JP,culinary_gastronomy,train,772,2017-10-29,2018-10-21,2018-10-28 00:00:00+00:00,2018-10-28,2019-01-13,demand-v2-provisional,provisional
JP,culinary_gastronomy,train,773,2017-11-05,2018-10-28,2018-11-04 00:00:00+00:00,2018-11-04,2019-01-20,demand-v2-provisional,provisional
JP,culinary_gastronomy,train,774,2017-11-12,2018-11-04,2018-11-11 00:00:00+00:00,2018-11-11,2019-01-27,demand-v2-provisional,provisional
JP,culinary_gastronomy,train,775,2017-11-19,2018-11-11,2018-11-18 00:00:00+00:00,2018-11-18,2019-02-03,demand-v2-provisional,provisional
JP,culinary_gastronomy,train,776,2017-11-26,2018-11-18,2018-11-25 00:00:00+00:00,2018-11-25,2019-02-10,demand-v2-provisional,provisional
JP,culinary_gastronomy,train,777,2017-12-03,2018-11-25,2018-12-02 00:00:00+00:00,2018-12-02,2019-02-17,demand-v2-provisional,provisional
JP,culinary_gastronomy,train,778,2017-12-10,2018-12-02,2018-12-09 00:00:00+00:00,2018-12-09,2019-02-24,demand-v2-provisional,provisional
JP,culinary_gastronomy,train,779,2017-12-17,2018-12-09,2018-12-16 00:00:00+00:00,2018-12-16,2019-03-03,demand-v2-provisional,provisional
JP,culinary_gastronomy,train,780,2017-12-24,2018-12-16,2018-12-23 00:00:00+00:00,2018-12-23,2019-03-10,demand-v2-provisional,provisional
JP,culinary_gastronomy,train,781,2017-12-31,2018-12-23,2018-12-30 00:00:00+00:00,2018-12-30,2019-03-17,demand-v2-provisional,provisional
JP,culinary_gastronomy,train,782,2018-01-07,2018-12-30,2019-01-06 00:00:00+00:00,2019-01-06,2019-03-24,demand-v2-provisional,provisional
JP,culinary_gastronomy,train,783,2018-01-14,2019-01-06,2019-01-13 00:00:00+00:00,2019-01-13,2019-03-31,demand-v2-provisional,provisional
JP,culinary_gastronomy,train,784,2018-01-21,2019-01-13,2019-01-20 00:00:00+00:00,2019-01-20,2019-04-07,demand-v2-provisional,provisional
JP,culinary_gastronomy,train,785,2018-01-28,2019-01-20,2019-01-27 00:00:00+00:00,2019-01-27,2019-04-14,demand-v2-provisional,provisional
JP,culinary_gastronomy,train,786,2018-02-04,2019-01-27,2019-02-03 00:00:00+00:00,2019-02-03,2019-04-21,demand-v2-provisional,provisional
JP,culinary_gastronomy,train,787,2018-02-11,2019-02-03,2019-02-10 00:00:00+00:00,2019-02-10,2019-04-28,demand-v2-provisional,provisional
JP,culinary_gastronomy,train,788,2018-02-18,2019-02-10,2019-02-17 00:00:00+00:00,2019-02-17,2019-05-05,demand-v2-provisional,provisional
JP,culinary_gastronomy,train,789,2018-02-25,2019-02-17,2019-02-24 00:00:00+00:00,2019-02-24,2019-05-12,demand-v2-provisional,provisional
JP,culinary_gastronomy,train,790,2018-03-04,2019-02-24,2019-03-03 00:00:00+00:00,2019-03-03,2019-05-19,demand-v2-provisional,provisional
JP,culinary_gastronomy,train,791,2018-03-11,2019-03-03,2019-03-10 00:00:00+00:00,2019-03-10,2019-05-26,demand-v2-provisional,provisional
JP,culinary_gastronomy,train,792,2018-03-18,2019-03-10,2019-03-17 00:00:00+00:00,2019-03-17,2019-06-02,demand-v2-provisional,provisional
JP,culinary_gastronomy,train,793,2018-03-25,2019-03-17,2019-03-24 00:00:00+00:00,2019-03-24,2019-06-09,demand-v2-provisional,provisional
JP,culinary_gastronomy,train,794,2018-04-01,2019-03-24,2019-03-31 00:00:00+00:00,2019-03-31,2019-06-16,demand-v2-provisional,provisional
JP,culinary_gastronomy,train,795,2018-04-08,2019-03-31,2019-04-07 00:00:00+00:00,2019-04-07,2019-06-23,demand-v2-provisional,provisional
JP,culinary_gastronomy,train,796,2018-04-15,2019-04-07,2019-04-14 00:00:00+00:00,2019-04-14,2019-06-30,demand-v2-provisional,provisional
JP,culinary_gastronomy,train,797,2018-04-22,2019-04-14,2019-04-21 00:00:00+00:00,2019-04-21,2019-07-07,demand-v2-provisional,provisional
JP,culinary_gastronomy,train,798,2018-04-29,2019-04-21,2019-04-28 00:00:00+00:00,2019-04-28,2019-07-14,demand-v2-provisional,provisional
JP,culinary_gastronomy,train,799,2018-05-06,2019-04-28,2019-05-05 00:00:00+00:00,2019-05-05,2019-07-21,demand-v2-provisional,provisional
JP,culinary_gastronomy,train,800,2018-05-13,2019-05-05,2019-05-12 00:00:00+00:00,2019-05-12,2019-07-28,demand-v2-provisional,provisional
JP,culinary_gastronomy,train,801,2018-05-20,2019-05-12,2019-05-19 00:00:00+00:00,2019-05-19,2019-08-04,demand-v2-provisional,provisional
JP,culinary_gastronomy,train,802,2018-05-27,2019-05-19,2019-05-26 00:00:00+00:00,2019-05-26,2019-08-11,demand-v2-provisional,provisional
JP,culinary_gastronomy,train,803,2018-06-03,2019-05-26,2019-06-02 00:00:00+00:00,2019-06-02,2019-08-18,demand-v2-provisional,provisional
JP,culinary_gastronomy,train,804,2018-06-10,2019-06-02,2019-06-09 00:00:00+00:00,2019-06-09,2019-08-25,demand-v2-provisional,provisional
JP,culinary_gastronomy,train,805,2018-06-17,2019-06-09,2019-06-16 00:00:00+00:00,2019-06-16,2019-09-01,demand-v2-provisional,provisional
JP,culinary_gastronomy,train,806,2018-06-24,2019-06-16,2019-06-23 00:00:00+00:00,2019-06-23,2019-09-08,demand-v2-provisional,provisional
JP,culinary_gastronomy,train,807,2018-07-01,2019-06-23,2019-06-30 00:00:00+00:00,2019-06-30,2019-09-15,demand-v2-provisional,provisional
JP,culinary_gastronomy,train,808,2018-07-08,2019-06-30,2019-07-07 00:00:00+00:00,2019-07-07,2019-09-22,demand-v2-provisional,provisional
JP,culinary_gastronomy,train,809,2018-07-15,2019-07-07,2019-07-14 00:00:00+00:00,2019-07-14,2019-09-29,demand-v2-provisional,provisional
JP,culinary_gastronomy,train,810,2018-07-22,2019-07-14,2019-07-21 00:00:00+00:00,2019-07-21,2019-10-06,demand-v2-provisional,provisional
JP,culinary_gastronomy,train,811,2018-07-29,2019-07-21,2019-07-28 00:00:00+00:00,2019-07-28,2019-10-13,demand-v2-provisional,provisional
JP,culinary_gastronomy,train,812,2018-08-05,2019-07-28,2019-08-04 00:00:00+00:00,2019-08-04,2019-10-20,demand-v2-provisional,provisional
JP,culinary_gastronomy,train,813,2018-08-12,2019-08-04,2019-08-11 00:00:00+00:00,2019-08-11,2019-10-27,demand-v2-provisional,provisional
JP,culinary_gastronomy,train,814,2018-08-19,2019-08-11,2019-08-18 00:00:00+00:00,2019-08-18,2019-11-03,demand-v2-provisional,provisional
JP,culinary_gastronomy,train,815,2018-08-26,2019-08-18,2019-08-25 00:00:00+00:00,2019-08-25,2019-11-10,demand-v2-provisional,provisional
JP,culinary_gastronomy,train,816,2018-09-02,2019-08-25,2019-09-01 00:00:00+00:00,2019-09-01,2019-11-17,demand-v2-provisional,provisional
JP,culinary_gastronomy,train,817,2018-09-09,2019-09-01,2019-09-08 00:00:00+00:00,2019-09-08,2019-11-24,demand-v2-provisional,provisional
JP,culinary_gastronomy,train,818,2018-09-16,2019-09-08,2019-09-15 00:00:00+00:00,2019-09-15,2019-12-01,demand-v2-provisional,provisional
JP,culinary_gastronomy,train,819,2018-09-23,2019-09-15,2019-09-22 00:00:00+00:00,2019-09-22,2019-12-08,demand-v2-provisional,provisional
JP,culinary_gastronomy,train,820,2018-09-30,2019-09-22,2019-09-29 00:00:00+00:00,2019-09-29,2019-12-15,demand-v2-provisional,provisional
JP,culinary_gastronomy,train,821,2018-10-07,2019-09-29,2019-10-06 00:00:00+00:00,2019-10-06,2019-12-22,demand-v2-provisional,provisional
JP,culinary_gastronomy,train,822,2023-01-01,2023-12-24,2023-12-31 00:00:00+00:00,2023-12-31,2024-03-17,demand-v2-provisional,provisional
JP,culinary_gastronomy,train,823,2023-01-08,2023-12-31,2024-01-07 00:00:00+00:00,2024-01-07,2024-03-24,demand-v2-provisional,provisional
JP,culinary_gastronomy,train,824,2023-01-15,2024-01-07,2024-01-14 00:00:00+00:00,2024-01-14,2024-03-31,demand-v2-provisional,provisional
JP,culinary_gastronomy,train,825,2023-01-22,2024-01-14,2024-01-21 00:00:00+00:00,2024-01-21,2024-04-07,demand-v2-provisional,provisional
JP,culinary_gastronomy,train,826,2023-01-29,2024-01-21,2024-01-28 00:00:00+00:00,2024-01-28,2024-04-14,demand-v2-provisional,provisional
JP,culinary_gastronomy,train,827,2023-02-05,2024-01-28,2024-02-04 00:00:00+00:00,2024-02-04,2024-04-21,demand-v2-provisional,provisional
JP,culinary_gastronomy,train,828,2023-02-12,2024-02-04,2024-02-11 00:00:00+00:00,2024-02-11,2024-04-28,demand-v2-provisional,provisional
JP,culinary_gastronomy,train,829,2023-02-19,2024-02-11,2024-02-18 00:00:00+00:00,2024-02-18,2024-05-05,demand-v2-provisional,provisional
JP,culinary_gastronomy,train,830,2023-02-26,2024-02-18,2024-02-25 00:00:00+00:00,2024-02-25,2024-05-12,demand-v2-provisional,provisional
JP,culinary_gastronomy,train,831,2023-03-05,2024-02-25,2024-03-03 00:00:00+00:00,2024-03-03,2024-05-19,demand-v2-provisional,provisional
JP,culinary_gastronomy,validation,93,2023-05-28,2024-05-19,2024-05-26 00:00:00+00:00,2024-05-26,2024-08-11,demand-v2-provisional,provisional
JP,culinary_gastronomy,validation,94,2023-06-04,2024-05-26,2024-06-02 00:00:00+00:00,2024-06-02,2024-08-18,demand-v2-provisional,provisional
JP,culinary_gastronomy,validation,95,2023-06-11,2024-06-02,2024-06-09 00:00:00+00:00,2024-06-09,2024-08-25,demand-v2-provisional,provisional
JP,culinary_gastronomy,validation,96,2023-06-18,2024-06-09,2024-06-16 00:00:00+00:00,2024-06-16,2024-09-01,demand-v2-provisional,provisional
JP,culinary_gastronomy,validation,97,2023-06-25,2024-06-16,2024-06-23 00:00:00+00:00,2024-06-23,2024-09-08,demand-v2-provisional,provisional
JP,culinary_gastronomy,validation,98,2023-07-02,2024-06-23,2024-06-30 00:00:00+00:00,2024-06-30,2024-09-15,demand-v2-provisional,provisional
JP,culinary_gastronomy,validation,99,2023-07-09,2024-06-30,2024-07-07 00:00:00+00:00,2024-07-07,2024-09-22,demand-v2-provisional,provisional
JP,culinary_gastronomy,validation,100,2023-07-16,2024-07-07,2024-07-14 00:00:00+00:00,2024-07-14,2024-09-29,demand-v2-provisional,provisional
JP,culinary_gastronomy,validation,101,2023-07-23,2024-07-14,2024-07-21 00:00:00+00:00,2024-07-21,2024-10-06,demand-v2-provisional,provisional
JP,culinary_gastronomy,validation,102,2023-07-30,2024-07-21,2024-07-28 00:00:00+00:00,2024-07-28,2024-10-13,demand-v2-provisional,provisional
JP,culinary_gastronomy,validation,103,2023-08-06,2024-07-28,2024-08-04 00:00:00+00:00,2024-08-04,2024-10-20,demand-v2-provisional,provisional
JP,culinary_gastronomy,validation,104,2023-08-13,2024-08-04,2024-08-11 00:00:00+00:00,2024-08-11,2024-10-27,demand-v2-provisional,provisional
JP,culinary_gastronomy,validation,105,2023-08-20,2024-08-11,2024-08-18 00:00:00+00:00,2024-08-18,2024-11-03,demand-v2-provisional,provisional
JP,culinary_gastronomy,validation,106,2023-08-27,2024-08-18,2024-08-25 00:00:00+00:00,2024-08-25,2024-11-10,demand-v2-provisional,provisional
JP,culinary_gastronomy,validation,107,2023-09-03,2024-08-25,2024-09-01 00:00:00+00:00,2024-09-01,2024-11-17,demand-v2-provisional,provisional
JP,culinary_gastronomy,validation,108,2023-09-10,2024-09-01,2024-09-08 00:00:00+00:00,2024-09-08,2024-11-24,demand-v2-provisional,provisional
JP,culinary_gastronomy,validation,109,2023-09-17,2024-09-08,2024-09-15 00:00:00+00:00,2024-09-15,2024-12-01,demand-v2-provisional,provisional
JP,culinary_gastronomy,validation,110,2023-09-24,2024-09-15,2024-09-22 00:00:00+00:00,2024-09-22,2024-12-08,demand-v2-provisional,provisional
JP,culinary_gastronomy,validation,111,2023-10-01,2024-09-22,2024-09-29 00:00:00+00:00,2024-09-29,2024-12-15,demand-v2-provisional,provisional
JP,culinary_gastronomy,validation,112,2023-10-08,2024-09-29,2024-10-06 00:00:00+00:00,2024-10-06,2024-12-22,demand-v2-provisional,provisional
JP,culinary_gastronomy,validation,113,2023-10-15,2024-10-06,2024-10-13 00:00:00+00:00,2024-10-13,2024-12-29,demand-v2-provisional,provisional
JP,culinary_gastronomy,validation,114,2023-10-22,2024-10-13,2024-10-20 00:00:00+00:00,2024-10-20,2025-01-05,demand-v2-provisional,provisional
JP,culinary_gastronomy,validation,115,2023-10-29,2024-10-20,2024-10-27 00:00:00+00:00,2024-10-27,2025-01-12,demand-v2-provisional,provisional
JP,culinary_gastronomy,validation,116,2023-11-05,2024-10-27,2024-11-03 00:00:00+00:00,2024-11-03,2025-01-19,demand-v2-provisional,provisional
JP,culinary_gastronomy,validation,117,2023-11-12,2024-11-03,2024-11-10 00:00:00+00:00,2024-11-10,2025-01-26,demand-v2-provisional,provisional
JP,culinary_gastronomy,validation,118,2023-11-19,2024-11-10,2024-11-17 00:00:00+00:00,2024-11-17,2025-02-02,demand-v2-provisional,provisional
JP,culinary_gastronomy,validation,119,2023-11-26,2024-11-17,2024-11-24 00:00:00+00:00,2024-11-24,2025-02-09,demand-v2-provisional,provisional
JP,culinary_gastronomy,validation,120,2023-12-03,2024-11-24,2024-12-01 00:00:00+00:00,2024-12-01,2025-02-16,demand-v2-provisional,provisional
JP,culinary_gastronomy,validation,121,2023-12-10,2024-12-01,2024-12-08 00:00:00+00:00,2024-12-08,2025-02-23,demand-v2-provisional,provisional
JP,culinary_gastronomy,validation,122,2023-12-17,2024-12-08,2024-12-15 00:00:00+00:00,2024-12-15,2025-03-02,demand-v2-provisional,provisional
JP,culinary_gastronomy,validation,123,2023-12-24,2024-12-15,2024-12-22 00:00:00+00:00,2024-12-22,2025-03-09,demand-v2-provisional,provisional
JP,culinary_gastronomy,test,93,2024-03-17,2025-03-09,2025-03-16 00:00:00+00:00,2025-03-16,2025-06-01,demand-v2-provisional,provisional
JP,culinary_gastronomy,test,94,2024-03-24,2025-03-16,2025-03-23 00:00:00+00:00,2025-03-23,2025-06-08,demand-v2-provisional,provisional
JP,culinary_gastronomy,test,95,2024-03-31,2025-03-23,2025-03-30 00:00:00+00:00,2025-03-30,2025-06-15,demand-v2-provisional,provisional
JP,culinary_gastronomy,test,96,2024-04-07,2025-03-30,2025-04-06 00:00:00+00:00,2025-04-06,2025-06-22,demand-v2-provisional,provisional
JP,culinary_gastronomy,test,97,2024-04-14,2025-04-06,2025-04-13 00:00:00+00:00,2025-04-13,2025-06-29,demand-v2-provisional,provisional
JP,culinary_gastronomy,test,98,2024-04-21,2025-04-13,2025-04-20 00:00:00+00:00,2025-04-20,2025-07-06,demand-v2-provisional,provisional
JP,culinary_gastronomy,test,99,2024-04-28,2025-04-20,2025-04-27 00:00:00+00:00,2025-04-27,2025-07-13,demand-v2-provisional,provisional
JP,culinary_gastronomy,test,100,2024-05-05,2025-04-27,2025-05-04 00:00:00+00:00,2025-05-04,2025-07-20,demand-v2-provisional,provisional
JP,culinary_gastronomy,test,101,2024-05-12,2025-05-04,2025-05-11 00:00:00+00:00,2025-05-11,2025-07-27,demand-v2-provisional,provisional
JP,culinary_gastronomy,test,102,2024-05-19,2025-05-11,2025-05-18 00:00:00+00:00,2025-05-18,2025-08-03,demand-v2-provisional,provisional
JP,culinary_gastronomy,test,103,2024-05-26,2025-05-18,2025-05-25 00:00:00+00:00,2025-05-25,2025-08-10,demand-v2-provisional,provisional
JP,culinary_gastronomy,test,104,2024-06-02,2025-05-25,2025-06-01 00:00:00+00:00,2025-06-01,2025-08-17,demand-v2-provisional,provisional
JP,culinary_gastronomy,test,105,2024-06-09,2025-06-01,2025-06-08 00:00:00+00:00,2025-06-08,2025-08-24,demand-v2-provisional,provisional
JP,culinary_gastronomy,test,106,2024-06-16,2025-06-08,2025-06-15 00:00:00+00:00,2025-06-15,2025-08-31,demand-v2-provisional,provisional
JP,culinary_gastronomy,test,107,2024-06-23,2025-06-15,2025-06-22 00:00:00+00:00,2025-06-22,2025-09-07,demand-v2-provisional,provisional
JP,culinary_gastronomy,test,108,2024-06-30,2025-06-22,2025-06-29 00:00:00+00:00,2025-06-29,2025-09-14,demand-v2-provisional,provisional
JP,culinary_gastronomy,test,109,2024-07-07,2025-06-29,2025-07-06 00:00:00+00:00,2025-07-06,2025-09-21,demand-v2-provisional,provisional
JP,culinary_gastronomy,test,110,2024-07-14,2025-07-06,2025-07-13 00:00:00+00:00,2025-07-13,2025-09-28,demand-v2-provisional,provisional
JP,culinary_gastronomy,test,111,2024-07-21,2025-07-13,2025-07-20 00:00:00+00:00,2025-07-20,2025-10-05,demand-v2-provisional,provisional
JP,culinary_gastronomy,test,112,2024-07-28,2025-07-20,2025-07-27 00:00:00+00:00,2025-07-27,2025-10-12,demand-v2-provisional,provisional
JP,culinary_gastronomy,test,113,2024-08-04,2025-07-27,2025-08-03 00:00:00+00:00,2025-08-03,2025-10-19,demand-v2-provisional,provisional
JP,culinary_gastronomy,test,114,2024-08-11,2025-08-03,2025-08-10 00:00:00+00:00,2025-08-10,2025-10-26,demand-v2-provisional,provisional
JP,culinary_gastronomy,test,115,2024-08-18,2025-08-10,2025-08-17 00:00:00+00:00,2025-08-17,2025-11-02,demand-v2-provisional,provisional
JP,culinary_gastronomy,test,116,2024-08-25,2025-08-17,2025-08-24 00:00:00+00:00,2025-08-24,2025-11-09,demand-v2-provisional,provisional
JP,culinary_gastronomy,test,117,2024-09-01,2025-08-24,2025-08-31 00:00:00+00:00,2025-08-31,2025-11-16,demand-v2-provisional,provisional
JP,culinary_gastronomy,test,118,2024-09-08,2025-08-31,2025-09-07 00:00:00+00:00,2025-09-07,2025-11-23,demand-v2-provisional,provisional
JP,culinary_gastronomy,test,119,2024-09-15,2025-09-07,2025-09-14 00:00:00+00:00,2025-09-14,2025-11-30,demand-v2-provisional,provisional
JP,culinary_gastronomy,test,120,2024-09-22,2025-09-14,2025-09-21 00:00:00+00:00,2025-09-21,2025-12-07,demand-v2-provisional,provisional
JP,culinary_gastronomy,test,121,2024-09-29,2025-09-21,2025-09-28 00:00:00+00:00,2025-09-28,2025-12-14,demand-v2-provisional,provisional
JP,culinary_gastronomy,test,122,2024-10-06,2025-09-28,2025-10-05 00:00:00+00:00,2025-10-05,2025-12-21,demand-v2-provisional,provisional
JP,culinary_gastronomy,test,123,2024-10-13,2025-10-05,2025-10-12 00:00:00+00:00,2025-10-12,2025-12-28,demand-v2-provisional,provisional
JP,cultural_heritage,train,832,2014-12-28,2015-12-20,2015-12-27 00:00:00+00:00,2015-12-27,2016-03-13,demand-v2-provisional,provisional
JP,cultural_heritage,train,833,2015-01-04,2015-12-27,2016-01-03 00:00:00+00:00,2016-01-03,2016-03-20,demand-v2-provisional,provisional
JP,cultural_heritage,train,834,2015-01-11,2016-01-03,2016-01-10 00:00:00+00:00,2016-01-10,2016-03-27,demand-v2-provisional,provisional
JP,cultural_heritage,train,835,2015-01-18,2016-01-10,2016-01-17 00:00:00+00:00,2016-01-17,2016-04-03,demand-v2-provisional,provisional
JP,cultural_heritage,train,836,2015-01-25,2016-01-17,2016-01-24 00:00:00+00:00,2016-01-24,2016-04-10,demand-v2-provisional,provisional
JP,cultural_heritage,train,837,2015-02-01,2016-01-24,2016-01-31 00:00:00+00:00,2016-01-31,2016-04-17,demand-v2-provisional,provisional
JP,cultural_heritage,train,838,2015-02-08,2016-01-31,2016-02-07 00:00:00+00:00,2016-02-07,2016-04-24,demand-v2-provisional,provisional
JP,cultural_heritage,train,839,2015-02-15,2016-02-07,2016-02-14 00:00:00+00:00,2016-02-14,2016-05-01,demand-v2-provisional,provisional
JP,cultural_heritage,train,840,2015-02-22,2016-02-14,2016-02-21 00:00:00+00:00,2016-02-21,2016-05-08,demand-v2-provisional,provisional
JP,cultural_heritage,train,841,2015-03-01,2016-02-21,2016-02-28 00:00:00+00:00,2016-02-28,2016-05-15,demand-v2-provisional,provisional
JP,cultural_heritage,train,842,2015-03-08,2016-02-28,2016-03-06 00:00:00+00:00,2016-03-06,2016-05-22,demand-v2-provisional,provisional
JP,cultural_heritage,train,843,2015-03-15,2016-03-06,2016-03-13 00:00:00+00:00,2016-03-13,2016-05-29,demand-v2-provisional,provisional
JP,cultural_heritage,train,844,2015-03-22,2016-03-13,2016-03-20 00:00:00+00:00,2016-03-20,2016-06-05,demand-v2-provisional,provisional
JP,cultural_heritage,train,845,2015-03-29,2016-03-20,2016-03-27 00:00:00+00:00,2016-03-27,2016-06-12,demand-v2-provisional,provisional
JP,cultural_heritage,train,846,2015-04-05,2016-03-27,2016-04-03 00:00:00+00:00,2016-04-03,2016-06-19,demand-v2-provisional,provisional
JP,cultural_heritage,train,847,2015-04-12,2016-04-03,2016-04-10 00:00:00+00:00,2016-04-10,2016-06-26,demand-v2-provisional,provisional
JP,cultural_heritage,train,848,2015-04-19,2016-04-10,2016-04-17 00:00:00+00:00,2016-04-17,2016-07-03,demand-v2-provisional,provisional
JP,cultural_heritage,train,849,2015-04-26,2016-04-17,2016-04-24 00:00:00+00:00,2016-04-24,2016-07-10,demand-v2-provisional,provisional
JP,cultural_heritage,train,850,2015-05-03,2016-04-24,2016-05-01 00:00:00+00:00,2016-05-01,2016-07-17,demand-v2-provisional,provisional
JP,cultural_heritage,train,851,2015-05-10,2016-05-01,2016-05-08 00:00:00+00:00,2016-05-08,2016-07-24,demand-v2-provisional,provisional
JP,cultural_heritage,train,852,2015-05-17,2016-05-08,2016-05-15 00:00:00+00:00,2016-05-15,2016-07-31,demand-v2-provisional,provisional
JP,cultural_heritage,train,853,2015-05-24,2016-05-15,2016-05-22 00:00:00+00:00,2016-05-22,2016-08-07,demand-v2-provisional,provisional
JP,cultural_heritage,train,854,2015-05-31,2016-05-22,2016-05-29 00:00:00+00:00,2016-05-29,2016-08-14,demand-v2-provisional,provisional
JP,cultural_heritage,train,855,2015-06-07,2016-05-29,2016-06-05 00:00:00+00:00,2016-06-05,2016-08-21,demand-v2-provisional,provisional
JP,cultural_heritage,train,856,2015-06-14,2016-06-05,2016-06-12 00:00:00+00:00,2016-06-12,2016-08-28,demand-v2-provisional,provisional
JP,cultural_heritage,train,857,2015-06-21,2016-06-12,2016-06-19 00:00:00+00:00,2016-06-19,2016-09-04,demand-v2-provisional,provisional
JP,cultural_heritage,train,858,2015-06-28,2016-06-19,2016-06-26 00:00:00+00:00,2016-06-26,2016-09-11,demand-v2-provisional,provisional
JP,cultural_heritage,train,859,2015-07-05,2016-06-26,2016-07-03 00:00:00+00:00,2016-07-03,2016-09-18,demand-v2-provisional,provisional
JP,cultural_heritage,train,860,2015-07-12,2016-07-03,2016-07-10 00:00:00+00:00,2016-07-10,2016-09-25,demand-v2-provisional,provisional
JP,cultural_heritage,train,861,2015-07-19,2016-07-10,2016-07-17 00:00:00+00:00,2016-07-17,2016-10-02,demand-v2-provisional,provisional
JP,cultural_heritage,train,862,2015-07-26,2016-07-17,2016-07-24 00:00:00+00:00,2016-07-24,2016-10-09,demand-v2-provisional,provisional
JP,cultural_heritage,train,863,2015-08-02,2016-07-24,2016-07-31 00:00:00+00:00,2016-07-31,2016-10-16,demand-v2-provisional,provisional
JP,cultural_heritage,train,864,2015-08-09,2016-07-31,2016-08-07 00:00:00+00:00,2016-08-07,2016-10-23,demand-v2-provisional,provisional
JP,cultural_heritage,train,865,2015-08-16,2016-08-07,2016-08-14 00:00:00+00:00,2016-08-14,2016-10-30,demand-v2-provisional,provisional
JP,cultural_heritage,train,866,2015-08-23,2016-08-14,2016-08-21 00:00:00+00:00,2016-08-21,2016-11-06,demand-v2-provisional,provisional
JP,cultural_heritage,train,867,2015-08-30,2016-08-21,2016-08-28 00:00:00+00:00,2016-08-28,2016-11-13,demand-v2-provisional,provisional
JP,cultural_heritage,train,868,2015-09-06,2016-08-28,2016-09-04 00:00:00+00:00,2016-09-04,2016-11-20,demand-v2-provisional,provisional
JP,cultural_heritage,train,869,2015-09-13,2016-09-04,2016-09-11 00:00:00+00:00,2016-09-11,2016-11-27,demand-v2-provisional,provisional
JP,cultural_heritage,train,870,2015-09-20,2016-09-11,2016-09-18 00:00:00+00:00,2016-09-18,2016-12-04,demand-v2-provisional,provisional
JP,cultural_heritage,train,871,2015-09-27,2016-09-18,2016-09-25 00:00:00+00:00,2016-09-25,2016-12-11,demand-v2-provisional,provisional
JP,cultural_heritage,train,872,2015-10-04,2016-09-25,2016-10-02 00:00:00+00:00,2016-10-02,2016-12-18,demand-v2-provisional,provisional
JP,cultural_heritage,train,873,2015-10-11,2016-10-02,2016-10-09 00:00:00+00:00,2016-10-09,2016-12-25,demand-v2-provisional,provisional
JP,cultural_heritage,train,874,2015-10-18,2016-10-09,2016-10-16 00:00:00+00:00,2016-10-16,2017-01-01,demand-v2-provisional,provisional
JP,cultural_heritage,train,875,2015-10-25,2016-10-16,2016-10-23 00:00:00+00:00,2016-10-23,2017-01-08,demand-v2-provisional,provisional
JP,cultural_heritage,train,876,2015-11-01,2016-10-23,2016-10-30 00:00:00+00:00,2016-10-30,2017-01-15,demand-v2-provisional,provisional
JP,cultural_heritage,train,877,2015-11-08,2016-10-30,2016-11-06 00:00:00+00:00,2016-11-06,2017-01-22,demand-v2-provisional,provisional
JP,cultural_heritage,train,878,2015-11-15,2016-11-06,2016-11-13 00:00:00+00:00,2016-11-13,2017-01-29,demand-v2-provisional,provisional
JP,cultural_heritage,train,879,2015-11-22,2016-11-13,2016-11-20 00:00:00+00:00,2016-11-20,2017-02-05,demand-v2-provisional,provisional
JP,cultural_heritage,train,880,2015-11-29,2016-11-20,2016-11-27 00:00:00+00:00,2016-11-27,2017-02-12,demand-v2-provisional,provisional
JP,cultural_heritage,train,881,2015-12-06,2016-11-27,2016-12-04 00:00:00+00:00,2016-12-04,2017-02-19,demand-v2-provisional,provisional
JP,cultural_heritage,train,882,2015-12-13,2016-12-04,2016-12-11 00:00:00+00:00,2016-12-11,2017-02-26,demand-v2-provisional,provisional
JP,cultural_heritage,train,883,2015-12-20,2016-12-11,2016-12-18 00:00:00+00:00,2016-12-18,2017-03-05,demand-v2-provisional,provisional
JP,cultural_heritage,train,884,2015-12-27,2016-12-18,2016-12-25 00:00:00+00:00,2016-12-25,2017-03-12,demand-v2-provisional,provisional
JP,cultural_heritage,train,885,2016-01-03,2016-12-25,2017-01-01 00:00:00+00:00,2017-01-01,2017-03-19,demand-v2-provisional,provisional
JP,cultural_heritage,train,886,2016-01-10,2017-01-01,2017-01-08 00:00:00+00:00,2017-01-08,2017-03-26,demand-v2-provisional,provisional
JP,cultural_heritage,train,887,2016-01-17,2017-01-08,2017-01-15 00:00:00+00:00,2017-01-15,2017-04-02,demand-v2-provisional,provisional
JP,cultural_heritage,train,888,2016-01-24,2017-01-15,2017-01-22 00:00:00+00:00,2017-01-22,2017-04-09,demand-v2-provisional,provisional
JP,cultural_heritage,train,889,2016-01-31,2017-01-22,2017-01-29 00:00:00+00:00,2017-01-29,2017-04-16,demand-v2-provisional,provisional
JP,cultural_heritage,train,890,2016-02-07,2017-01-29,2017-02-05 00:00:00+00:00,2017-02-05,2017-04-23,demand-v2-provisional,provisional
JP,cultural_heritage,train,891,2016-02-14,2017-02-05,2017-02-12 00:00:00+00:00,2017-02-12,2017-04-30,demand-v2-provisional,provisional
JP,cultural_heritage,train,892,2016-02-21,2017-02-12,2017-02-19 00:00:00+00:00,2017-02-19,2017-05-07,demand-v2-provisional,provisional
JP,cultural_heritage,train,893,2016-02-28,2017-02-19,2017-02-26 00:00:00+00:00,2017-02-26,2017-05-14,demand-v2-provisional,provisional
JP,cultural_heritage,train,894,2016-03-06,2017-02-26,2017-03-05 00:00:00+00:00,2017-03-05,2017-05-21,demand-v2-provisional,provisional
JP,cultural_heritage,train,895,2016-03-13,2017-03-05,2017-03-12 00:00:00+00:00,2017-03-12,2017-05-28,demand-v2-provisional,provisional
JP,cultural_heritage,train,896,2016-03-20,2017-03-12,2017-03-19 00:00:00+00:00,2017-03-19,2017-06-04,demand-v2-provisional,provisional
JP,cultural_heritage,train,897,2016-03-27,2017-03-19,2017-03-26 00:00:00+00:00,2017-03-26,2017-06-11,demand-v2-provisional,provisional
JP,cultural_heritage,train,898,2016-04-03,2017-03-26,2017-04-02 00:00:00+00:00,2017-04-02,2017-06-18,demand-v2-provisional,provisional
JP,cultural_heritage,train,899,2016-04-10,2017-04-02,2017-04-09 00:00:00+00:00,2017-04-09,2017-06-25,demand-v2-provisional,provisional
JP,cultural_heritage,train,900,2016-04-17,2017-04-09,2017-04-16 00:00:00+00:00,2017-04-16,2017-07-02,demand-v2-provisional,provisional
JP,cultural_heritage,train,901,2016-04-24,2017-04-16,2017-04-23 00:00:00+00:00,2017-04-23,2017-07-09,demand-v2-provisional,provisional
JP,cultural_heritage,train,902,2016-05-01,2017-04-23,2017-04-30 00:00:00+00:00,2017-04-30,2017-07-16,demand-v2-provisional,provisional
JP,cultural_heritage,train,903,2016-05-08,2017-04-30,2017-05-07 00:00:00+00:00,2017-05-07,2017-07-23,demand-v2-provisional,provisional
JP,cultural_heritage,train,904,2016-05-15,2017-05-07,2017-05-14 00:00:00+00:00,2017-05-14,2017-07-30,demand-v2-provisional,provisional
JP,cultural_heritage,train,905,2016-05-22,2017-05-14,2017-05-21 00:00:00+00:00,2017-05-21,2017-08-06,demand-v2-provisional,provisional
JP,cultural_heritage,train,906,2016-05-29,2017-05-21,2017-05-28 00:00:00+00:00,2017-05-28,2017-08-13,demand-v2-provisional,provisional
JP,cultural_heritage,train,907,2016-06-05,2017-05-28,2017-06-04 00:00:00+00:00,2017-06-04,2017-08-20,demand-v2-provisional,provisional
JP,cultural_heritage,train,908,2016-06-12,2017-06-04,2017-06-11 00:00:00+00:00,2017-06-11,2017-08-27,demand-v2-provisional,provisional
JP,cultural_heritage,train,909,2016-06-19,2017-06-11,2017-06-18 00:00:00+00:00,2017-06-18,2017-09-03,demand-v2-provisional,provisional
JP,cultural_heritage,train,910,2016-06-26,2017-06-18,2017-06-25 00:00:00+00:00,2017-06-25,2017-09-10,demand-v2-provisional,provisional
JP,cultural_heritage,train,911,2016-07-03,2017-06-25,2017-07-02 00:00:00+00:00,2017-07-02,2017-09-17,demand-v2-provisional,provisional
JP,cultural_heritage,train,912,2016-07-10,2017-07-02,2017-07-09 00:00:00+00:00,2017-07-09,2017-09-24,demand-v2-provisional,provisional
JP,cultural_heritage,train,913,2016-07-17,2017-07-09,2017-07-16 00:00:00+00:00,2017-07-16,2017-10-01,demand-v2-provisional,provisional
JP,cultural_heritage,train,914,2016-07-24,2017-07-16,2017-07-23 00:00:00+00:00,2017-07-23,2017-10-08,demand-v2-provisional,provisional
JP,cultural_heritage,train,915,2016-07-31,2017-07-23,2017-07-30 00:00:00+00:00,2017-07-30,2017-10-15,demand-v2-provisional,provisional
JP,cultural_heritage,train,916,2016-08-07,2017-07-30,2017-08-06 00:00:00+00:00,2017-08-06,2017-10-22,demand-v2-provisional,provisional
JP,cultural_heritage,train,917,2016-08-14,2017-08-06,2017-08-13 00:00:00+00:00,2017-08-13,2017-10-29,demand-v2-provisional,provisional
JP,cultural_heritage,train,918,2016-08-21,2017-08-13,2017-08-20 00:00:00+00:00,2017-08-20,2017-11-05,demand-v2-provisional,provisional
JP,cultural_heritage,train,919,2016-08-28,2017-08-20,2017-08-27 00:00:00+00:00,2017-08-27,2017-11-12,demand-v2-provisional,provisional
JP,cultural_heritage,train,920,2016-09-04,2017-08-27,2017-09-03 00:00:00+00:00,2017-09-03,2017-11-19,demand-v2-provisional,provisional
JP,cultural_heritage,train,921,2016-09-11,2017-09-03,2017-09-10 00:00:00+00:00,2017-09-10,2017-11-26,demand-v2-provisional,provisional
JP,cultural_heritage,train,922,2016-09-18,2017-09-10,2017-09-17 00:00:00+00:00,2017-09-17,2017-12-03,demand-v2-provisional,provisional
JP,cultural_heritage,train,923,2016-09-25,2017-09-17,2017-09-24 00:00:00+00:00,2017-09-24,2017-12-10,demand-v2-provisional,provisional
JP,cultural_heritage,train,924,2016-10-02,2017-09-24,2017-10-01 00:00:00+00:00,2017-10-01,2017-12-17,demand-v2-provisional,provisional
JP,cultural_heritage,train,925,2016-10-09,2017-10-01,2017-10-08 00:00:00+00:00,2017-10-08,2017-12-24,demand-v2-provisional,provisional
JP,cultural_heritage,train,926,2016-10-16,2017-10-08,2017-10-15 00:00:00+00:00,2017-10-15,2017-12-31,demand-v2-provisional,provisional
JP,cultural_heritage,train,927,2016-10-23,2017-10-15,2017-10-22 00:00:00+00:00,2017-10-22,2018-01-07,demand-v2-provisional,provisional
JP,cultural_heritage,train,928,2016-10-30,2017-10-22,2017-10-29 00:00:00+00:00,2017-10-29,2018-01-14,demand-v2-provisional,provisional
JP,cultural_heritage,train,929,2016-11-06,2017-10-29,2017-11-05 00:00:00+00:00,2017-11-05,2018-01-21,demand-v2-provisional,provisional
JP,cultural_heritage,train,930,2016-11-13,2017-11-05,2017-11-12 00:00:00+00:00,2017-11-12,2018-01-28,demand-v2-provisional,provisional
JP,cultural_heritage,train,931,2016-11-20,2017-11-12,2017-11-19 00:00:00+00:00,2017-11-19,2018-02-04,demand-v2-provisional,provisional
JP,cultural_heritage,train,932,2016-11-27,2017-11-19,2017-11-26 00:00:00+00:00,2017-11-26,2018-02-11,demand-v2-provisional,provisional
JP,cultural_heritage,train,933,2016-12-04,2017-11-26,2017-12-03 00:00:00+00:00,2017-12-03,2018-02-18,demand-v2-provisional,provisional
JP,cultural_heritage,train,934,2016-12-11,2017-12-03,2017-12-10 00:00:00+00:00,2017-12-10,2018-02-25,demand-v2-provisional,provisional
JP,cultural_heritage,train,935,2016-12-18,2017-12-10,2017-12-17 00:00:00+00:00,2017-12-17,2018-03-04,demand-v2-provisional,provisional
JP,cultural_heritage,train,936,2016-12-25,2017-12-17,2017-12-24 00:00:00+00:00,2017-12-24,2018-03-11,demand-v2-provisional,provisional
JP,cultural_heritage,train,937,2017-01-01,2017-12-24,2017-12-31 00:00:00+00:00,2017-12-31,2018-03-18,demand-v2-provisional,provisional
JP,cultural_heritage,train,938,2017-01-08,2017-12-31,2018-01-07 00:00:00+00:00,2018-01-07,2018-03-25,demand-v2-provisional,provisional
JP,cultural_heritage,train,939,2017-01-15,2018-01-07,2018-01-14 00:00:00+00:00,2018-01-14,2018-04-01,demand-v2-provisional,provisional
JP,cultural_heritage,train,940,2017-01-22,2018-01-14,2018-01-21 00:00:00+00:00,2018-01-21,2018-04-08,demand-v2-provisional,provisional
JP,cultural_heritage,train,941,2017-01-29,2018-01-21,2018-01-28 00:00:00+00:00,2018-01-28,2018-04-15,demand-v2-provisional,provisional
JP,cultural_heritage,train,942,2017-02-05,2018-01-28,2018-02-04 00:00:00+00:00,2018-02-04,2018-04-22,demand-v2-provisional,provisional
JP,cultural_heritage,train,943,2017-02-12,2018-02-04,2018-02-11 00:00:00+00:00,2018-02-11,2018-04-29,demand-v2-provisional,provisional
JP,cultural_heritage,train,944,2017-02-19,2018-02-11,2018-02-18 00:00:00+00:00,2018-02-18,2018-05-06,demand-v2-provisional,provisional
JP,cultural_heritage,train,945,2017-02-26,2018-02-18,2018-02-25 00:00:00+00:00,2018-02-25,2018-05-13,demand-v2-provisional,provisional
JP,cultural_heritage,train,946,2017-03-05,2018-02-25,2018-03-04 00:00:00+00:00,2018-03-04,2018-05-20,demand-v2-provisional,provisional
JP,cultural_heritage,train,947,2017-03-12,2018-03-04,2018-03-11 00:00:00+00:00,2018-03-11,2018-05-27,demand-v2-provisional,provisional
JP,cultural_heritage,train,948,2017-03-19,2018-03-11,2018-03-18 00:00:00+00:00,2018-03-18,2018-06-03,demand-v2-provisional,provisional
JP,cultural_heritage,train,949,2017-03-26,2018-03-18,2018-03-25 00:00:00+00:00,2018-03-25,2018-06-10,demand-v2-provisional,provisional
JP,cultural_heritage,train,950,2017-04-02,2018-03-25,2018-04-01 00:00:00+00:00,2018-04-01,2018-06-17,demand-v2-provisional,provisional
JP,cultural_heritage,train,951,2017-04-09,2018-04-01,2018-04-08 00:00:00+00:00,2018-04-08,2018-06-24,demand-v2-provisional,provisional
JP,cultural_heritage,train,952,2017-04-16,2018-04-08,2018-04-15 00:00:00+00:00,2018-04-15,2018-07-01,demand-v2-provisional,provisional
JP,cultural_heritage,train,953,2017-04-23,2018-04-15,2018-04-22 00:00:00+00:00,2018-04-22,2018-07-08,demand-v2-provisional,provisional
JP,cultural_heritage,train,954,2017-04-30,2018-04-22,2018-04-29 00:00:00+00:00,2018-04-29,2018-07-15,demand-v2-provisional,provisional
JP,cultural_heritage,train,955,2017-05-07,2018-04-29,2018-05-06 00:00:00+00:00,2018-05-06,2018-07-22,demand-v2-provisional,provisional
JP,cultural_heritage,train,956,2017-05-14,2018-05-06,2018-05-13 00:00:00+00:00,2018-05-13,2018-07-29,demand-v2-provisional,provisional
JP,cultural_heritage,train,957,2017-05-21,2018-05-13,2018-05-20 00:00:00+00:00,2018-05-20,2018-08-05,demand-v2-provisional,provisional
JP,cultural_heritage,train,958,2017-05-28,2018-05-20,2018-05-27 00:00:00+00:00,2018-05-27,2018-08-12,demand-v2-provisional,provisional
JP,cultural_heritage,train,959,2017-06-04,2018-05-27,2018-06-03 00:00:00+00:00,2018-06-03,2018-08-19,demand-v2-provisional,provisional
JP,cultural_heritage,train,960,2017-06-11,2018-06-03,2018-06-10 00:00:00+00:00,2018-06-10,2018-08-26,demand-v2-provisional,provisional
JP,cultural_heritage,train,961,2017-06-18,2018-06-10,2018-06-17 00:00:00+00:00,2018-06-17,2018-09-02,demand-v2-provisional,provisional
JP,cultural_heritage,train,962,2017-06-25,2018-06-17,2018-06-24 00:00:00+00:00,2018-06-24,2018-09-09,demand-v2-provisional,provisional
JP,cultural_heritage,train,963,2017-07-02,2018-06-24,2018-07-01 00:00:00+00:00,2018-07-01,2018-09-16,demand-v2-provisional,provisional
JP,cultural_heritage,train,964,2017-07-09,2018-07-01,2018-07-08 00:00:00+00:00,2018-07-08,2018-09-23,demand-v2-provisional,provisional
JP,cultural_heritage,train,965,2017-07-16,2018-07-08,2018-07-15 00:00:00+00:00,2018-07-15,2018-09-30,demand-v2-provisional,provisional
JP,cultural_heritage,train,966,2017-07-23,2018-07-15,2018-07-22 00:00:00+00:00,2018-07-22,2018-10-07,demand-v2-provisional,provisional
JP,cultural_heritage,train,967,2017-07-30,2018-07-22,2018-07-29 00:00:00+00:00,2018-07-29,2018-10-14,demand-v2-provisional,provisional
JP,cultural_heritage,train,968,2017-08-06,2018-07-29,2018-08-05 00:00:00+00:00,2018-08-05,2018-10-21,demand-v2-provisional,provisional
JP,cultural_heritage,train,969,2017-08-13,2018-08-05,2018-08-12 00:00:00+00:00,2018-08-12,2018-10-28,demand-v2-provisional,provisional
JP,cultural_heritage,train,970,2017-08-20,2018-08-12,2018-08-19 00:00:00+00:00,2018-08-19,2018-11-04,demand-v2-provisional,provisional
JP,cultural_heritage,train,971,2017-08-27,2018-08-19,2018-08-26 00:00:00+00:00,2018-08-26,2018-11-11,demand-v2-provisional,provisional
JP,cultural_heritage,train,972,2017-09-03,2018-08-26,2018-09-02 00:00:00+00:00,2018-09-02,2018-11-18,demand-v2-provisional,provisional
JP,cultural_heritage,train,973,2017-09-10,2018-09-02,2018-09-09 00:00:00+00:00,2018-09-09,2018-11-25,demand-v2-provisional,provisional
JP,cultural_heritage,train,974,2017-09-17,2018-09-09,2018-09-16 00:00:00+00:00,2018-09-16,2018-12-02,demand-v2-provisional,provisional
JP,cultural_heritage,train,975,2017-09-24,2018-09-16,2018-09-23 00:00:00+00:00,2018-09-23,2018-12-09,demand-v2-provisional,provisional
JP,cultural_heritage,train,976,2017-10-01,2018-09-23,2018-09-30 00:00:00+00:00,2018-09-30,2018-12-16,demand-v2-provisional,provisional
JP,cultural_heritage,train,977,2017-10-08,2018-09-30,2018-10-07 00:00:00+00:00,2018-10-07,2018-12-23,demand-v2-provisional,provisional
JP,cultural_heritage,train,978,2017-10-15,2018-10-07,2018-10-14 00:00:00+00:00,2018-10-14,2018-12-30,demand-v2-provisional,provisional
JP,cultural_heritage,train,979,2017-10-22,2018-10-14,2018-10-21 00:00:00+00:00,2018-10-21,2019-01-06,demand-v2-provisional,provisional
JP,cultural_heritage,train,980,2017-10-29,2018-10-21,2018-10-28 00:00:00+00:00,2018-10-28,2019-01-13,demand-v2-provisional,provisional
JP,cultural_heritage,train,981,2017-11-05,2018-10-28,2018-11-04 00:00:00+00:00,2018-11-04,2019-01-20,demand-v2-provisional,provisional
JP,cultural_heritage,train,982,2017-11-12,2018-11-04,2018-11-11 00:00:00+00:00,2018-11-11,2019-01-27,demand-v2-provisional,provisional
JP,cultural_heritage,train,983,2017-11-19,2018-11-11,2018-11-18 00:00:00+00:00,2018-11-18,2019-02-03,demand-v2-provisional,provisional
JP,cultural_heritage,train,984,2017-11-26,2018-11-18,2018-11-25 00:00:00+00:00,2018-11-25,2019-02-10,demand-v2-provisional,provisional
JP,cultural_heritage,train,985,2017-12-03,2018-11-25,2018-12-02 00:00:00+00:00,2018-12-02,2019-02-17,demand-v2-provisional,provisional
JP,cultural_heritage,train,986,2017-12-10,2018-12-02,2018-12-09 00:00:00+00:00,2018-12-09,2019-02-24,demand-v2-provisional,provisional
JP,cultural_heritage,train,987,2017-12-17,2018-12-09,2018-12-16 00:00:00+00:00,2018-12-16,2019-03-03,demand-v2-provisional,provisional
JP,cultural_heritage,train,988,2017-12-24,2018-12-16,2018-12-23 00:00:00+00:00,2018-12-23,2019-03-10,demand-v2-provisional,provisional
JP,cultural_heritage,train,989,2017-12-31,2018-12-23,2018-12-30 00:00:00+00:00,2018-12-30,2019-03-17,demand-v2-provisional,provisional
JP,cultural_heritage,train,990,2018-01-07,2018-12-30,2019-01-06 00:00:00+00:00,2019-01-06,2019-03-24,demand-v2-provisional,provisional
JP,cultural_heritage,train,991,2018-01-14,2019-01-06,2019-01-13 00:00:00+00:00,2019-01-13,2019-03-31,demand-v2-provisional,provisional
JP,cultural_heritage,train,992,2018-01-21,2019-01-13,2019-01-20 00:00:00+00:00,2019-01-20,2019-04-07,demand-v2-provisional,provisional
JP,cultural_heritage,train,993,2018-01-28,2019-01-20,2019-01-27 00:00:00+00:00,2019-01-27,2019-04-14,demand-v2-provisional,provisional
JP,cultural_heritage,train,994,2018-02-04,2019-01-27,2019-02-03 00:00:00+00:00,2019-02-03,2019-04-21,demand-v2-provisional,provisional
JP,cultural_heritage,train,995,2018-02-11,2019-02-03,2019-02-10 00:00:00+00:00,2019-02-10,2019-04-28,demand-v2-provisional,provisional
JP,cultural_heritage,train,996,2018-02-18,2019-02-10,2019-02-17 00:00:00+00:00,2019-02-17,2019-05-05,demand-v2-provisional,provisional
JP,cultural_heritage,train,997,2018-02-25,2019-02-17,2019-02-24 00:00:00+00:00,2019-02-24,2019-05-12,demand-v2-provisional,provisional
JP,cultural_heritage,train,998,2018-03-04,2019-02-24,2019-03-03 00:00:00+00:00,2019-03-03,2019-05-19,demand-v2-provisional,provisional
JP,cultural_heritage,train,999,2018-03-11,2019-03-03,2019-03-10 00:00:00+00:00,2019-03-10,2019-05-26,demand-v2-provisional,provisional
JP,cultural_heritage,train,1000,2018-03-18,2019-03-10,2019-03-17 00:00:00+00:00,2019-03-17,2019-06-02,demand-v2-provisional,provisional
JP,cultural_heritage,train,1001,2018-03-25,2019-03-17,2019-03-24 00:00:00+00:00,2019-03-24,2019-06-09,demand-v2-provisional,provisional
JP,cultural_heritage,train,1002,2018-04-01,2019-03-24,2019-03-31 00:00:00+00:00,2019-03-31,2019-06-16,demand-v2-provisional,provisional
JP,cultural_heritage,train,1003,2018-04-08,2019-03-31,2019-04-07 00:00:00+00:00,2019-04-07,2019-06-23,demand-v2-provisional,provisional
JP,cultural_heritage,train,1004,2018-04-15,2019-04-07,2019-04-14 00:00:00+00:00,2019-04-14,2019-06-30,demand-v2-provisional,provisional
JP,cultural_heritage,train,1005,2018-04-22,2019-04-14,2019-04-21 00:00:00+00:00,2019-04-21,2019-07-07,demand-v2-provisional,provisional
JP,cultural_heritage,train,1006,2018-04-29,2019-04-21,2019-04-28 00:00:00+00:00,2019-04-28,2019-07-14,demand-v2-provisional,provisional
JP,cultural_heritage,train,1007,2018-05-06,2019-04-28,2019-05-05 00:00:00+00:00,2019-05-05,2019-07-21,demand-v2-provisional,provisional
JP,cultural_heritage,train,1008,2018-05-13,2019-05-05,2019-05-12 00:00:00+00:00,2019-05-12,2019-07-28,demand-v2-provisional,provisional
JP,cultural_heritage,train,1009,2018-05-20,2019-05-12,2019-05-19 00:00:00+00:00,2019-05-19,2019-08-04,demand-v2-provisional,provisional
JP,cultural_heritage,train,1010,2018-05-27,2019-05-19,2019-05-26 00:00:00+00:00,2019-05-26,2019-08-11,demand-v2-provisional,provisional
JP,cultural_heritage,train,1011,2018-06-03,2019-05-26,2019-06-02 00:00:00+00:00,2019-06-02,2019-08-18,demand-v2-provisional,provisional
JP,cultural_heritage,train,1012,2018-06-10,2019-06-02,2019-06-09 00:00:00+00:00,2019-06-09,2019-08-25,demand-v2-provisional,provisional
JP,cultural_heritage,train,1013,2018-06-17,2019-06-09,2019-06-16 00:00:00+00:00,2019-06-16,2019-09-01,demand-v2-provisional,provisional
JP,cultural_heritage,train,1014,2018-06-24,2019-06-16,2019-06-23 00:00:00+00:00,2019-06-23,2019-09-08,demand-v2-provisional,provisional
JP,cultural_heritage,train,1015,2018-07-01,2019-06-23,2019-06-30 00:00:00+00:00,2019-06-30,2019-09-15,demand-v2-provisional,provisional
JP,cultural_heritage,train,1016,2018-07-08,2019-06-30,2019-07-07 00:00:00+00:00,2019-07-07,2019-09-22,demand-v2-provisional,provisional
JP,cultural_heritage,train,1017,2018-07-15,2019-07-07,2019-07-14 00:00:00+00:00,2019-07-14,2019-09-29,demand-v2-provisional,provisional
JP,cultural_heritage,train,1018,2018-07-22,2019-07-14,2019-07-21 00:00:00+00:00,2019-07-21,2019-10-06,demand-v2-provisional,provisional
JP,cultural_heritage,train,1019,2018-07-29,2019-07-21,2019-07-28 00:00:00+00:00,2019-07-28,2019-10-13,demand-v2-provisional,provisional
JP,cultural_heritage,train,1020,2018-08-05,2019-07-28,2019-08-04 00:00:00+00:00,2019-08-04,2019-10-20,demand-v2-provisional,provisional
JP,cultural_heritage,train,1021,2018-08-12,2019-08-04,2019-08-11 00:00:00+00:00,2019-08-11,2019-10-27,demand-v2-provisional,provisional
JP,cultural_heritage,train,1022,2018-08-19,2019-08-11,2019-08-18 00:00:00+00:00,2019-08-18,2019-11-03,demand-v2-provisional,provisional
JP,cultural_heritage,train,1023,2018-08-26,2019-08-18,2019-08-25 00:00:00+00:00,2019-08-25,2019-11-10,demand-v2-provisional,provisional
JP,cultural_heritage,train,1024,2018-09-02,2019-08-25,2019-09-01 00:00:00+00:00,2019-09-01,2019-11-17,demand-v2-provisional,provisional
JP,cultural_heritage,train,1025,2018-09-09,2019-09-01,2019-09-08 00:00:00+00:00,2019-09-08,2019-11-24,demand-v2-provisional,provisional
JP,cultural_heritage,train,1026,2018-09-16,2019-09-08,2019-09-15 00:00:00+00:00,2019-09-15,2019-12-01,demand-v2-provisional,provisional
JP,cultural_heritage,train,1027,2018-09-23,2019-09-15,2019-09-22 00:00:00+00:00,2019-09-22,2019-12-08,demand-v2-provisional,provisional
JP,cultural_heritage,train,1028,2018-09-30,2019-09-22,2019-09-29 00:00:00+00:00,2019-09-29,2019-12-15,demand-v2-provisional,provisional
JP,cultural_heritage,train,1029,2018-10-07,2019-09-29,2019-10-06 00:00:00+00:00,2019-10-06,2019-12-22,demand-v2-provisional,provisional
JP,cultural_heritage,train,1030,2023-01-01,2023-12-24,2023-12-31 00:00:00+00:00,2023-12-31,2024-03-17,demand-v2-provisional,provisional
JP,cultural_heritage,train,1031,2023-01-08,2023-12-31,2024-01-07 00:00:00+00:00,2024-01-07,2024-03-24,demand-v2-provisional,provisional
JP,cultural_heritage,train,1032,2023-01-15,2024-01-07,2024-01-14 00:00:00+00:00,2024-01-14,2024-03-31,demand-v2-provisional,provisional
JP,cultural_heritage,train,1033,2023-01-22,2024-01-14,2024-01-21 00:00:00+00:00,2024-01-21,2024-04-07,demand-v2-provisional,provisional
JP,cultural_heritage,train,1034,2023-01-29,2024-01-21,2024-01-28 00:00:00+00:00,2024-01-28,2024-04-14,demand-v2-provisional,provisional
JP,cultural_heritage,train,1035,2023-02-05,2024-01-28,2024-02-04 00:00:00+00:00,2024-02-04,2024-04-21,demand-v2-provisional,provisional
JP,cultural_heritage,train,1036,2023-02-12,2024-02-04,2024-02-11 00:00:00+00:00,2024-02-11,2024-04-28,demand-v2-provisional,provisional
JP,cultural_heritage,train,1037,2023-02-19,2024-02-11,2024-02-18 00:00:00+00:00,2024-02-18,2024-05-05,demand-v2-provisional,provisional
JP,cultural_heritage,train,1038,2023-02-26,2024-02-18,2024-02-25 00:00:00+00:00,2024-02-25,2024-05-12,demand-v2-provisional,provisional
JP,cultural_heritage,train,1039,2023-03-05,2024-02-25,2024-03-03 00:00:00+00:00,2024-03-03,2024-05-19,demand-v2-provisional,provisional
JP,cultural_heritage,validation,124,2023-05-28,2024-05-19,2024-05-26 00:00:00+00:00,2024-05-26,2024-08-11,demand-v2-provisional,provisional
JP,cultural_heritage,validation,125,2023-06-04,2024-05-26,2024-06-02 00:00:00+00:00,2024-06-02,2024-08-18,demand-v2-provisional,provisional
JP,cultural_heritage,validation,126,2023-06-11,2024-06-02,2024-06-09 00:00:00+00:00,2024-06-09,2024-08-25,demand-v2-provisional,provisional
JP,cultural_heritage,validation,127,2023-06-18,2024-06-09,2024-06-16 00:00:00+00:00,2024-06-16,2024-09-01,demand-v2-provisional,provisional
JP,cultural_heritage,validation,128,2023-06-25,2024-06-16,2024-06-23 00:00:00+00:00,2024-06-23,2024-09-08,demand-v2-provisional,provisional
JP,cultural_heritage,validation,129,2023-07-02,2024-06-23,2024-06-30 00:00:00+00:00,2024-06-30,2024-09-15,demand-v2-provisional,provisional
JP,cultural_heritage,validation,130,2023-07-09,2024-06-30,2024-07-07 00:00:00+00:00,2024-07-07,2024-09-22,demand-v2-provisional,provisional
JP,cultural_heritage,validation,131,2023-07-16,2024-07-07,2024-07-14 00:00:00+00:00,2024-07-14,2024-09-29,demand-v2-provisional,provisional
JP,cultural_heritage,validation,132,2023-07-23,2024-07-14,2024-07-21 00:00:00+00:00,2024-07-21,2024-10-06,demand-v2-provisional,provisional
JP,cultural_heritage,validation,133,2023-07-30,2024-07-21,2024-07-28 00:00:00+00:00,2024-07-28,2024-10-13,demand-v2-provisional,provisional
JP,cultural_heritage,validation,134,2023-08-06,2024-07-28,2024-08-04 00:00:00+00:00,2024-08-04,2024-10-20,demand-v2-provisional,provisional
JP,cultural_heritage,validation,135,2023-08-13,2024-08-04,2024-08-11 00:00:00+00:00,2024-08-11,2024-10-27,demand-v2-provisional,provisional
JP,cultural_heritage,validation,136,2023-08-20,2024-08-11,2024-08-18 00:00:00+00:00,2024-08-18,2024-11-03,demand-v2-provisional,provisional
JP,cultural_heritage,validation,137,2023-08-27,2024-08-18,2024-08-25 00:00:00+00:00,2024-08-25,2024-11-10,demand-v2-provisional,provisional
JP,cultural_heritage,validation,138,2023-09-03,2024-08-25,2024-09-01 00:00:00+00:00,2024-09-01,2024-11-17,demand-v2-provisional,provisional
JP,cultural_heritage,validation,139,2023-09-10,2024-09-01,2024-09-08 00:00:00+00:00,2024-09-08,2024-11-24,demand-v2-provisional,provisional
JP,cultural_heritage,validation,140,2023-09-17,2024-09-08,2024-09-15 00:00:00+00:00,2024-09-15,2024-12-01,demand-v2-provisional,provisional
JP,cultural_heritage,validation,141,2023-09-24,2024-09-15,2024-09-22 00:00:00+00:00,2024-09-22,2024-12-08,demand-v2-provisional,provisional
JP,cultural_heritage,validation,142,2023-10-01,2024-09-22,2024-09-29 00:00:00+00:00,2024-09-29,2024-12-15,demand-v2-provisional,provisional
JP,cultural_heritage,validation,143,2023-10-08,2024-09-29,2024-10-06 00:00:00+00:00,2024-10-06,2024-12-22,demand-v2-provisional,provisional
JP,cultural_heritage,validation,144,2023-10-15,2024-10-06,2024-10-13 00:00:00+00:00,2024-10-13,2024-12-29,demand-v2-provisional,provisional
JP,cultural_heritage,validation,145,2023-10-22,2024-10-13,2024-10-20 00:00:00+00:00,2024-10-20,2025-01-05,demand-v2-provisional,provisional
JP,cultural_heritage,validation,146,2023-10-29,2024-10-20,2024-10-27 00:00:00+00:00,2024-10-27,2025-01-12,demand-v2-provisional,provisional
JP,cultural_heritage,validation,147,2023-11-05,2024-10-27,2024-11-03 00:00:00+00:00,2024-11-03,2025-01-19,demand-v2-provisional,provisional
JP,cultural_heritage,validation,148,2023-11-12,2024-11-03,2024-11-10 00:00:00+00:00,2024-11-10,2025-01-26,demand-v2-provisional,provisional
JP,cultural_heritage,validation,149,2023-11-19,2024-11-10,2024-11-17 00:00:00+00:00,2024-11-17,2025-02-02,demand-v2-provisional,provisional
JP,cultural_heritage,validation,150,2023-11-26,2024-11-17,2024-11-24 00:00:00+00:00,2024-11-24,2025-02-09,demand-v2-provisional,provisional
JP,cultural_heritage,validation,151,2023-12-03,2024-11-24,2024-12-01 00:00:00+00:00,2024-12-01,2025-02-16,demand-v2-provisional,provisional
JP,cultural_heritage,validation,152,2023-12-10,2024-12-01,2024-12-08 00:00:00+00:00,2024-12-08,2025-02-23,demand-v2-provisional,provisional
JP,cultural_heritage,validation,153,2023-12-17,2024-12-08,2024-12-15 00:00:00+00:00,2024-12-15,2025-03-02,demand-v2-provisional,provisional
JP,cultural_heritage,validation,154,2023-12-24,2024-12-15,2024-12-22 00:00:00+00:00,2024-12-22,2025-03-09,demand-v2-provisional,provisional
JP,cultural_heritage,test,124,2024-03-17,2025-03-09,2025-03-16 00:00:00+00:00,2025-03-16,2025-06-01,demand-v2-provisional,provisional
JP,cultural_heritage,test,125,2024-03-24,2025-03-16,2025-03-23 00:00:00+00:00,2025-03-23,2025-06-08,demand-v2-provisional,provisional
JP,cultural_heritage,test,126,2024-03-31,2025-03-23,2025-03-30 00:00:00+00:00,2025-03-30,2025-06-15,demand-v2-provisional,provisional
JP,cultural_heritage,test,127,2024-04-07,2025-03-30,2025-04-06 00:00:00+00:00,2025-04-06,2025-06-22,demand-v2-provisional,provisional
JP,cultural_heritage,test,128,2024-04-14,2025-04-06,2025-04-13 00:00:00+00:00,2025-04-13,2025-06-29,demand-v2-provisional,provisional
JP,cultural_heritage,test,129,2024-04-21,2025-04-13,2025-04-20 00:00:00+00:00,2025-04-20,2025-07-06,demand-v2-provisional,provisional
JP,cultural_heritage,test,130,2024-04-28,2025-04-20,2025-04-27 00:00:00+00:00,2025-04-27,2025-07-13,demand-v2-provisional,provisional
JP,cultural_heritage,test,131,2024-05-05,2025-04-27,2025-05-04 00:00:00+00:00,2025-05-04,2025-07-20,demand-v2-provisional,provisional
JP,cultural_heritage,test,132,2024-05-12,2025-05-04,2025-05-11 00:00:00+00:00,2025-05-11,2025-07-27,demand-v2-provisional,provisional
JP,cultural_heritage,test,133,2024-05-19,2025-05-11,2025-05-18 00:00:00+00:00,2025-05-18,2025-08-03,demand-v2-provisional,provisional
JP,cultural_heritage,test,134,2024-05-26,2025-05-18,2025-05-25 00:00:00+00:00,2025-05-25,2025-08-10,demand-v2-provisional,provisional
JP,cultural_heritage,test,135,2024-06-02,2025-05-25,2025-06-01 00:00:00+00:00,2025-06-01,2025-08-17,demand-v2-provisional,provisional
JP,cultural_heritage,test,136,2024-06-09,2025-06-01,2025-06-08 00:00:00+00:00,2025-06-08,2025-08-24,demand-v2-provisional,provisional
JP,cultural_heritage,test,137,2024-06-16,2025-06-08,2025-06-15 00:00:00+00:00,2025-06-15,2025-08-31,demand-v2-provisional,provisional
JP,cultural_heritage,test,138,2024-06-23,2025-06-15,2025-06-22 00:00:00+00:00,2025-06-22,2025-09-07,demand-v2-provisional,provisional
JP,cultural_heritage,test,139,2024-06-30,2025-06-22,2025-06-29 00:00:00+00:00,2025-06-29,2025-09-14,demand-v2-provisional,provisional
JP,cultural_heritage,test,140,2024-07-07,2025-06-29,2025-07-06 00:00:00+00:00,2025-07-06,2025-09-21,demand-v2-provisional,provisional
JP,cultural_heritage,test,141,2024-07-14,2025-07-06,2025-07-13 00:00:00+00:00,2025-07-13,2025-09-28,demand-v2-provisional,provisional
JP,cultural_heritage,test,142,2024-07-21,2025-07-13,2025-07-20 00:00:00+00:00,2025-07-20,2025-10-05,demand-v2-provisional,provisional
JP,cultural_heritage,test,143,2024-07-28,2025-07-20,2025-07-27 00:00:00+00:00,2025-07-27,2025-10-12,demand-v2-provisional,provisional
JP,cultural_heritage,test,144,2024-08-04,2025-07-27,2025-08-03 00:00:00+00:00,2025-08-03,2025-10-19,demand-v2-provisional,provisional
JP,cultural_heritage,test,145,2024-08-11,2025-08-03,2025-08-10 00:00:00+00:00,2025-08-10,2025-10-26,demand-v2-provisional,provisional
JP,cultural_heritage,test,146,2024-08-18,2025-08-10,2025-08-17 00:00:00+00:00,2025-08-17,2025-11-02,demand-v2-provisional,provisional
JP,cultural_heritage,test,147,2024-08-25,2025-08-17,2025-08-24 00:00:00+00:00,2025-08-24,2025-11-09,demand-v2-provisional,provisional
JP,cultural_heritage,test,148,2024-09-01,2025-08-24,2025-08-31 00:00:00+00:00,2025-08-31,2025-11-16,demand-v2-provisional,provisional
JP,cultural_heritage,test,149,2024-09-08,2025-08-31,2025-09-07 00:00:00+00:00,2025-09-07,2025-11-23,demand-v2-provisional,provisional
JP,cultural_heritage,test,150,2024-09-15,2025-09-07,2025-09-14 00:00:00+00:00,2025-09-14,2025-11-30,demand-v2-provisional,provisional
JP,cultural_heritage,test,151,2024-09-22,2025-09-14,2025-09-21 00:00:00+00:00,2025-09-21,2025-12-07,demand-v2-provisional,provisional
JP,cultural_heritage,test,152,2024-09-29,2025-09-21,2025-09-28 00:00:00+00:00,2025-09-28,2025-12-14,demand-v2-provisional,provisional
JP,cultural_heritage,test,153,2024-10-06,2025-09-28,2025-10-05 00:00:00+00:00,2025-10-05,2025-12-21,demand-v2-provisional,provisional
JP,cultural_heritage,test,154,2024-10-13,2025-10-05,2025-10-12 00:00:00+00:00,2025-10-12,2025-12-28,demand-v2-provisional,provisional
JP,theme_parks_entertainment,train,1040,2014-12-28,2015-12-20,2015-12-27 00:00:00+00:00,2015-12-27,2016-03-13,demand-v2-provisional,provisional
JP,theme_parks_entertainment,train,1041,2015-01-04,2015-12-27,2016-01-03 00:00:00+00:00,2016-01-03,2016-03-20,demand-v2-provisional,provisional
JP,theme_parks_entertainment,train,1042,2015-01-11,2016-01-03,2016-01-10 00:00:00+00:00,2016-01-10,2016-03-27,demand-v2-provisional,provisional
JP,theme_parks_entertainment,train,1043,2015-01-18,2016-01-10,2016-01-17 00:00:00+00:00,2016-01-17,2016-04-03,demand-v2-provisional,provisional
JP,theme_parks_entertainment,train,1044,2015-01-25,2016-01-17,2016-01-24 00:00:00+00:00,2016-01-24,2016-04-10,demand-v2-provisional,provisional
JP,theme_parks_entertainment,train,1045,2015-02-01,2016-01-24,2016-01-31 00:00:00+00:00,2016-01-31,2016-04-17,demand-v2-provisional,provisional
JP,theme_parks_entertainment,train,1046,2015-02-08,2016-01-31,2016-02-07 00:00:00+00:00,2016-02-07,2016-04-24,demand-v2-provisional,provisional
JP,theme_parks_entertainment,train,1047,2015-02-15,2016-02-07,2016-02-14 00:00:00+00:00,2016-02-14,2016-05-01,demand-v2-provisional,provisional
JP,theme_parks_entertainment,train,1048,2015-02-22,2016-02-14,2016-02-21 00:00:00+00:00,2016-02-21,2016-05-08,demand-v2-provisional,provisional
JP,theme_parks_entertainment,train,1049,2015-03-01,2016-02-21,2016-02-28 00:00:00+00:00,2016-02-28,2016-05-15,demand-v2-provisional,provisional
JP,theme_parks_entertainment,train,1050,2015-03-08,2016-02-28,2016-03-06 00:00:00+00:00,2016-03-06,2016-05-22,demand-v2-provisional,provisional
JP,theme_parks_entertainment,train,1051,2015-03-15,2016-03-06,2016-03-13 00:00:00+00:00,2016-03-13,2016-05-29,demand-v2-provisional,provisional
JP,theme_parks_entertainment,train,1052,2015-03-22,2016-03-13,2016-03-20 00:00:00+00:00,2016-03-20,2016-06-05,demand-v2-provisional,provisional
JP,theme_parks_entertainment,train,1053,2015-03-29,2016-03-20,2016-03-27 00:00:00+00:00,2016-03-27,2016-06-12,demand-v2-provisional,provisional
JP,theme_parks_entertainment,train,1054,2015-04-05,2016-03-27,2016-04-03 00:00:00+00:00,2016-04-03,2016-06-19,demand-v2-provisional,provisional
JP,theme_parks_entertainment,train,1055,2015-04-12,2016-04-03,2016-04-10 00:00:00+00:00,2016-04-10,2016-06-26,demand-v2-provisional,provisional
JP,theme_parks_entertainment,train,1056,2015-04-19,2016-04-10,2016-04-17 00:00:00+00:00,2016-04-17,2016-07-03,demand-v2-provisional,provisional
JP,theme_parks_entertainment,train,1057,2015-04-26,2016-04-17,2016-04-24 00:00:00+00:00,2016-04-24,2016-07-10,demand-v2-provisional,provisional
JP,theme_parks_entertainment,train,1058,2015-05-03,2016-04-24,2016-05-01 00:00:00+00:00,2016-05-01,2016-07-17,demand-v2-provisional,provisional
JP,theme_parks_entertainment,train,1059,2015-05-10,2016-05-01,2016-05-08 00:00:00+00:00,2016-05-08,2016-07-24,demand-v2-provisional,provisional
JP,theme_parks_entertainment,train,1060,2015-05-17,2016-05-08,2016-05-15 00:00:00+00:00,2016-05-15,2016-07-31,demand-v2-provisional,provisional
JP,theme_parks_entertainment,train,1061,2015-05-24,2016-05-15,2016-05-22 00:00:00+00:00,2016-05-22,2016-08-07,demand-v2-provisional,provisional
JP,theme_parks_entertainment,train,1062,2015-05-31,2016-05-22,2016-05-29 00:00:00+00:00,2016-05-29,2016-08-14,demand-v2-provisional,provisional
JP,theme_parks_entertainment,train,1063,2015-06-07,2016-05-29,2016-06-05 00:00:00+00:00,2016-06-05,2016-08-21,demand-v2-provisional,provisional
JP,theme_parks_entertainment,train,1064,2015-06-14,2016-06-05,2016-06-12 00:00:00+00:00,2016-06-12,2016-08-28,demand-v2-provisional,provisional
JP,theme_parks_entertainment,train,1065,2015-06-21,2016-06-12,2016-06-19 00:00:00+00:00,2016-06-19,2016-09-04,demand-v2-provisional,provisional
JP,theme_parks_entertainment,train,1066,2015-06-28,2016-06-19,2016-06-26 00:00:00+00:00,2016-06-26,2016-09-11,demand-v2-provisional,provisional
JP,theme_parks_entertainment,train,1067,2015-07-05,2016-06-26,2016-07-03 00:00:00+00:00,2016-07-03,2016-09-18,demand-v2-provisional,provisional
JP,theme_parks_entertainment,train,1068,2015-07-12,2016-07-03,2016-07-10 00:00:00+00:00,2016-07-10,2016-09-25,demand-v2-provisional,provisional
JP,theme_parks_entertainment,train,1069,2015-07-19,2016-07-10,2016-07-17 00:00:00+00:00,2016-07-17,2016-10-02,demand-v2-provisional,provisional
JP,theme_parks_entertainment,train,1070,2015-07-26,2016-07-17,2016-07-24 00:00:00+00:00,2016-07-24,2016-10-09,demand-v2-provisional,provisional
JP,theme_parks_entertainment,train,1071,2015-08-02,2016-07-24,2016-07-31 00:00:00+00:00,2016-07-31,2016-10-16,demand-v2-provisional,provisional
JP,theme_parks_entertainment,train,1072,2015-08-09,2016-07-31,2016-08-07 00:00:00+00:00,2016-08-07,2016-10-23,demand-v2-provisional,provisional
JP,theme_parks_entertainment,train,1073,2015-08-16,2016-08-07,2016-08-14 00:00:00+00:00,2016-08-14,2016-10-30,demand-v2-provisional,provisional
JP,theme_parks_entertainment,train,1074,2015-08-23,2016-08-14,2016-08-21 00:00:00+00:00,2016-08-21,2016-11-06,demand-v2-provisional,provisional
JP,theme_parks_entertainment,train,1075,2015-08-30,2016-08-21,2016-08-28 00:00:00+00:00,2016-08-28,2016-11-13,demand-v2-provisional,provisional
JP,theme_parks_entertainment,train,1076,2015-09-06,2016-08-28,2016-09-04 00:00:00+00:00,2016-09-04,2016-11-20,demand-v2-provisional,provisional
JP,theme_parks_entertainment,train,1077,2015-09-13,2016-09-04,2016-09-11 00:00:00+00:00,2016-09-11,2016-11-27,demand-v2-provisional,provisional
JP,theme_parks_entertainment,train,1078,2015-09-20,2016-09-11,2016-09-18 00:00:00+00:00,2016-09-18,2016-12-04,demand-v2-provisional,provisional
JP,theme_parks_entertainment,train,1079,2015-09-27,2016-09-18,2016-09-25 00:00:00+00:00,2016-09-25,2016-12-11,demand-v2-provisional,provisional
JP,theme_parks_entertainment,train,1080,2015-10-04,2016-09-25,2016-10-02 00:00:00+00:00,2016-10-02,2016-12-18,demand-v2-provisional,provisional
JP,theme_parks_entertainment,train,1081,2015-10-11,2016-10-02,2016-10-09 00:00:00+00:00,2016-10-09,2016-12-25,demand-v2-provisional,provisional
JP,theme_parks_entertainment,train,1082,2015-10-18,2016-10-09,2016-10-16 00:00:00+00:00,2016-10-16,2017-01-01,demand-v2-provisional,provisional
JP,theme_parks_entertainment,train,1083,2015-10-25,2016-10-16,2016-10-23 00:00:00+00:00,2016-10-23,2017-01-08,demand-v2-provisional,provisional
JP,theme_parks_entertainment,train,1084,2015-11-01,2016-10-23,2016-10-30 00:00:00+00:00,2016-10-30,2017-01-15,demand-v2-provisional,provisional
JP,theme_parks_entertainment,train,1085,2015-11-08,2016-10-30,2016-11-06 00:00:00+00:00,2016-11-06,2017-01-22,demand-v2-provisional,provisional
JP,theme_parks_entertainment,train,1086,2015-11-15,2016-11-06,2016-11-13 00:00:00+00:00,2016-11-13,2017-01-29,demand-v2-provisional,provisional
JP,theme_parks_entertainment,train,1087,2015-11-22,2016-11-13,2016-11-20 00:00:00+00:00,2016-11-20,2017-02-05,demand-v2-provisional,provisional
JP,theme_parks_entertainment,train,1088,2015-11-29,2016-11-20,2016-11-27 00:00:00+00:00,2016-11-27,2017-02-12,demand-v2-provisional,provisional
JP,theme_parks_entertainment,train,1089,2015-12-06,2016-11-27,2016-12-04 00:00:00+00:00,2016-12-04,2017-02-19,demand-v2-provisional,provisional
JP,theme_parks_entertainment,train,1090,2015-12-13,2016-12-04,2016-12-11 00:00:00+00:00,2016-12-11,2017-02-26,demand-v2-provisional,provisional
JP,theme_parks_entertainment,train,1091,2015-12-20,2016-12-11,2016-12-18 00:00:00+00:00,2016-12-18,2017-03-05,demand-v2-provisional,provisional
JP,theme_parks_entertainment,train,1092,2015-12-27,2016-12-18,2016-12-25 00:00:00+00:00,2016-12-25,2017-03-12,demand-v2-provisional,provisional
JP,theme_parks_entertainment,train,1093,2016-01-03,2016-12-25,2017-01-01 00:00:00+00:00,2017-01-01,2017-03-19,demand-v2-provisional,provisional
JP,theme_parks_entertainment,train,1094,2016-01-10,2017-01-01,2017-01-08 00:00:00+00:00,2017-01-08,2017-03-26,demand-v2-provisional,provisional
JP,theme_parks_entertainment,train,1095,2016-01-17,2017-01-08,2017-01-15 00:00:00+00:00,2017-01-15,2017-04-02,demand-v2-provisional,provisional
JP,theme_parks_entertainment,train,1096,2016-01-24,2017-01-15,2017-01-22 00:00:00+00:00,2017-01-22,2017-04-09,demand-v2-provisional,provisional
JP,theme_parks_entertainment,train,1097,2016-01-31,2017-01-22,2017-01-29 00:00:00+00:00,2017-01-29,2017-04-16,demand-v2-provisional,provisional
JP,theme_parks_entertainment,train,1098,2016-02-07,2017-01-29,2017-02-05 00:00:00+00:00,2017-02-05,2017-04-23,demand-v2-provisional,provisional
JP,theme_parks_entertainment,train,1099,2016-02-14,2017-02-05,2017-02-12 00:00:00+00:00,2017-02-12,2017-04-30,demand-v2-provisional,provisional
JP,theme_parks_entertainment,train,1100,2016-02-21,2017-02-12,2017-02-19 00:00:00+00:00,2017-02-19,2017-05-07,demand-v2-provisional,provisional
JP,theme_parks_entertainment,train,1101,2016-02-28,2017-02-19,2017-02-26 00:00:00+00:00,2017-02-26,2017-05-14,demand-v2-provisional,provisional
JP,theme_parks_entertainment,train,1102,2016-03-06,2017-02-26,2017-03-05 00:00:00+00:00,2017-03-05,2017-05-21,demand-v2-provisional,provisional
JP,theme_parks_entertainment,train,1103,2016-03-13,2017-03-05,2017-03-12 00:00:00+00:00,2017-03-12,2017-05-28,demand-v2-provisional,provisional
JP,theme_parks_entertainment,train,1104,2016-03-20,2017-03-12,2017-03-19 00:00:00+00:00,2017-03-19,2017-06-04,demand-v2-provisional,provisional
JP,theme_parks_entertainment,train,1105,2016-03-27,2017-03-19,2017-03-26 00:00:00+00:00,2017-03-26,2017-06-11,demand-v2-provisional,provisional
JP,theme_parks_entertainment,train,1106,2016-04-03,2017-03-26,2017-04-02 00:00:00+00:00,2017-04-02,2017-06-18,demand-v2-provisional,provisional
JP,theme_parks_entertainment,train,1107,2016-04-10,2017-04-02,2017-04-09 00:00:00+00:00,2017-04-09,2017-06-25,demand-v2-provisional,provisional
JP,theme_parks_entertainment,train,1108,2016-04-17,2017-04-09,2017-04-16 00:00:00+00:00,2017-04-16,2017-07-02,demand-v2-provisional,provisional
JP,theme_parks_entertainment,train,1109,2016-04-24,2017-04-16,2017-04-23 00:00:00+00:00,2017-04-23,2017-07-09,demand-v2-provisional,provisional
JP,theme_parks_entertainment,train,1110,2016-05-01,2017-04-23,2017-04-30 00:00:00+00:00,2017-04-30,2017-07-16,demand-v2-provisional,provisional
JP,theme_parks_entertainment,train,1111,2016-05-08,2017-04-30,2017-05-07 00:00:00+00:00,2017-05-07,2017-07-23,demand-v2-provisional,provisional
JP,theme_parks_entertainment,train,1112,2016-05-15,2017-05-07,2017-05-14 00:00:00+00:00,2017-05-14,2017-07-30,demand-v2-provisional,provisional
JP,theme_parks_entertainment,train,1113,2016-05-22,2017-05-14,2017-05-21 00:00:00+00:00,2017-05-21,2017-08-06,demand-v2-provisional,provisional
JP,theme_parks_entertainment,train,1114,2016-05-29,2017-05-21,2017-05-28 00:00:00+00:00,2017-05-28,2017-08-13,demand-v2-provisional,provisional
JP,theme_parks_entertainment,train,1115,2016-06-05,2017-05-28,2017-06-04 00:00:00+00:00,2017-06-04,2017-08-20,demand-v2-provisional,provisional
JP,theme_parks_entertainment,train,1116,2016-06-12,2017-06-04,2017-06-11 00:00:00+00:00,2017-06-11,2017-08-27,demand-v2-provisional,provisional
JP,theme_parks_entertainment,train,1117,2016-06-19,2017-06-11,2017-06-18 00:00:00+00:00,2017-06-18,2017-09-03,demand-v2-provisional,provisional
JP,theme_parks_entertainment,train,1118,2016-06-26,2017-06-18,2017-06-25 00:00:00+00:00,2017-06-25,2017-09-10,demand-v2-provisional,provisional
JP,theme_parks_entertainment,train,1119,2016-07-03,2017-06-25,2017-07-02 00:00:00+00:00,2017-07-02,2017-09-17,demand-v2-provisional,provisional
JP,theme_parks_entertainment,train,1120,2016-07-10,2017-07-02,2017-07-09 00:00:00+00:00,2017-07-09,2017-09-24,demand-v2-provisional,provisional
JP,theme_parks_entertainment,train,1121,2016-07-17,2017-07-09,2017-07-16 00:00:00+00:00,2017-07-16,2017-10-01,demand-v2-provisional,provisional
JP,theme_parks_entertainment,train,1122,2016-07-24,2017-07-16,2017-07-23 00:00:00+00:00,2017-07-23,2017-10-08,demand-v2-provisional,provisional
JP,theme_parks_entertainment,train,1123,2016-07-31,2017-07-23,2017-07-30 00:00:00+00:00,2017-07-30,2017-10-15,demand-v2-provisional,provisional
JP,theme_parks_entertainment,train,1124,2016-08-07,2017-07-30,2017-08-06 00:00:00+00:00,2017-08-06,2017-10-22,demand-v2-provisional,provisional
JP,theme_parks_entertainment,train,1125,2016-08-14,2017-08-06,2017-08-13 00:00:00+00:00,2017-08-13,2017-10-29,demand-v2-provisional,provisional
JP,theme_parks_entertainment,train,1126,2016-08-21,2017-08-13,2017-08-20 00:00:00+00:00,2017-08-20,2017-11-05,demand-v2-provisional,provisional
JP,theme_parks_entertainment,train,1127,2016-08-28,2017-08-20,2017-08-27 00:00:00+00:00,2017-08-27,2017-11-12,demand-v2-provisional,provisional
JP,theme_parks_entertainment,train,1128,2016-09-04,2017-08-27,2017-09-03 00:00:00+00:00,2017-09-03,2017-11-19,demand-v2-provisional,provisional
JP,theme_parks_entertainment,train,1129,2016-09-11,2017-09-03,2017-09-10 00:00:00+00:00,2017-09-10,2017-11-26,demand-v2-provisional,provisional
JP,theme_parks_entertainment,train,1130,2016-09-18,2017-09-10,2017-09-17 00:00:00+00:00,2017-09-17,2017-12-03,demand-v2-provisional,provisional
JP,theme_parks_entertainment,train,1131,2016-09-25,2017-09-17,2017-09-24 00:00:00+00:00,2017-09-24,2017-12-10,demand-v2-provisional,provisional
JP,theme_parks_entertainment,train,1132,2016-10-02,2017-09-24,2017-10-01 00:00:00+00:00,2017-10-01,2017-12-17,demand-v2-provisional,provisional
JP,theme_parks_entertainment,train,1133,2016-10-09,2017-10-01,2017-10-08 00:00:00+00:00,2017-10-08,2017-12-24,demand-v2-provisional,provisional
JP,theme_parks_entertainment,train,1134,2016-10-16,2017-10-08,2017-10-15 00:00:00+00:00,2017-10-15,2017-12-31,demand-v2-provisional,provisional
JP,theme_parks_entertainment,train,1135,2016-10-23,2017-10-15,2017-10-22 00:00:00+00:00,2017-10-22,2018-01-07,demand-v2-provisional,provisional
JP,theme_parks_entertainment,train,1136,2016-10-30,2017-10-22,2017-10-29 00:00:00+00:00,2017-10-29,2018-01-14,demand-v2-provisional,provisional
JP,theme_parks_entertainment,train,1137,2016-11-06,2017-10-29,2017-11-05 00:00:00+00:00,2017-11-05,2018-01-21,demand-v2-provisional,provisional
JP,theme_parks_entertainment,train,1138,2016-11-13,2017-11-05,2017-11-12 00:00:00+00:00,2017-11-12,2018-01-28,demand-v2-provisional,provisional
JP,theme_parks_entertainment,train,1139,2016-11-20,2017-11-12,2017-11-19 00:00:00+00:00,2017-11-19,2018-02-04,demand-v2-provisional,provisional
JP,theme_parks_entertainment,train,1140,2016-11-27,2017-11-19,2017-11-26 00:00:00+00:00,2017-11-26,2018-02-11,demand-v2-provisional,provisional
JP,theme_parks_entertainment,train,1141,2016-12-04,2017-11-26,2017-12-03 00:00:00+00:00,2017-12-03,2018-02-18,demand-v2-provisional,provisional
JP,theme_parks_entertainment,train,1142,2016-12-11,2017-12-03,2017-12-10 00:00:00+00:00,2017-12-10,2018-02-25,demand-v2-provisional,provisional
JP,theme_parks_entertainment,train,1143,2016-12-18,2017-12-10,2017-12-17 00:00:00+00:00,2017-12-17,2018-03-04,demand-v2-provisional,provisional
JP,theme_parks_entertainment,train,1144,2016-12-25,2017-12-17,2017-12-24 00:00:00+00:00,2017-12-24,2018-03-11,demand-v2-provisional,provisional
JP,theme_parks_entertainment,train,1145,2017-01-01,2017-12-24,2017-12-31 00:00:00+00:00,2017-12-31,2018-03-18,demand-v2-provisional,provisional
JP,theme_parks_entertainment,train,1146,2017-01-08,2017-12-31,2018-01-07 00:00:00+00:00,2018-01-07,2018-03-25,demand-v2-provisional,provisional
JP,theme_parks_entertainment,train,1147,2017-01-15,2018-01-07,2018-01-14 00:00:00+00:00,2018-01-14,2018-04-01,demand-v2-provisional,provisional
JP,theme_parks_entertainment,train,1148,2017-01-22,2018-01-14,2018-01-21 00:00:00+00:00,2018-01-21,2018-04-08,demand-v2-provisional,provisional
JP,theme_parks_entertainment,train,1149,2017-01-29,2018-01-21,2018-01-28 00:00:00+00:00,2018-01-28,2018-04-15,demand-v2-provisional,provisional
JP,theme_parks_entertainment,train,1150,2017-02-05,2018-01-28,2018-02-04 00:00:00+00:00,2018-02-04,2018-04-22,demand-v2-provisional,provisional
JP,theme_parks_entertainment,train,1151,2017-02-12,2018-02-04,2018-02-11 00:00:00+00:00,2018-02-11,2018-04-29,demand-v2-provisional,provisional
JP,theme_parks_entertainment,train,1152,2017-02-19,2018-02-11,2018-02-18 00:00:00+00:00,2018-02-18,2018-05-06,demand-v2-provisional,provisional
JP,theme_parks_entertainment,train,1153,2017-02-26,2018-02-18,2018-02-25 00:00:00+00:00,2018-02-25,2018-05-13,demand-v2-provisional,provisional
JP,theme_parks_entertainment,train,1154,2017-03-05,2018-02-25,2018-03-04 00:00:00+00:00,2018-03-04,2018-05-20,demand-v2-provisional,provisional
JP,theme_parks_entertainment,train,1155,2017-03-12,2018-03-04,2018-03-11 00:00:00+00:00,2018-03-11,2018-05-27,demand-v2-provisional,provisional
JP,theme_parks_entertainment,train,1156,2017-03-19,2018-03-11,2018-03-18 00:00:00+00:00,2018-03-18,2018-06-03,demand-v2-provisional,provisional
JP,theme_parks_entertainment,train,1157,2017-03-26,2018-03-18,2018-03-25 00:00:00+00:00,2018-03-25,2018-06-10,demand-v2-provisional,provisional
JP,theme_parks_entertainment,train,1158,2017-04-02,2018-03-25,2018-04-01 00:00:00+00:00,2018-04-01,2018-06-17,demand-v2-provisional,provisional
JP,theme_parks_entertainment,train,1159,2017-04-09,2018-04-01,2018-04-08 00:00:00+00:00,2018-04-08,2018-06-24,demand-v2-provisional,provisional
JP,theme_parks_entertainment,train,1160,2017-04-16,2018-04-08,2018-04-15 00:00:00+00:00,2018-04-15,2018-07-01,demand-v2-provisional,provisional
JP,theme_parks_entertainment,train,1161,2017-04-23,2018-04-15,2018-04-22 00:00:00+00:00,2018-04-22,2018-07-08,demand-v2-provisional,provisional
JP,theme_parks_entertainment,train,1162,2017-04-30,2018-04-22,2018-04-29 00:00:00+00:00,2018-04-29,2018-07-15,demand-v2-provisional,provisional
JP,theme_parks_entertainment,train,1163,2017-05-07,2018-04-29,2018-05-06 00:00:00+00:00,2018-05-06,2018-07-22,demand-v2-provisional,provisional
JP,theme_parks_entertainment,train,1164,2017-05-14,2018-05-06,2018-05-13 00:00:00+00:00,2018-05-13,2018-07-29,demand-v2-provisional,provisional
JP,theme_parks_entertainment,train,1165,2017-05-21,2018-05-13,2018-05-20 00:00:00+00:00,2018-05-20,2018-08-05,demand-v2-provisional,provisional
JP,theme_parks_entertainment,train,1166,2017-05-28,2018-05-20,2018-05-27 00:00:00+00:00,2018-05-27,2018-08-12,demand-v2-provisional,provisional
JP,theme_parks_entertainment,train,1167,2017-06-04,2018-05-27,2018-06-03 00:00:00+00:00,2018-06-03,2018-08-19,demand-v2-provisional,provisional
JP,theme_parks_entertainment,train,1168,2017-06-11,2018-06-03,2018-06-10 00:00:00+00:00,2018-06-10,2018-08-26,demand-v2-provisional,provisional
JP,theme_parks_entertainment,train,1169,2017-06-18,2018-06-10,2018-06-17 00:00:00+00:00,2018-06-17,2018-09-02,demand-v2-provisional,provisional
JP,theme_parks_entertainment,train,1170,2017-06-25,2018-06-17,2018-06-24 00:00:00+00:00,2018-06-24,2018-09-09,demand-v2-provisional,provisional
JP,theme_parks_entertainment,train,1171,2017-07-02,2018-06-24,2018-07-01 00:00:00+00:00,2018-07-01,2018-09-16,demand-v2-provisional,provisional
JP,theme_parks_entertainment,train,1172,2017-07-09,2018-07-01,2018-07-08 00:00:00+00:00,2018-07-08,2018-09-23,demand-v2-provisional,provisional
JP,theme_parks_entertainment,train,1173,2017-07-16,2018-07-08,2018-07-15 00:00:00+00:00,2018-07-15,2018-09-30,demand-v2-provisional,provisional
JP,theme_parks_entertainment,train,1174,2017-07-23,2018-07-15,2018-07-22 00:00:00+00:00,2018-07-22,2018-10-07,demand-v2-provisional,provisional
JP,theme_parks_entertainment,train,1175,2017-07-30,2018-07-22,2018-07-29 00:00:00+00:00,2018-07-29,2018-10-14,demand-v2-provisional,provisional
JP,theme_parks_entertainment,train,1176,2017-08-06,2018-07-29,2018-08-05 00:00:00+00:00,2018-08-05,2018-10-21,demand-v2-provisional,provisional
JP,theme_parks_entertainment,train,1177,2017-08-13,2018-08-05,2018-08-12 00:00:00+00:00,2018-08-12,2018-10-28,demand-v2-provisional,provisional
JP,theme_parks_entertainment,train,1178,2017-08-20,2018-08-12,2018-08-19 00:00:00+00:00,2018-08-19,2018-11-04,demand-v2-provisional,provisional
JP,theme_parks_entertainment,train,1179,2017-08-27,2018-08-19,2018-08-26 00:00:00+00:00,2018-08-26,2018-11-11,demand-v2-provisional,provisional
JP,theme_parks_entertainment,train,1180,2017-09-03,2018-08-26,2018-09-02 00:00:00+00:00,2018-09-02,2018-11-18,demand-v2-provisional,provisional
JP,theme_parks_entertainment,train,1181,2017-09-10,2018-09-02,2018-09-09 00:00:00+00:00,2018-09-09,2018-11-25,demand-v2-provisional,provisional
JP,theme_parks_entertainment,train,1182,2017-09-17,2018-09-09,2018-09-16 00:00:00+00:00,2018-09-16,2018-12-02,demand-v2-provisional,provisional
JP,theme_parks_entertainment,train,1183,2017-09-24,2018-09-16,2018-09-23 00:00:00+00:00,2018-09-23,2018-12-09,demand-v2-provisional,provisional
JP,theme_parks_entertainment,train,1184,2017-10-01,2018-09-23,2018-09-30 00:00:00+00:00,2018-09-30,2018-12-16,demand-v2-provisional,provisional
JP,theme_parks_entertainment,train,1185,2017-10-08,2018-09-30,2018-10-07 00:00:00+00:00,2018-10-07,2018-12-23,demand-v2-provisional,provisional
JP,theme_parks_entertainment,train,1186,2017-10-15,2018-10-07,2018-10-14 00:00:00+00:00,2018-10-14,2018-12-30,demand-v2-provisional,provisional
JP,theme_parks_entertainment,train,1187,2017-10-22,2018-10-14,2018-10-21 00:00:00+00:00,2018-10-21,2019-01-06,demand-v2-provisional,provisional
JP,theme_parks_entertainment,train,1188,2017-10-29,2018-10-21,2018-10-28 00:00:00+00:00,2018-10-28,2019-01-13,demand-v2-provisional,provisional
JP,theme_parks_entertainment,train,1189,2017-11-05,2018-10-28,2018-11-04 00:00:00+00:00,2018-11-04,2019-01-20,demand-v2-provisional,provisional
JP,theme_parks_entertainment,train,1190,2017-11-12,2018-11-04,2018-11-11 00:00:00+00:00,2018-11-11,2019-01-27,demand-v2-provisional,provisional
JP,theme_parks_entertainment,train,1191,2017-11-19,2018-11-11,2018-11-18 00:00:00+00:00,2018-11-18,2019-02-03,demand-v2-provisional,provisional
JP,theme_parks_entertainment,train,1192,2017-11-26,2018-11-18,2018-11-25 00:00:00+00:00,2018-11-25,2019-02-10,demand-v2-provisional,provisional
JP,theme_parks_entertainment,train,1193,2017-12-03,2018-11-25,2018-12-02 00:00:00+00:00,2018-12-02,2019-02-17,demand-v2-provisional,provisional
JP,theme_parks_entertainment,train,1194,2017-12-10,2018-12-02,2018-12-09 00:00:00+00:00,2018-12-09,2019-02-24,demand-v2-provisional,provisional
JP,theme_parks_entertainment,train,1195,2017-12-17,2018-12-09,2018-12-16 00:00:00+00:00,2018-12-16,2019-03-03,demand-v2-provisional,provisional
JP,theme_parks_entertainment,train,1196,2017-12-24,2018-12-16,2018-12-23 00:00:00+00:00,2018-12-23,2019-03-10,demand-v2-provisional,provisional
JP,theme_parks_entertainment,train,1197,2017-12-31,2018-12-23,2018-12-30 00:00:00+00:00,2018-12-30,2019-03-17,demand-v2-provisional,provisional
JP,theme_parks_entertainment,train,1198,2018-01-07,2018-12-30,2019-01-06 00:00:00+00:00,2019-01-06,2019-03-24,demand-v2-provisional,provisional
JP,theme_parks_entertainment,train,1199,2018-01-14,2019-01-06,2019-01-13 00:00:00+00:00,2019-01-13,2019-03-31,demand-v2-provisional,provisional
JP,theme_parks_entertainment,train,1200,2018-01-21,2019-01-13,2019-01-20 00:00:00+00:00,2019-01-20,2019-04-07,demand-v2-provisional,provisional
JP,theme_parks_entertainment,train,1201,2018-01-28,2019-01-20,2019-01-27 00:00:00+00:00,2019-01-27,2019-04-14,demand-v2-provisional,provisional
JP,theme_parks_entertainment,train,1202,2018-02-04,2019-01-27,2019-02-03 00:00:00+00:00,2019-02-03,2019-04-21,demand-v2-provisional,provisional
JP,theme_parks_entertainment,train,1203,2018-02-11,2019-02-03,2019-02-10 00:00:00+00:00,2019-02-10,2019-04-28,demand-v2-provisional,provisional
JP,theme_parks_entertainment,train,1204,2018-02-18,2019-02-10,2019-02-17 00:00:00+00:00,2019-02-17,2019-05-05,demand-v2-provisional,provisional
JP,theme_parks_entertainment,train,1205,2018-02-25,2019-02-17,2019-02-24 00:00:00+00:00,2019-02-24,2019-05-12,demand-v2-provisional,provisional
JP,theme_parks_entertainment,train,1206,2018-03-04,2019-02-24,2019-03-03 00:00:00+00:00,2019-03-03,2019-05-19,demand-v2-provisional,provisional
JP,theme_parks_entertainment,train,1207,2018-03-11,2019-03-03,2019-03-10 00:00:00+00:00,2019-03-10,2019-05-26,demand-v2-provisional,provisional
JP,theme_parks_entertainment,train,1208,2018-03-18,2019-03-10,2019-03-17 00:00:00+00:00,2019-03-17,2019-06-02,demand-v2-provisional,provisional
JP,theme_parks_entertainment,train,1209,2018-03-25,2019-03-17,2019-03-24 00:00:00+00:00,2019-03-24,2019-06-09,demand-v2-provisional,provisional
JP,theme_parks_entertainment,train,1210,2018-04-01,2019-03-24,2019-03-31 00:00:00+00:00,2019-03-31,2019-06-16,demand-v2-provisional,provisional
JP,theme_parks_entertainment,train,1211,2018-04-08,2019-03-31,2019-04-07 00:00:00+00:00,2019-04-07,2019-06-23,demand-v2-provisional,provisional
JP,theme_parks_entertainment,train,1212,2018-04-15,2019-04-07,2019-04-14 00:00:00+00:00,2019-04-14,2019-06-30,demand-v2-provisional,provisional
JP,theme_parks_entertainment,train,1213,2018-04-22,2019-04-14,2019-04-21 00:00:00+00:00,2019-04-21,2019-07-07,demand-v2-provisional,provisional
JP,theme_parks_entertainment,train,1214,2018-04-29,2019-04-21,2019-04-28 00:00:00+00:00,2019-04-28,2019-07-14,demand-v2-provisional,provisional
JP,theme_parks_entertainment,train,1215,2018-05-06,2019-04-28,2019-05-05 00:00:00+00:00,2019-05-05,2019-07-21,demand-v2-provisional,provisional
JP,theme_parks_entertainment,train,1216,2018-05-13,2019-05-05,2019-05-12 00:00:00+00:00,2019-05-12,2019-07-28,demand-v2-provisional,provisional
JP,theme_parks_entertainment,train,1217,2018-05-20,2019-05-12,2019-05-19 00:00:00+00:00,2019-05-19,2019-08-04,demand-v2-provisional,provisional
JP,theme_parks_entertainment,train,1218,2018-05-27,2019-05-19,2019-05-26 00:00:00+00:00,2019-05-26,2019-08-11,demand-v2-provisional,provisional
JP,theme_parks_entertainment,train,1219,2018-06-03,2019-05-26,2019-06-02 00:00:00+00:00,2019-06-02,2019-08-18,demand-v2-provisional,provisional
JP,theme_parks_entertainment,train,1220,2018-06-10,2019-06-02,2019-06-09 00:00:00+00:00,2019-06-09,2019-08-25,demand-v2-provisional,provisional
JP,theme_parks_entertainment,train,1221,2018-06-17,2019-06-09,2019-06-16 00:00:00+00:00,2019-06-16,2019-09-01,demand-v2-provisional,provisional
JP,theme_parks_entertainment,train,1222,2018-06-24,2019-06-16,2019-06-23 00:00:00+00:00,2019-06-23,2019-09-08,demand-v2-provisional,provisional
JP,theme_parks_entertainment,train,1223,2018-07-01,2019-06-23,2019-06-30 00:00:00+00:00,2019-06-30,2019-09-15,demand-v2-provisional,provisional
JP,theme_parks_entertainment,train,1224,2018-07-08,2019-06-30,2019-07-07 00:00:00+00:00,2019-07-07,2019-09-22,demand-v2-provisional,provisional
JP,theme_parks_entertainment,train,1225,2018-07-15,2019-07-07,2019-07-14 00:00:00+00:00,2019-07-14,2019-09-29,demand-v2-provisional,provisional
JP,theme_parks_entertainment,train,1226,2018-07-22,2019-07-14,2019-07-21 00:00:00+00:00,2019-07-21,2019-10-06,demand-v2-provisional,provisional
JP,theme_parks_entertainment,train,1227,2018-07-29,2019-07-21,2019-07-28 00:00:00+00:00,2019-07-28,2019-10-13,demand-v2-provisional,provisional
JP,theme_parks_entertainment,train,1228,2018-08-05,2019-07-28,2019-08-04 00:00:00+00:00,2019-08-04,2019-10-20,demand-v2-provisional,provisional
JP,theme_parks_entertainment,train,1229,2018-08-12,2019-08-04,2019-08-11 00:00:00+00:00,2019-08-11,2019-10-27,demand-v2-provisional,provisional
JP,theme_parks_entertainment,train,1230,2018-08-19,2019-08-11,2019-08-18 00:00:00+00:00,2019-08-18,2019-11-03,demand-v2-provisional,provisional
JP,theme_parks_entertainment,train,1231,2018-08-26,2019-08-18,2019-08-25 00:00:00+00:00,2019-08-25,2019-11-10,demand-v2-provisional,provisional
JP,theme_parks_entertainment,train,1232,2018-09-02,2019-08-25,2019-09-01 00:00:00+00:00,2019-09-01,2019-11-17,demand-v2-provisional,provisional
JP,theme_parks_entertainment,train,1233,2018-09-09,2019-09-01,2019-09-08 00:00:00+00:00,2019-09-08,2019-11-24,demand-v2-provisional,provisional
JP,theme_parks_entertainment,train,1234,2018-09-16,2019-09-08,2019-09-15 00:00:00+00:00,2019-09-15,2019-12-01,demand-v2-provisional,provisional
JP,theme_parks_entertainment,train,1235,2018-09-23,2019-09-15,2019-09-22 00:00:00+00:00,2019-09-22,2019-12-08,demand-v2-provisional,provisional
JP,theme_parks_entertainment,train,1236,2018-09-30,2019-09-22,2019-09-29 00:00:00+00:00,2019-09-29,2019-12-15,demand-v2-provisional,provisional
JP,theme_parks_entertainment,train,1237,2018-10-07,2019-09-29,2019-10-06 00:00:00+00:00,2019-10-06,2019-12-22,demand-v2-provisional,provisional
JP,theme_parks_entertainment,train,1238,2023-01-01,2023-12-24,2023-12-31 00:00:00+00:00,2023-12-31,2024-03-17,demand-v2-provisional,provisional
JP,theme_parks_entertainment,train,1239,2023-01-08,2023-12-31,2024-01-07 00:00:00+00:00,2024-01-07,2024-03-24,demand-v2-provisional,provisional
JP,theme_parks_entertainment,train,1240,2023-01-15,2024-01-07,2024-01-14 00:00:00+00:00,2024-01-14,2024-03-31,demand-v2-provisional,provisional
JP,theme_parks_entertainment,train,1241,2023-01-22,2024-01-14,2024-01-21 00:00:00+00:00,2024-01-21,2024-04-07,demand-v2-provisional,provisional
JP,theme_parks_entertainment,train,1242,2023-01-29,2024-01-21,2024-01-28 00:00:00+00:00,2024-01-28,2024-04-14,demand-v2-provisional,provisional
JP,theme_parks_entertainment,train,1243,2023-02-05,2024-01-28,2024-02-04 00:00:00+00:00,2024-02-04,2024-04-21,demand-v2-provisional,provisional
JP,theme_parks_entertainment,train,1244,2023-02-12,2024-02-04,2024-02-11 00:00:00+00:00,2024-02-11,2024-04-28,demand-v2-provisional,provisional
JP,theme_parks_entertainment,train,1245,2023-02-19,2024-02-11,2024-02-18 00:00:00+00:00,2024-02-18,2024-05-05,demand-v2-provisional,provisional
JP,theme_parks_entertainment,train,1246,2023-02-26,2024-02-18,2024-02-25 00:00:00+00:00,2024-02-25,2024-05-12,demand-v2-provisional,provisional
JP,theme_parks_entertainment,train,1247,2023-03-05,2024-02-25,2024-03-03 00:00:00+00:00,2024-03-03,2024-05-19,demand-v2-provisional,provisional
JP,theme_parks_entertainment,validation,155,2023-05-28,2024-05-19,2024-05-26 00:00:00+00:00,2024-05-26,2024-08-11,demand-v2-provisional,provisional
JP,theme_parks_entertainment,validation,156,2023-06-04,2024-05-26,2024-06-02 00:00:00+00:00,2024-06-02,2024-08-18,demand-v2-provisional,provisional
JP,theme_parks_entertainment,validation,157,2023-06-11,2024-06-02,2024-06-09 00:00:00+00:00,2024-06-09,2024-08-25,demand-v2-provisional,provisional
JP,theme_parks_entertainment,validation,158,2023-06-18,2024-06-09,2024-06-16 00:00:00+00:00,2024-06-16,2024-09-01,demand-v2-provisional,provisional
JP,theme_parks_entertainment,validation,159,2023-06-25,2024-06-16,2024-06-23 00:00:00+00:00,2024-06-23,2024-09-08,demand-v2-provisional,provisional
JP,theme_parks_entertainment,validation,160,2023-07-02,2024-06-23,2024-06-30 00:00:00+00:00,2024-06-30,2024-09-15,demand-v2-provisional,provisional
JP,theme_parks_entertainment,validation,161,2023-07-09,2024-06-30,2024-07-07 00:00:00+00:00,2024-07-07,2024-09-22,demand-v2-provisional,provisional
JP,theme_parks_entertainment,validation,162,2023-07-16,2024-07-07,2024-07-14 00:00:00+00:00,2024-07-14,2024-09-29,demand-v2-provisional,provisional
JP,theme_parks_entertainment,validation,163,2023-07-23,2024-07-14,2024-07-21 00:00:00+00:00,2024-07-21,2024-10-06,demand-v2-provisional,provisional
JP,theme_parks_entertainment,validation,164,2023-07-30,2024-07-21,2024-07-28 00:00:00+00:00,2024-07-28,2024-10-13,demand-v2-provisional,provisional
JP,theme_parks_entertainment,validation,165,2023-08-06,2024-07-28,2024-08-04 00:00:00+00:00,2024-08-04,2024-10-20,demand-v2-provisional,provisional
JP,theme_parks_entertainment,validation,166,2023-08-13,2024-08-04,2024-08-11 00:00:00+00:00,2024-08-11,2024-10-27,demand-v2-provisional,provisional
JP,theme_parks_entertainment,validation,167,2023-08-20,2024-08-11,2024-08-18 00:00:00+00:00,2024-08-18,2024-11-03,demand-v2-provisional,provisional
JP,theme_parks_entertainment,validation,168,2023-08-27,2024-08-18,2024-08-25 00:00:00+00:00,2024-08-25,2024-11-10,demand-v2-provisional,provisional
JP,theme_parks_entertainment,validation,169,2023-09-03,2024-08-25,2024-09-01 00:00:00+00:00,2024-09-01,2024-11-17,demand-v2-provisional,provisional
JP,theme_parks_entertainment,validation,170,2023-09-10,2024-09-01,2024-09-08 00:00:00+00:00,2024-09-08,2024-11-24,demand-v2-provisional,provisional
JP,theme_parks_entertainment,validation,171,2023-09-17,2024-09-08,2024-09-15 00:00:00+00:00,2024-09-15,2024-12-01,demand-v2-provisional,provisional
JP,theme_parks_entertainment,validation,172,2023-09-24,2024-09-15,2024-09-22 00:00:00+00:00,2024-09-22,2024-12-08,demand-v2-provisional,provisional
JP,theme_parks_entertainment,validation,173,2023-10-01,2024-09-22,2024-09-29 00:00:00+00:00,2024-09-29,2024-12-15,demand-v2-provisional,provisional
JP,theme_parks_entertainment,validation,174,2023-10-08,2024-09-29,2024-10-06 00:00:00+00:00,2024-10-06,2024-12-22,demand-v2-provisional,provisional
JP,theme_parks_entertainment,validation,175,2023-10-15,2024-10-06,2024-10-13 00:00:00+00:00,2024-10-13,2024-12-29,demand-v2-provisional,provisional
JP,theme_parks_entertainment,validation,176,2023-10-22,2024-10-13,2024-10-20 00:00:00+00:00,2024-10-20,2025-01-05,demand-v2-provisional,provisional
JP,theme_parks_entertainment,validation,177,2023-10-29,2024-10-20,2024-10-27 00:00:00+00:00,2024-10-27,2025-01-12,demand-v2-provisional,provisional
JP,theme_parks_entertainment,validation,178,2023-11-05,2024-10-27,2024-11-03 00:00:00+00:00,2024-11-03,2025-01-19,demand-v2-provisional,provisional
JP,theme_parks_entertainment,validation,179,2023-11-12,2024-11-03,2024-11-10 00:00:00+00:00,2024-11-10,2025-01-26,demand-v2-provisional,provisional
JP,theme_parks_entertainment,validation,180,2023-11-19,2024-11-10,2024-11-17 00:00:00+00:00,2024-11-17,2025-02-02,demand-v2-provisional,provisional
JP,theme_parks_entertainment,validation,181,2023-11-26,2024-11-17,2024-11-24 00:00:00+00:00,2024-11-24,2025-02-09,demand-v2-provisional,provisional
JP,theme_parks_entertainment,validation,182,2023-12-03,2024-11-24,2024-12-01 00:00:00+00:00,2024-12-01,2025-02-16,demand-v2-provisional,provisional
JP,theme_parks_entertainment,validation,183,2023-12-10,2024-12-01,2024-12-08 00:00:00+00:00,2024-12-08,2025-02-23,demand-v2-provisional,provisional
JP,theme_parks_entertainment,validation,184,2023-12-17,2024-12-08,2024-12-15 00:00:00+00:00,2024-12-15,2025-03-02,demand-v2-provisional,provisional
JP,theme_parks_entertainment,validation,185,2023-12-24,2024-12-15,2024-12-22 00:00:00+00:00,2024-12-22,2025-03-09,demand-v2-provisional,provisional
JP,theme_parks_entertainment,test,155,2024-03-17,2025-03-09,2025-03-16 00:00:00+00:00,2025-03-16,2025-06-01,demand-v2-provisional,provisional
JP,theme_parks_entertainment,test,156,2024-03-24,2025-03-16,2025-03-23 00:00:00+00:00,2025-03-23,2025-06-08,demand-v2-provisional,provisional
JP,theme_parks_entertainment,test,157,2024-03-31,2025-03-23,2025-03-30 00:00:00+00:00,2025-03-30,2025-06-15,demand-v2-provisional,provisional
JP,theme_parks_entertainment,test,158,2024-04-07,2025-03-30,2025-04-06 00:00:00+00:00,2025-04-06,2025-06-22,demand-v2-provisional,provisional
JP,theme_parks_entertainment,test,159,2024-04-14,2025-04-06,2025-04-13 00:00:00+00:00,2025-04-13,2025-06-29,demand-v2-provisional,provisional
JP,theme_parks_entertainment,test,160,2024-04-21,2025-04-13,2025-04-20 00:00:00+00:00,2025-04-20,2025-07-06,demand-v2-provisional,provisional
JP,theme_parks_entertainment,test,161,2024-04-28,2025-04-20,2025-04-27 00:00:00+00:00,2025-04-27,2025-07-13,demand-v2-provisional,provisional
JP,theme_parks_entertainment,test,162,2024-05-05,2025-04-27,2025-05-04 00:00:00+00:00,2025-05-04,2025-07-20,demand-v2-provisional,provisional
JP,theme_parks_entertainment,test,163,2024-05-12,2025-05-04,2025-05-11 00:00:00+00:00,2025-05-11,2025-07-27,demand-v2-provisional,provisional
JP,theme_parks_entertainment,test,164,2024-05-19,2025-05-11,2025-05-18 00:00:00+00:00,2025-05-18,2025-08-03,demand-v2-provisional,provisional
JP,theme_parks_entertainment,test,165,2024-05-26,2025-05-18,2025-05-25 00:00:00+00:00,2025-05-25,2025-08-10,demand-v2-provisional,provisional
JP,theme_parks_entertainment,test,166,2024-06-02,2025-05-25,2025-06-01 00:00:00+00:00,2025-06-01,2025-08-17,demand-v2-provisional,provisional
JP,theme_parks_entertainment,test,167,2024-06-09,2025-06-01,2025-06-08 00:00:00+00:00,2025-06-08,2025-08-24,demand-v2-provisional,provisional
JP,theme_parks_entertainment,test,168,2024-06-16,2025-06-08,2025-06-15 00:00:00+00:00,2025-06-15,2025-08-31,demand-v2-provisional,provisional
JP,theme_parks_entertainment,test,169,2024-06-23,2025-06-15,2025-06-22 00:00:00+00:00,2025-06-22,2025-09-07,demand-v2-provisional,provisional
JP,theme_parks_entertainment,test,170,2024-06-30,2025-06-22,2025-06-29 00:00:00+00:00,2025-06-29,2025-09-14,demand-v2-provisional,provisional
JP,theme_parks_entertainment,test,171,2024-07-07,2025-06-29,2025-07-06 00:00:00+00:00,2025-07-06,2025-09-21,demand-v2-provisional,provisional
JP,theme_parks_entertainment,test,172,2024-07-14,2025-07-06,2025-07-13 00:00:00+00:00,2025-07-13,2025-09-28,demand-v2-provisional,provisional
JP,theme_parks_entertainment,test,173,2024-07-21,2025-07-13,2025-07-20 00:00:00+00:00,2025-07-20,2025-10-05,demand-v2-provisional,provisional
JP,theme_parks_entertainment,test,174,2024-07-28,2025-07-20,2025-07-27 00:00:00+00:00,2025-07-27,2025-10-12,demand-v2-provisional,provisional
JP,theme_parks_entertainment,test,175,2024-08-04,2025-07-27,2025-08-03 00:00:00+00:00,2025-08-03,2025-10-19,demand-v2-provisional,provisional
JP,theme_parks_entertainment,test,176,2024-08-11,2025-08-03,2025-08-10 00:00:00+00:00,2025-08-10,2025-10-26,demand-v2-provisional,provisional
JP,theme_parks_entertainment,test,177,2024-08-18,2025-08-10,2025-08-17 00:00:00+00:00,2025-08-17,2025-11-02,demand-v2-provisional,provisional
JP,theme_parks_entertainment,test,178,2024-08-25,2025-08-17,2025-08-24 00:00:00+00:00,2025-08-24,2025-11-09,demand-v2-provisional,provisional
JP,theme_parks_entertainment,test,179,2024-09-01,2025-08-24,2025-08-31 00:00:00+00:00,2025-08-31,2025-11-16,demand-v2-provisional,provisional
JP,theme_parks_entertainment,test,180,2024-09-08,2025-08-31,2025-09-07 00:00:00+00:00,2025-09-07,2025-11-23,demand-v2-provisional,provisional
JP,theme_parks_entertainment,test,181,2024-09-15,2025-09-07,2025-09-14 00:00:00+00:00,2025-09-14,2025-11-30,demand-v2-provisional,provisional
JP,theme_parks_entertainment,test,182,2024-09-22,2025-09-14,2025-09-21 00:00:00+00:00,2025-09-21,2025-12-07,demand-v2-provisional,provisional
JP,theme_parks_entertainment,test,183,2024-09-29,2025-09-21,2025-09-28 00:00:00+00:00,2025-09-28,2025-12-14,demand-v2-provisional,provisional
JP,theme_parks_entertainment,test,184,2024-10-06,2025-09-28,2025-10-05 00:00:00+00:00,2025-10-05,2025-12-21,demand-v2-provisional,provisional
JP,theme_parks_entertainment,test,185,2024-10-13,2025-10-05,2025-10-12 00:00:00+00:00,2025-10-12,2025-12-28,demand-v2-provisional,provisional
JP,urban_city,train,1248,2014-12-28,2015-12-20,2015-12-27 00:00:00+00:00,2015-12-27,2016-03-13,demand-v2-provisional,provisional
JP,urban_city,train,1249,2015-01-04,2015-12-27,2016-01-03 00:00:00+00:00,2016-01-03,2016-03-20,demand-v2-provisional,provisional
JP,urban_city,train,1250,2015-01-11,2016-01-03,2016-01-10 00:00:00+00:00,2016-01-10,2016-03-27,demand-v2-provisional,provisional
JP,urban_city,train,1251,2015-01-18,2016-01-10,2016-01-17 00:00:00+00:00,2016-01-17,2016-04-03,demand-v2-provisional,provisional
JP,urban_city,train,1252,2015-01-25,2016-01-17,2016-01-24 00:00:00+00:00,2016-01-24,2016-04-10,demand-v2-provisional,provisional
JP,urban_city,train,1253,2015-02-01,2016-01-24,2016-01-31 00:00:00+00:00,2016-01-31,2016-04-17,demand-v2-provisional,provisional
JP,urban_city,train,1254,2015-02-08,2016-01-31,2016-02-07 00:00:00+00:00,2016-02-07,2016-04-24,demand-v2-provisional,provisional
JP,urban_city,train,1255,2015-02-15,2016-02-07,2016-02-14 00:00:00+00:00,2016-02-14,2016-05-01,demand-v2-provisional,provisional
JP,urban_city,train,1256,2015-02-22,2016-02-14,2016-02-21 00:00:00+00:00,2016-02-21,2016-05-08,demand-v2-provisional,provisional
JP,urban_city,train,1257,2015-03-01,2016-02-21,2016-02-28 00:00:00+00:00,2016-02-28,2016-05-15,demand-v2-provisional,provisional
JP,urban_city,train,1258,2015-03-08,2016-02-28,2016-03-06 00:00:00+00:00,2016-03-06,2016-05-22,demand-v2-provisional,provisional
JP,urban_city,train,1259,2015-03-15,2016-03-06,2016-03-13 00:00:00+00:00,2016-03-13,2016-05-29,demand-v2-provisional,provisional
JP,urban_city,train,1260,2015-03-22,2016-03-13,2016-03-20 00:00:00+00:00,2016-03-20,2016-06-05,demand-v2-provisional,provisional
JP,urban_city,train,1261,2015-03-29,2016-03-20,2016-03-27 00:00:00+00:00,2016-03-27,2016-06-12,demand-v2-provisional,provisional
JP,urban_city,train,1262,2015-04-05,2016-03-27,2016-04-03 00:00:00+00:00,2016-04-03,2016-06-19,demand-v2-provisional,provisional
JP,urban_city,train,1263,2015-04-12,2016-04-03,2016-04-10 00:00:00+00:00,2016-04-10,2016-06-26,demand-v2-provisional,provisional
JP,urban_city,train,1264,2015-04-19,2016-04-10,2016-04-17 00:00:00+00:00,2016-04-17,2016-07-03,demand-v2-provisional,provisional
JP,urban_city,train,1265,2015-04-26,2016-04-17,2016-04-24 00:00:00+00:00,2016-04-24,2016-07-10,demand-v2-provisional,provisional
JP,urban_city,train,1266,2015-05-03,2016-04-24,2016-05-01 00:00:00+00:00,2016-05-01,2016-07-17,demand-v2-provisional,provisional
JP,urban_city,train,1267,2015-05-10,2016-05-01,2016-05-08 00:00:00+00:00,2016-05-08,2016-07-24,demand-v2-provisional,provisional
JP,urban_city,train,1268,2015-05-17,2016-05-08,2016-05-15 00:00:00+00:00,2016-05-15,2016-07-31,demand-v2-provisional,provisional
JP,urban_city,train,1269,2015-05-24,2016-05-15,2016-05-22 00:00:00+00:00,2016-05-22,2016-08-07,demand-v2-provisional,provisional
JP,urban_city,train,1270,2015-05-31,2016-05-22,2016-05-29 00:00:00+00:00,2016-05-29,2016-08-14,demand-v2-provisional,provisional
JP,urban_city,train,1271,2015-06-07,2016-05-29,2016-06-05 00:00:00+00:00,2016-06-05,2016-08-21,demand-v2-provisional,provisional
JP,urban_city,train,1272,2015-06-14,2016-06-05,2016-06-12 00:00:00+00:00,2016-06-12,2016-08-28,demand-v2-provisional,provisional
JP,urban_city,train,1273,2015-06-21,2016-06-12,2016-06-19 00:00:00+00:00,2016-06-19,2016-09-04,demand-v2-provisional,provisional
JP,urban_city,train,1274,2015-06-28,2016-06-19,2016-06-26 00:00:00+00:00,2016-06-26,2016-09-11,demand-v2-provisional,provisional
JP,urban_city,train,1275,2015-07-05,2016-06-26,2016-07-03 00:00:00+00:00,2016-07-03,2016-09-18,demand-v2-provisional,provisional
JP,urban_city,train,1276,2015-07-12,2016-07-03,2016-07-10 00:00:00+00:00,2016-07-10,2016-09-25,demand-v2-provisional,provisional
JP,urban_city,train,1277,2015-07-19,2016-07-10,2016-07-17 00:00:00+00:00,2016-07-17,2016-10-02,demand-v2-provisional,provisional
JP,urban_city,train,1278,2015-07-26,2016-07-17,2016-07-24 00:00:00+00:00,2016-07-24,2016-10-09,demand-v2-provisional,provisional
JP,urban_city,train,1279,2015-08-02,2016-07-24,2016-07-31 00:00:00+00:00,2016-07-31,2016-10-16,demand-v2-provisional,provisional
JP,urban_city,train,1280,2015-08-09,2016-07-31,2016-08-07 00:00:00+00:00,2016-08-07,2016-10-23,demand-v2-provisional,provisional
JP,urban_city,train,1281,2015-08-16,2016-08-07,2016-08-14 00:00:00+00:00,2016-08-14,2016-10-30,demand-v2-provisional,provisional
JP,urban_city,train,1282,2015-08-23,2016-08-14,2016-08-21 00:00:00+00:00,2016-08-21,2016-11-06,demand-v2-provisional,provisional
JP,urban_city,train,1283,2015-08-30,2016-08-21,2016-08-28 00:00:00+00:00,2016-08-28,2016-11-13,demand-v2-provisional,provisional
JP,urban_city,train,1284,2015-09-06,2016-08-28,2016-09-04 00:00:00+00:00,2016-09-04,2016-11-20,demand-v2-provisional,provisional
JP,urban_city,train,1285,2015-09-13,2016-09-04,2016-09-11 00:00:00+00:00,2016-09-11,2016-11-27,demand-v2-provisional,provisional
JP,urban_city,train,1286,2015-09-20,2016-09-11,2016-09-18 00:00:00+00:00,2016-09-18,2016-12-04,demand-v2-provisional,provisional
JP,urban_city,train,1287,2015-09-27,2016-09-18,2016-09-25 00:00:00+00:00,2016-09-25,2016-12-11,demand-v2-provisional,provisional
JP,urban_city,train,1288,2015-10-04,2016-09-25,2016-10-02 00:00:00+00:00,2016-10-02,2016-12-18,demand-v2-provisional,provisional
JP,urban_city,train,1289,2015-10-11,2016-10-02,2016-10-09 00:00:00+00:00,2016-10-09,2016-12-25,demand-v2-provisional,provisional
JP,urban_city,train,1290,2015-10-18,2016-10-09,2016-10-16 00:00:00+00:00,2016-10-16,2017-01-01,demand-v2-provisional,provisional
JP,urban_city,train,1291,2015-10-25,2016-10-16,2016-10-23 00:00:00+00:00,2016-10-23,2017-01-08,demand-v2-provisional,provisional
JP,urban_city,train,1292,2015-11-01,2016-10-23,2016-10-30 00:00:00+00:00,2016-10-30,2017-01-15,demand-v2-provisional,provisional
JP,urban_city,train,1293,2015-11-08,2016-10-30,2016-11-06 00:00:00+00:00,2016-11-06,2017-01-22,demand-v2-provisional,provisional
JP,urban_city,train,1294,2015-11-15,2016-11-06,2016-11-13 00:00:00+00:00,2016-11-13,2017-01-29,demand-v2-provisional,provisional
JP,urban_city,train,1295,2015-11-22,2016-11-13,2016-11-20 00:00:00+00:00,2016-11-20,2017-02-05,demand-v2-provisional,provisional
JP,urban_city,train,1296,2015-11-29,2016-11-20,2016-11-27 00:00:00+00:00,2016-11-27,2017-02-12,demand-v2-provisional,provisional
JP,urban_city,train,1297,2015-12-06,2016-11-27,2016-12-04 00:00:00+00:00,2016-12-04,2017-02-19,demand-v2-provisional,provisional
JP,urban_city,train,1298,2015-12-13,2016-12-04,2016-12-11 00:00:00+00:00,2016-12-11,2017-02-26,demand-v2-provisional,provisional
JP,urban_city,train,1299,2015-12-20,2016-12-11,2016-12-18 00:00:00+00:00,2016-12-18,2017-03-05,demand-v2-provisional,provisional
JP,urban_city,train,1300,2015-12-27,2016-12-18,2016-12-25 00:00:00+00:00,2016-12-25,2017-03-12,demand-v2-provisional,provisional
JP,urban_city,train,1301,2016-01-03,2016-12-25,2017-01-01 00:00:00+00:00,2017-01-01,2017-03-19,demand-v2-provisional,provisional
JP,urban_city,train,1302,2016-01-10,2017-01-01,2017-01-08 00:00:00+00:00,2017-01-08,2017-03-26,demand-v2-provisional,provisional
JP,urban_city,train,1303,2016-01-17,2017-01-08,2017-01-15 00:00:00+00:00,2017-01-15,2017-04-02,demand-v2-provisional,provisional
JP,urban_city,train,1304,2016-01-24,2017-01-15,2017-01-22 00:00:00+00:00,2017-01-22,2017-04-09,demand-v2-provisional,provisional
JP,urban_city,train,1305,2016-01-31,2017-01-22,2017-01-29 00:00:00+00:00,2017-01-29,2017-04-16,demand-v2-provisional,provisional
JP,urban_city,train,1306,2016-02-07,2017-01-29,2017-02-05 00:00:00+00:00,2017-02-05,2017-04-23,demand-v2-provisional,provisional
JP,urban_city,train,1307,2016-02-14,2017-02-05,2017-02-12 00:00:00+00:00,2017-02-12,2017-04-30,demand-v2-provisional,provisional
JP,urban_city,train,1308,2016-02-21,2017-02-12,2017-02-19 00:00:00+00:00,2017-02-19,2017-05-07,demand-v2-provisional,provisional
JP,urban_city,train,1309,2016-02-28,2017-02-19,2017-02-26 00:00:00+00:00,2017-02-26,2017-05-14,demand-v2-provisional,provisional
JP,urban_city,train,1310,2016-03-06,2017-02-26,2017-03-05 00:00:00+00:00,2017-03-05,2017-05-21,demand-v2-provisional,provisional
JP,urban_city,train,1311,2016-03-13,2017-03-05,2017-03-12 00:00:00+00:00,2017-03-12,2017-05-28,demand-v2-provisional,provisional
JP,urban_city,train,1312,2016-03-20,2017-03-12,2017-03-19 00:00:00+00:00,2017-03-19,2017-06-04,demand-v2-provisional,provisional
JP,urban_city,train,1313,2016-03-27,2017-03-19,2017-03-26 00:00:00+00:00,2017-03-26,2017-06-11,demand-v2-provisional,provisional
JP,urban_city,train,1314,2016-04-03,2017-03-26,2017-04-02 00:00:00+00:00,2017-04-02,2017-06-18,demand-v2-provisional,provisional
JP,urban_city,train,1315,2016-04-10,2017-04-02,2017-04-09 00:00:00+00:00,2017-04-09,2017-06-25,demand-v2-provisional,provisional
JP,urban_city,train,1316,2016-04-17,2017-04-09,2017-04-16 00:00:00+00:00,2017-04-16,2017-07-02,demand-v2-provisional,provisional
JP,urban_city,train,1317,2016-04-24,2017-04-16,2017-04-23 00:00:00+00:00,2017-04-23,2017-07-09,demand-v2-provisional,provisional
JP,urban_city,train,1318,2016-05-01,2017-04-23,2017-04-30 00:00:00+00:00,2017-04-30,2017-07-16,demand-v2-provisional,provisional
JP,urban_city,train,1319,2016-05-08,2017-04-30,2017-05-07 00:00:00+00:00,2017-05-07,2017-07-23,demand-v2-provisional,provisional
JP,urban_city,train,1320,2016-05-15,2017-05-07,2017-05-14 00:00:00+00:00,2017-05-14,2017-07-30,demand-v2-provisional,provisional
JP,urban_city,train,1321,2016-05-22,2017-05-14,2017-05-21 00:00:00+00:00,2017-05-21,2017-08-06,demand-v2-provisional,provisional
JP,urban_city,train,1322,2016-05-29,2017-05-21,2017-05-28 00:00:00+00:00,2017-05-28,2017-08-13,demand-v2-provisional,provisional
JP,urban_city,train,1323,2016-06-05,2017-05-28,2017-06-04 00:00:00+00:00,2017-06-04,2017-08-20,demand-v2-provisional,provisional
JP,urban_city,train,1324,2016-06-12,2017-06-04,2017-06-11 00:00:00+00:00,2017-06-11,2017-08-27,demand-v2-provisional,provisional
JP,urban_city,train,1325,2016-06-19,2017-06-11,2017-06-18 00:00:00+00:00,2017-06-18,2017-09-03,demand-v2-provisional,provisional
JP,urban_city,train,1326,2016-06-26,2017-06-18,2017-06-25 00:00:00+00:00,2017-06-25,2017-09-10,demand-v2-provisional,provisional
JP,urban_city,train,1327,2016-07-03,2017-06-25,2017-07-02 00:00:00+00:00,2017-07-02,2017-09-17,demand-v2-provisional,provisional
JP,urban_city,train,1328,2016-07-10,2017-07-02,2017-07-09 00:00:00+00:00,2017-07-09,2017-09-24,demand-v2-provisional,provisional
JP,urban_city,train,1329,2016-07-17,2017-07-09,2017-07-16 00:00:00+00:00,2017-07-16,2017-10-01,demand-v2-provisional,provisional
JP,urban_city,train,1330,2016-07-24,2017-07-16,2017-07-23 00:00:00+00:00,2017-07-23,2017-10-08,demand-v2-provisional,provisional
JP,urban_city,train,1331,2016-07-31,2017-07-23,2017-07-30 00:00:00+00:00,2017-07-30,2017-10-15,demand-v2-provisional,provisional
JP,urban_city,train,1332,2016-08-07,2017-07-30,2017-08-06 00:00:00+00:00,2017-08-06,2017-10-22,demand-v2-provisional,provisional
JP,urban_city,train,1333,2016-08-14,2017-08-06,2017-08-13 00:00:00+00:00,2017-08-13,2017-10-29,demand-v2-provisional,provisional
JP,urban_city,train,1334,2016-08-21,2017-08-13,2017-08-20 00:00:00+00:00,2017-08-20,2017-11-05,demand-v2-provisional,provisional
JP,urban_city,train,1335,2016-08-28,2017-08-20,2017-08-27 00:00:00+00:00,2017-08-27,2017-11-12,demand-v2-provisional,provisional
JP,urban_city,train,1336,2016-09-04,2017-08-27,2017-09-03 00:00:00+00:00,2017-09-03,2017-11-19,demand-v2-provisional,provisional
JP,urban_city,train,1337,2016-09-11,2017-09-03,2017-09-10 00:00:00+00:00,2017-09-10,2017-11-26,demand-v2-provisional,provisional
JP,urban_city,train,1338,2016-09-18,2017-09-10,2017-09-17 00:00:00+00:00,2017-09-17,2017-12-03,demand-v2-provisional,provisional
JP,urban_city,train,1339,2016-09-25,2017-09-17,2017-09-24 00:00:00+00:00,2017-09-24,2017-12-10,demand-v2-provisional,provisional
JP,urban_city,train,1340,2016-10-02,2017-09-24,2017-10-01 00:00:00+00:00,2017-10-01,2017-12-17,demand-v2-provisional,provisional
JP,urban_city,train,1341,2016-10-09,2017-10-01,2017-10-08 00:00:00+00:00,2017-10-08,2017-12-24,demand-v2-provisional,provisional
JP,urban_city,train,1342,2016-10-16,2017-10-08,2017-10-15 00:00:00+00:00,2017-10-15,2017-12-31,demand-v2-provisional,provisional
JP,urban_city,train,1343,2016-10-23,2017-10-15,2017-10-22 00:00:00+00:00,2017-10-22,2018-01-07,demand-v2-provisional,provisional
JP,urban_city,train,1344,2016-10-30,2017-10-22,2017-10-29 00:00:00+00:00,2017-10-29,2018-01-14,demand-v2-provisional,provisional
JP,urban_city,train,1345,2016-11-06,2017-10-29,2017-11-05 00:00:00+00:00,2017-11-05,2018-01-21,demand-v2-provisional,provisional
JP,urban_city,train,1346,2016-11-13,2017-11-05,2017-11-12 00:00:00+00:00,2017-11-12,2018-01-28,demand-v2-provisional,provisional
JP,urban_city,train,1347,2016-11-20,2017-11-12,2017-11-19 00:00:00+00:00,2017-11-19,2018-02-04,demand-v2-provisional,provisional
JP,urban_city,train,1348,2016-11-27,2017-11-19,2017-11-26 00:00:00+00:00,2017-11-26,2018-02-11,demand-v2-provisional,provisional
JP,urban_city,train,1349,2016-12-04,2017-11-26,2017-12-03 00:00:00+00:00,2017-12-03,2018-02-18,demand-v2-provisional,provisional
JP,urban_city,train,1350,2016-12-11,2017-12-03,2017-12-10 00:00:00+00:00,2017-12-10,2018-02-25,demand-v2-provisional,provisional
JP,urban_city,train,1351,2016-12-18,2017-12-10,2017-12-17 00:00:00+00:00,2017-12-17,2018-03-04,demand-v2-provisional,provisional
JP,urban_city,train,1352,2016-12-25,2017-12-17,2017-12-24 00:00:00+00:00,2017-12-24,2018-03-11,demand-v2-provisional,provisional
JP,urban_city,train,1353,2017-01-01,2017-12-24,2017-12-31 00:00:00+00:00,2017-12-31,2018-03-18,demand-v2-provisional,provisional
JP,urban_city,train,1354,2017-01-08,2017-12-31,2018-01-07 00:00:00+00:00,2018-01-07,2018-03-25,demand-v2-provisional,provisional
JP,urban_city,train,1355,2017-01-15,2018-01-07,2018-01-14 00:00:00+00:00,2018-01-14,2018-04-01,demand-v2-provisional,provisional
JP,urban_city,train,1356,2017-01-22,2018-01-14,2018-01-21 00:00:00+00:00,2018-01-21,2018-04-08,demand-v2-provisional,provisional
JP,urban_city,train,1357,2017-01-29,2018-01-21,2018-01-28 00:00:00+00:00,2018-01-28,2018-04-15,demand-v2-provisional,provisional
JP,urban_city,train,1358,2017-02-05,2018-01-28,2018-02-04 00:00:00+00:00,2018-02-04,2018-04-22,demand-v2-provisional,provisional
JP,urban_city,train,1359,2017-02-12,2018-02-04,2018-02-11 00:00:00+00:00,2018-02-11,2018-04-29,demand-v2-provisional,provisional
JP,urban_city,train,1360,2017-02-19,2018-02-11,2018-02-18 00:00:00+00:00,2018-02-18,2018-05-06,demand-v2-provisional,provisional
JP,urban_city,train,1361,2017-02-26,2018-02-18,2018-02-25 00:00:00+00:00,2018-02-25,2018-05-13,demand-v2-provisional,provisional
JP,urban_city,train,1362,2017-03-05,2018-02-25,2018-03-04 00:00:00+00:00,2018-03-04,2018-05-20,demand-v2-provisional,provisional
JP,urban_city,train,1363,2017-03-12,2018-03-04,2018-03-11 00:00:00+00:00,2018-03-11,2018-05-27,demand-v2-provisional,provisional
JP,urban_city,train,1364,2017-03-19,2018-03-11,2018-03-18 00:00:00+00:00,2018-03-18,2018-06-03,demand-v2-provisional,provisional
JP,urban_city,train,1365,2017-03-26,2018-03-18,2018-03-25 00:00:00+00:00,2018-03-25,2018-06-10,demand-v2-provisional,provisional
JP,urban_city,train,1366,2017-04-02,2018-03-25,2018-04-01 00:00:00+00:00,2018-04-01,2018-06-17,demand-v2-provisional,provisional
JP,urban_city,train,1367,2017-04-09,2018-04-01,2018-04-08 00:00:00+00:00,2018-04-08,2018-06-24,demand-v2-provisional,provisional
JP,urban_city,train,1368,2017-04-16,2018-04-08,2018-04-15 00:00:00+00:00,2018-04-15,2018-07-01,demand-v2-provisional,provisional
JP,urban_city,train,1369,2017-04-23,2018-04-15,2018-04-22 00:00:00+00:00,2018-04-22,2018-07-08,demand-v2-provisional,provisional
JP,urban_city,train,1370,2017-04-30,2018-04-22,2018-04-29 00:00:00+00:00,2018-04-29,2018-07-15,demand-v2-provisional,provisional
JP,urban_city,train,1371,2017-05-07,2018-04-29,2018-05-06 00:00:00+00:00,2018-05-06,2018-07-22,demand-v2-provisional,provisional
JP,urban_city,train,1372,2017-05-14,2018-05-06,2018-05-13 00:00:00+00:00,2018-05-13,2018-07-29,demand-v2-provisional,provisional
JP,urban_city,train,1373,2017-05-21,2018-05-13,2018-05-20 00:00:00+00:00,2018-05-20,2018-08-05,demand-v2-provisional,provisional
JP,urban_city,train,1374,2017-05-28,2018-05-20,2018-05-27 00:00:00+00:00,2018-05-27,2018-08-12,demand-v2-provisional,provisional
JP,urban_city,train,1375,2017-06-04,2018-05-27,2018-06-03 00:00:00+00:00,2018-06-03,2018-08-19,demand-v2-provisional,provisional
JP,urban_city,train,1376,2017-06-11,2018-06-03,2018-06-10 00:00:00+00:00,2018-06-10,2018-08-26,demand-v2-provisional,provisional
JP,urban_city,train,1377,2017-06-18,2018-06-10,2018-06-17 00:00:00+00:00,2018-06-17,2018-09-02,demand-v2-provisional,provisional
JP,urban_city,train,1378,2017-06-25,2018-06-17,2018-06-24 00:00:00+00:00,2018-06-24,2018-09-09,demand-v2-provisional,provisional
JP,urban_city,train,1379,2017-07-02,2018-06-24,2018-07-01 00:00:00+00:00,2018-07-01,2018-09-16,demand-v2-provisional,provisional
JP,urban_city,train,1380,2017-07-09,2018-07-01,2018-07-08 00:00:00+00:00,2018-07-08,2018-09-23,demand-v2-provisional,provisional
JP,urban_city,train,1381,2017-07-16,2018-07-08,2018-07-15 00:00:00+00:00,2018-07-15,2018-09-30,demand-v2-provisional,provisional
JP,urban_city,train,1382,2017-07-23,2018-07-15,2018-07-22 00:00:00+00:00,2018-07-22,2018-10-07,demand-v2-provisional,provisional
JP,urban_city,train,1383,2017-07-30,2018-07-22,2018-07-29 00:00:00+00:00,2018-07-29,2018-10-14,demand-v2-provisional,provisional
JP,urban_city,train,1384,2017-08-06,2018-07-29,2018-08-05 00:00:00+00:00,2018-08-05,2018-10-21,demand-v2-provisional,provisional
JP,urban_city,train,1385,2017-08-13,2018-08-05,2018-08-12 00:00:00+00:00,2018-08-12,2018-10-28,demand-v2-provisional,provisional
JP,urban_city,train,1386,2017-08-20,2018-08-12,2018-08-19 00:00:00+00:00,2018-08-19,2018-11-04,demand-v2-provisional,provisional
JP,urban_city,train,1387,2017-08-27,2018-08-19,2018-08-26 00:00:00+00:00,2018-08-26,2018-11-11,demand-v2-provisional,provisional
JP,urban_city,train,1388,2017-09-03,2018-08-26,2018-09-02 00:00:00+00:00,2018-09-02,2018-11-18,demand-v2-provisional,provisional
JP,urban_city,train,1389,2017-09-10,2018-09-02,2018-09-09 00:00:00+00:00,2018-09-09,2018-11-25,demand-v2-provisional,provisional
JP,urban_city,train,1390,2017-09-17,2018-09-09,2018-09-16 00:00:00+00:00,2018-09-16,2018-12-02,demand-v2-provisional,provisional
JP,urban_city,train,1391,2017-09-24,2018-09-16,2018-09-23 00:00:00+00:00,2018-09-23,2018-12-09,demand-v2-provisional,provisional
JP,urban_city,train,1392,2017-10-01,2018-09-23,2018-09-30 00:00:00+00:00,2018-09-30,2018-12-16,demand-v2-provisional,provisional
JP,urban_city,train,1393,2017-10-08,2018-09-30,2018-10-07 00:00:00+00:00,2018-10-07,2018-12-23,demand-v2-provisional,provisional
JP,urban_city,train,1394,2017-10-15,2018-10-07,2018-10-14 00:00:00+00:00,2018-10-14,2018-12-30,demand-v2-provisional,provisional
JP,urban_city,train,1395,2017-10-22,2018-10-14,2018-10-21 00:00:00+00:00,2018-10-21,2019-01-06,demand-v2-provisional,provisional
JP,urban_city,train,1396,2017-10-29,2018-10-21,2018-10-28 00:00:00+00:00,2018-10-28,2019-01-13,demand-v2-provisional,provisional
JP,urban_city,train,1397,2017-11-05,2018-10-28,2018-11-04 00:00:00+00:00,2018-11-04,2019-01-20,demand-v2-provisional,provisional
JP,urban_city,train,1398,2017-11-12,2018-11-04,2018-11-11 00:00:00+00:00,2018-11-11,2019-01-27,demand-v2-provisional,provisional
JP,urban_city,train,1399,2017-11-19,2018-11-11,2018-11-18 00:00:00+00:00,2018-11-18,2019-02-03,demand-v2-provisional,provisional
JP,urban_city,train,1400,2017-11-26,2018-11-18,2018-11-25 00:00:00+00:00,2018-11-25,2019-02-10,demand-v2-provisional,provisional
JP,urban_city,train,1401,2017-12-03,2018-11-25,2018-12-02 00:00:00+00:00,2018-12-02,2019-02-17,demand-v2-provisional,provisional
JP,urban_city,train,1402,2017-12-10,2018-12-02,2018-12-09 00:00:00+00:00,2018-12-09,2019-02-24,demand-v2-provisional,provisional
JP,urban_city,train,1403,2017-12-17,2018-12-09,2018-12-16 00:00:00+00:00,2018-12-16,2019-03-03,demand-v2-provisional,provisional
JP,urban_city,train,1404,2017-12-24,2018-12-16,2018-12-23 00:00:00+00:00,2018-12-23,2019-03-10,demand-v2-provisional,provisional
JP,urban_city,train,1405,2017-12-31,2018-12-23,2018-12-30 00:00:00+00:00,2018-12-30,2019-03-17,demand-v2-provisional,provisional
JP,urban_city,train,1406,2018-01-07,2018-12-30,2019-01-06 00:00:00+00:00,2019-01-06,2019-03-24,demand-v2-provisional,provisional
JP,urban_city,train,1407,2018-01-14,2019-01-06,2019-01-13 00:00:00+00:00,2019-01-13,2019-03-31,demand-v2-provisional,provisional
JP,urban_city,train,1408,2018-01-21,2019-01-13,2019-01-20 00:00:00+00:00,2019-01-20,2019-04-07,demand-v2-provisional,provisional
JP,urban_city,train,1409,2018-01-28,2019-01-20,2019-01-27 00:00:00+00:00,2019-01-27,2019-04-14,demand-v2-provisional,provisional
JP,urban_city,train,1410,2018-02-04,2019-01-27,2019-02-03 00:00:00+00:00,2019-02-03,2019-04-21,demand-v2-provisional,provisional
JP,urban_city,train,1411,2018-02-11,2019-02-03,2019-02-10 00:00:00+00:00,2019-02-10,2019-04-28,demand-v2-provisional,provisional
JP,urban_city,train,1412,2018-02-18,2019-02-10,2019-02-17 00:00:00+00:00,2019-02-17,2019-05-05,demand-v2-provisional,provisional
JP,urban_city,train,1413,2018-02-25,2019-02-17,2019-02-24 00:00:00+00:00,2019-02-24,2019-05-12,demand-v2-provisional,provisional
JP,urban_city,train,1414,2018-03-04,2019-02-24,2019-03-03 00:00:00+00:00,2019-03-03,2019-05-19,demand-v2-provisional,provisional
JP,urban_city,train,1415,2018-03-11,2019-03-03,2019-03-10 00:00:00+00:00,2019-03-10,2019-05-26,demand-v2-provisional,provisional
JP,urban_city,train,1416,2018-03-18,2019-03-10,2019-03-17 00:00:00+00:00,2019-03-17,2019-06-02,demand-v2-provisional,provisional
JP,urban_city,train,1417,2018-03-25,2019-03-17,2019-03-24 00:00:00+00:00,2019-03-24,2019-06-09,demand-v2-provisional,provisional
JP,urban_city,train,1418,2018-04-01,2019-03-24,2019-03-31 00:00:00+00:00,2019-03-31,2019-06-16,demand-v2-provisional,provisional
JP,urban_city,train,1419,2018-04-08,2019-03-31,2019-04-07 00:00:00+00:00,2019-04-07,2019-06-23,demand-v2-provisional,provisional
JP,urban_city,train,1420,2018-04-15,2019-04-07,2019-04-14 00:00:00+00:00,2019-04-14,2019-06-30,demand-v2-provisional,provisional
JP,urban_city,train,1421,2018-04-22,2019-04-14,2019-04-21 00:00:00+00:00,2019-04-21,2019-07-07,demand-v2-provisional,provisional
JP,urban_city,train,1422,2018-04-29,2019-04-21,2019-04-28 00:00:00+00:00,2019-04-28,2019-07-14,demand-v2-provisional,provisional
JP,urban_city,train,1423,2018-05-06,2019-04-28,2019-05-05 00:00:00+00:00,2019-05-05,2019-07-21,demand-v2-provisional,provisional
JP,urban_city,train,1424,2018-05-13,2019-05-05,2019-05-12 00:00:00+00:00,2019-05-12,2019-07-28,demand-v2-provisional,provisional
JP,urban_city,train,1425,2018-05-20,2019-05-12,2019-05-19 00:00:00+00:00,2019-05-19,2019-08-04,demand-v2-provisional,provisional
JP,urban_city,train,1426,2018-05-27,2019-05-19,2019-05-26 00:00:00+00:00,2019-05-26,2019-08-11,demand-v2-provisional,provisional
JP,urban_city,train,1427,2018-06-03,2019-05-26,2019-06-02 00:00:00+00:00,2019-06-02,2019-08-18,demand-v2-provisional,provisional
JP,urban_city,train,1428,2018-06-10,2019-06-02,2019-06-09 00:00:00+00:00,2019-06-09,2019-08-25,demand-v2-provisional,provisional
JP,urban_city,train,1429,2018-06-17,2019-06-09,2019-06-16 00:00:00+00:00,2019-06-16,2019-09-01,demand-v2-provisional,provisional
JP,urban_city,train,1430,2018-06-24,2019-06-16,2019-06-23 00:00:00+00:00,2019-06-23,2019-09-08,demand-v2-provisional,provisional
JP,urban_city,train,1431,2018-07-01,2019-06-23,2019-06-30 00:00:00+00:00,2019-06-30,2019-09-15,demand-v2-provisional,provisional
JP,urban_city,train,1432,2018-07-08,2019-06-30,2019-07-07 00:00:00+00:00,2019-07-07,2019-09-22,demand-v2-provisional,provisional
JP,urban_city,train,1433,2018-07-15,2019-07-07,2019-07-14 00:00:00+00:00,2019-07-14,2019-09-29,demand-v2-provisional,provisional
JP,urban_city,train,1434,2018-07-22,2019-07-14,2019-07-21 00:00:00+00:00,2019-07-21,2019-10-06,demand-v2-provisional,provisional
JP,urban_city,train,1435,2018-07-29,2019-07-21,2019-07-28 00:00:00+00:00,2019-07-28,2019-10-13,demand-v2-provisional,provisional
JP,urban_city,train,1436,2018-08-05,2019-07-28,2019-08-04 00:00:00+00:00,2019-08-04,2019-10-20,demand-v2-provisional,provisional
JP,urban_city,train,1437,2018-08-12,2019-08-04,2019-08-11 00:00:00+00:00,2019-08-11,2019-10-27,demand-v2-provisional,provisional
JP,urban_city,train,1438,2018-08-19,2019-08-11,2019-08-18 00:00:00+00:00,2019-08-18,2019-11-03,demand-v2-provisional,provisional
JP,urban_city,train,1439,2018-08-26,2019-08-18,2019-08-25 00:00:00+00:00,2019-08-25,2019-11-10,demand-v2-provisional,provisional
JP,urban_city,train,1440,2018-09-02,2019-08-25,2019-09-01 00:00:00+00:00,2019-09-01,2019-11-17,demand-v2-provisional,provisional
JP,urban_city,train,1441,2018-09-09,2019-09-01,2019-09-08 00:00:00+00:00,2019-09-08,2019-11-24,demand-v2-provisional,provisional
JP,urban_city,train,1442,2018-09-16,2019-09-08,2019-09-15 00:00:00+00:00,2019-09-15,2019-12-01,demand-v2-provisional,provisional
JP,urban_city,train,1443,2018-09-23,2019-09-15,2019-09-22 00:00:00+00:00,2019-09-22,2019-12-08,demand-v2-provisional,provisional
JP,urban_city,train,1444,2018-09-30,2019-09-22,2019-09-29 00:00:00+00:00,2019-09-29,2019-12-15,demand-v2-provisional,provisional
JP,urban_city,train,1445,2018-10-07,2019-09-29,2019-10-06 00:00:00+00:00,2019-10-06,2019-12-22,demand-v2-provisional,provisional
JP,urban_city,train,1446,2023-01-01,2023-12-24,2023-12-31 00:00:00+00:00,2023-12-31,2024-03-17,demand-v2-provisional,provisional
JP,urban_city,train,1447,2023-01-08,2023-12-31,2024-01-07 00:00:00+00:00,2024-01-07,2024-03-24,demand-v2-provisional,provisional
JP,urban_city,train,1448,2023-01-15,2024-01-07,2024-01-14 00:00:00+00:00,2024-01-14,2024-03-31,demand-v2-provisional,provisional
JP,urban_city,train,1449,2023-01-22,2024-01-14,2024-01-21 00:00:00+00:00,2024-01-21,2024-04-07,demand-v2-provisional,provisional
JP,urban_city,train,1450,2023-01-29,2024-01-21,2024-01-28 00:00:00+00:00,2024-01-28,2024-04-14,demand-v2-provisional,provisional
JP,urban_city,train,1451,2023-02-05,2024-01-28,2024-02-04 00:00:00+00:00,2024-02-04,2024-04-21,demand-v2-provisional,provisional
JP,urban_city,train,1452,2023-02-12,2024-02-04,2024-02-11 00:00:00+00:00,2024-02-11,2024-04-28,demand-v2-provisional,provisional
JP,urban_city,train,1453,2023-02-19,2024-02-11,2024-02-18 00:00:00+00:00,2024-02-18,2024-05-05,demand-v2-provisional,provisional
JP,urban_city,train,1454,2023-02-26,2024-02-18,2024-02-25 00:00:00+00:00,2024-02-25,2024-05-12,demand-v2-provisional,provisional
JP,urban_city,train,1455,2023-03-05,2024-02-25,2024-03-03 00:00:00+00:00,2024-03-03,2024-05-19,demand-v2-provisional,provisional
JP,urban_city,validation,186,2023-05-28,2024-05-19,2024-05-26 00:00:00+00:00,2024-05-26,2024-08-11,demand-v2-provisional,provisional
JP,urban_city,validation,187,2023-06-04,2024-05-26,2024-06-02 00:00:00+00:00,2024-06-02,2024-08-18,demand-v2-provisional,provisional
JP,urban_city,validation,188,2023-06-11,2024-06-02,2024-06-09 00:00:00+00:00,2024-06-09,2024-08-25,demand-v2-provisional,provisional
JP,urban_city,validation,189,2023-06-18,2024-06-09,2024-06-16 00:00:00+00:00,2024-06-16,2024-09-01,demand-v2-provisional,provisional
JP,urban_city,validation,190,2023-06-25,2024-06-16,2024-06-23 00:00:00+00:00,2024-06-23,2024-09-08,demand-v2-provisional,provisional
JP,urban_city,validation,191,2023-07-02,2024-06-23,2024-06-30 00:00:00+00:00,2024-06-30,2024-09-15,demand-v2-provisional,provisional
JP,urban_city,validation,192,2023-07-09,2024-06-30,2024-07-07 00:00:00+00:00,2024-07-07,2024-09-22,demand-v2-provisional,provisional
JP,urban_city,validation,193,2023-07-16,2024-07-07,2024-07-14 00:00:00+00:00,2024-07-14,2024-09-29,demand-v2-provisional,provisional
JP,urban_city,validation,194,2023-07-23,2024-07-14,2024-07-21 00:00:00+00:00,2024-07-21,2024-10-06,demand-v2-provisional,provisional
JP,urban_city,validation,195,2023-07-30,2024-07-21,2024-07-28 00:00:00+00:00,2024-07-28,2024-10-13,demand-v2-provisional,provisional
JP,urban_city,validation,196,2023-08-06,2024-07-28,2024-08-04 00:00:00+00:00,2024-08-04,2024-10-20,demand-v2-provisional,provisional
JP,urban_city,validation,197,2023-08-13,2024-08-04,2024-08-11 00:00:00+00:00,2024-08-11,2024-10-27,demand-v2-provisional,provisional
JP,urban_city,validation,198,2023-08-20,2024-08-11,2024-08-18 00:00:00+00:00,2024-08-18,2024-11-03,demand-v2-provisional,provisional
JP,urban_city,validation,199,2023-08-27,2024-08-18,2024-08-25 00:00:00+00:00,2024-08-25,2024-11-10,demand-v2-provisional,provisional
JP,urban_city,validation,200,2023-09-03,2024-08-25,2024-09-01 00:00:00+00:00,2024-09-01,2024-11-17,demand-v2-provisional,provisional
JP,urban_city,validation,201,2023-09-10,2024-09-01,2024-09-08 00:00:00+00:00,2024-09-08,2024-11-24,demand-v2-provisional,provisional
JP,urban_city,validation,202,2023-09-17,2024-09-08,2024-09-15 00:00:00+00:00,2024-09-15,2024-12-01,demand-v2-provisional,provisional
JP,urban_city,validation,203,2023-09-24,2024-09-15,2024-09-22 00:00:00+00:00,2024-09-22,2024-12-08,demand-v2-provisional,provisional
JP,urban_city,validation,204,2023-10-01,2024-09-22,2024-09-29 00:00:00+00:00,2024-09-29,2024-12-15,demand-v2-provisional,provisional
JP,urban_city,validation,205,2023-10-08,2024-09-29,2024-10-06 00:00:00+00:00,2024-10-06,2024-12-22,demand-v2-provisional,provisional
JP,urban_city,validation,206,2023-10-15,2024-10-06,2024-10-13 00:00:00+00:00,2024-10-13,2024-12-29,demand-v2-provisional,provisional
JP,urban_city,validation,207,2023-10-22,2024-10-13,2024-10-20 00:00:00+00:00,2024-10-20,2025-01-05,demand-v2-provisional,provisional
JP,urban_city,validation,208,2023-10-29,2024-10-20,2024-10-27 00:00:00+00:00,2024-10-27,2025-01-12,demand-v2-provisional,provisional
JP,urban_city,validation,209,2023-11-05,2024-10-27,2024-11-03 00:00:00+00:00,2024-11-03,2025-01-19,demand-v2-provisional,provisional
JP,urban_city,validation,210,2023-11-12,2024-11-03,2024-11-10 00:00:00+00:00,2024-11-10,2025-01-26,demand-v2-provisional,provisional
JP,urban_city,validation,211,2023-11-19,2024-11-10,2024-11-17 00:00:00+00:00,2024-11-17,2025-02-02,demand-v2-provisional,provisional
JP,urban_city,validation,212,2023-11-26,2024-11-17,2024-11-24 00:00:00+00:00,2024-11-24,2025-02-09,demand-v2-provisional,provisional
JP,urban_city,validation,213,2023-12-03,2024-11-24,2024-12-01 00:00:00+00:00,2024-12-01,2025-02-16,demand-v2-provisional,provisional
JP,urban_city,validation,214,2023-12-10,2024-12-01,2024-12-08 00:00:00+00:00,2024-12-08,2025-02-23,demand-v2-provisional,provisional
JP,urban_city,validation,215,2023-12-17,2024-12-08,2024-12-15 00:00:00+00:00,2024-12-15,2025-03-02,demand-v2-provisional,provisional
JP,urban_city,validation,216,2023-12-24,2024-12-15,2024-12-22 00:00:00+00:00,2024-12-22,2025-03-09,demand-v2-provisional,provisional
JP,urban_city,test,186,2024-03-17,2025-03-09,2025-03-16 00:00:00+00:00,2025-03-16,2025-06-01,demand-v2-provisional,provisional
JP,urban_city,test,187,2024-03-24,2025-03-16,2025-03-23 00:00:00+00:00,2025-03-23,2025-06-08,demand-v2-provisional,provisional
JP,urban_city,test,188,2024-03-31,2025-03-23,2025-03-30 00:00:00+00:00,2025-03-30,2025-06-15,demand-v2-provisional,provisional
JP,urban_city,test,189,2024-04-07,2025-03-30,2025-04-06 00:00:00+00:00,2025-04-06,2025-06-22,demand-v2-provisional,provisional
JP,urban_city,test,190,2024-04-14,2025-04-06,2025-04-13 00:00:00+00:00,2025-04-13,2025-06-29,demand-v2-provisional,provisional
JP,urban_city,test,191,2024-04-21,2025-04-13,2025-04-20 00:00:00+00:00,2025-04-20,2025-07-06,demand-v2-provisional,provisional
JP,urban_city,test,192,2024-04-28,2025-04-20,2025-04-27 00:00:00+00:00,2025-04-27,2025-07-13,demand-v2-provisional,provisional
JP,urban_city,test,193,2024-05-05,2025-04-27,2025-05-04 00:00:00+00:00,2025-05-04,2025-07-20,demand-v2-provisional,provisional
JP,urban_city,test,194,2024-05-12,2025-05-04,2025-05-11 00:00:00+00:00,2025-05-11,2025-07-27,demand-v2-provisional,provisional
JP,urban_city,test,195,2024-05-19,2025-05-11,2025-05-18 00:00:00+00:00,2025-05-18,2025-08-03,demand-v2-provisional,provisional
JP,urban_city,test,196,2024-05-26,2025-05-18,2025-05-25 00:00:00+00:00,2025-05-25,2025-08-10,demand-v2-provisional,provisional
JP,urban_city,test,197,2024-06-02,2025-05-25,2025-06-01 00:00:00+00:00,2025-06-01,2025-08-17,demand-v2-provisional,provisional
JP,urban_city,test,198,2024-06-09,2025-06-01,2025-06-08 00:00:00+00:00,2025-06-08,2025-08-24,demand-v2-provisional,provisional
JP,urban_city,test,199,2024-06-16,2025-06-08,2025-06-15 00:00:00+00:00,2025-06-15,2025-08-31,demand-v2-provisional,provisional
JP,urban_city,test,200,2024-06-23,2025-06-15,2025-06-22 00:00:00+00:00,2025-06-22,2025-09-07,demand-v2-provisional,provisional
JP,urban_city,test,201,2024-06-30,2025-06-22,2025-06-29 00:00:00+00:00,2025-06-29,2025-09-14,demand-v2-provisional,provisional
JP,urban_city,test,202,2024-07-07,2025-06-29,2025-07-06 00:00:00+00:00,2025-07-06,2025-09-21,demand-v2-provisional,provisional
JP,urban_city,test,203,2024-07-14,2025-07-06,2025-07-13 00:00:00+00:00,2025-07-13,2025-09-28,demand-v2-provisional,provisional
JP,urban_city,test,204,2024-07-21,2025-07-13,2025-07-20 00:00:00+00:00,2025-07-20,2025-10-05,demand-v2-provisional,provisional
JP,urban_city,test,205,2024-07-28,2025-07-20,2025-07-27 00:00:00+00:00,2025-07-27,2025-10-12,demand-v2-provisional,provisional
JP,urban_city,test,206,2024-08-04,2025-07-27,2025-08-03 00:00:00+00:00,2025-08-03,2025-10-19,demand-v2-provisional,provisional
JP,urban_city,test,207,2024-08-11,2025-08-03,2025-08-10 00:00:00+00:00,2025-08-10,2025-10-26,demand-v2-provisional,provisional
JP,urban_city,test,208,2024-08-18,2025-08-10,2025-08-17 00:00:00+00:00,2025-08-17,2025-11-02,demand-v2-provisional,provisional
JP,urban_city,test,209,2024-08-25,2025-08-17,2025-08-24 00:00:00+00:00,2025-08-24,2025-11-09,demand-v2-provisional,provisional
JP,urban_city,test,210,2024-09-01,2025-08-24,2025-08-31 00:00:00+00:00,2025-08-31,2025-11-16,demand-v2-provisional,provisional
JP,urban_city,test,211,2024-09-08,2025-08-31,2025-09-07 00:00:00+00:00,2025-09-07,2025-11-23,demand-v2-provisional,provisional
JP,urban_city,test,212,2024-09-15,2025-09-07,2025-09-14 00:00:00+00:00,2025-09-14,2025-11-30,demand-v2-provisional,provisional
JP,urban_city,test,213,2024-09-22,2025-09-14,2025-09-21 00:00:00+00:00,2025-09-21,2025-12-07,demand-v2-provisional,provisional
JP,urban_city,test,214,2024-09-29,2025-09-21,2025-09-28 00:00:00+00:00,2025-09-28,2025-12-14,demand-v2-provisional,provisional
JP,urban_city,test,215,2024-10-06,2025-09-28,2025-10-05 00:00:00+00:00,2025-10-05,2025-12-21,demand-v2-provisional,provisional
JP,urban_city,test,216,2024-10-13,2025-10-05,2025-10-12 00:00:00+00:00,2025-10-12,2025-12-28,demand-v2-provisional,provisional
KR,accommodation_staycation,train,1456,2014-12-28,2015-12-20,2015-12-27 00:00:00+00:00,2015-12-27,2016-03-13,demand-v2-provisional,provisional
KR,accommodation_staycation,train,1457,2015-01-04,2015-12-27,2016-01-03 00:00:00+00:00,2016-01-03,2016-03-20,demand-v2-provisional,provisional
KR,accommodation_staycation,train,1458,2015-01-11,2016-01-03,2016-01-10 00:00:00+00:00,2016-01-10,2016-03-27,demand-v2-provisional,provisional
KR,accommodation_staycation,train,1459,2015-01-18,2016-01-10,2016-01-17 00:00:00+00:00,2016-01-17,2016-04-03,demand-v2-provisional,provisional
KR,accommodation_staycation,train,1460,2015-01-25,2016-01-17,2016-01-24 00:00:00+00:00,2016-01-24,2016-04-10,demand-v2-provisional,provisional
KR,accommodation_staycation,train,1461,2015-02-01,2016-01-24,2016-01-31 00:00:00+00:00,2016-01-31,2016-04-17,demand-v2-provisional,provisional
KR,accommodation_staycation,train,1462,2015-02-08,2016-01-31,2016-02-07 00:00:00+00:00,2016-02-07,2016-04-24,demand-v2-provisional,provisional
KR,accommodation_staycation,train,1463,2015-02-15,2016-02-07,2016-02-14 00:00:00+00:00,2016-02-14,2016-05-01,demand-v2-provisional,provisional
KR,accommodation_staycation,train,1464,2015-02-22,2016-02-14,2016-02-21 00:00:00+00:00,2016-02-21,2016-05-08,demand-v2-provisional,provisional
KR,accommodation_staycation,train,1465,2015-03-01,2016-02-21,2016-02-28 00:00:00+00:00,2016-02-28,2016-05-15,demand-v2-provisional,provisional
KR,accommodation_staycation,train,1466,2015-03-08,2016-02-28,2016-03-06 00:00:00+00:00,2016-03-06,2016-05-22,demand-v2-provisional,provisional
KR,accommodation_staycation,train,1467,2015-03-15,2016-03-06,2016-03-13 00:00:00+00:00,2016-03-13,2016-05-29,demand-v2-provisional,provisional
KR,accommodation_staycation,train,1468,2015-03-22,2016-03-13,2016-03-20 00:00:00+00:00,2016-03-20,2016-06-05,demand-v2-provisional,provisional
KR,accommodation_staycation,train,1469,2015-03-29,2016-03-20,2016-03-27 00:00:00+00:00,2016-03-27,2016-06-12,demand-v2-provisional,provisional
KR,accommodation_staycation,train,1470,2015-04-05,2016-03-27,2016-04-03 00:00:00+00:00,2016-04-03,2016-06-19,demand-v2-provisional,provisional
KR,accommodation_staycation,train,1471,2015-04-12,2016-04-03,2016-04-10 00:00:00+00:00,2016-04-10,2016-06-26,demand-v2-provisional,provisional
KR,accommodation_staycation,train,1472,2015-04-19,2016-04-10,2016-04-17 00:00:00+00:00,2016-04-17,2016-07-03,demand-v2-provisional,provisional
KR,accommodation_staycation,train,1473,2015-04-26,2016-04-17,2016-04-24 00:00:00+00:00,2016-04-24,2016-07-10,demand-v2-provisional,provisional
KR,accommodation_staycation,train,1474,2015-05-03,2016-04-24,2016-05-01 00:00:00+00:00,2016-05-01,2016-07-17,demand-v2-provisional,provisional
KR,accommodation_staycation,train,1475,2015-05-10,2016-05-01,2016-05-08 00:00:00+00:00,2016-05-08,2016-07-24,demand-v2-provisional,provisional
KR,accommodation_staycation,train,1476,2015-05-17,2016-05-08,2016-05-15 00:00:00+00:00,2016-05-15,2016-07-31,demand-v2-provisional,provisional
KR,accommodation_staycation,train,1477,2015-05-24,2016-05-15,2016-05-22 00:00:00+00:00,2016-05-22,2016-08-07,demand-v2-provisional,provisional
KR,accommodation_staycation,train,1478,2015-05-31,2016-05-22,2016-05-29 00:00:00+00:00,2016-05-29,2016-08-14,demand-v2-provisional,provisional
KR,accommodation_staycation,train,1479,2015-06-07,2016-05-29,2016-06-05 00:00:00+00:00,2016-06-05,2016-08-21,demand-v2-provisional,provisional
KR,accommodation_staycation,train,1480,2015-06-14,2016-06-05,2016-06-12 00:00:00+00:00,2016-06-12,2016-08-28,demand-v2-provisional,provisional
KR,accommodation_staycation,train,1481,2015-06-21,2016-06-12,2016-06-19 00:00:00+00:00,2016-06-19,2016-09-04,demand-v2-provisional,provisional
KR,accommodation_staycation,train,1482,2015-06-28,2016-06-19,2016-06-26 00:00:00+00:00,2016-06-26,2016-09-11,demand-v2-provisional,provisional
KR,accommodation_staycation,train,1483,2015-07-05,2016-06-26,2016-07-03 00:00:00+00:00,2016-07-03,2016-09-18,demand-v2-provisional,provisional
KR,accommodation_staycation,train,1484,2015-07-12,2016-07-03,2016-07-10 00:00:00+00:00,2016-07-10,2016-09-25,demand-v2-provisional,provisional
KR,accommodation_staycation,train,1485,2015-07-19,2016-07-10,2016-07-17 00:00:00+00:00,2016-07-17,2016-10-02,demand-v2-provisional,provisional
KR,accommodation_staycation,train,1486,2015-07-26,2016-07-17,2016-07-24 00:00:00+00:00,2016-07-24,2016-10-09,demand-v2-provisional,provisional
KR,accommodation_staycation,train,1487,2015-08-02,2016-07-24,2016-07-31 00:00:00+00:00,2016-07-31,2016-10-16,demand-v2-provisional,provisional
KR,accommodation_staycation,train,1488,2015-08-09,2016-07-31,2016-08-07 00:00:00+00:00,2016-08-07,2016-10-23,demand-v2-provisional,provisional
KR,accommodation_staycation,train,1489,2015-08-16,2016-08-07,2016-08-14 00:00:00+00:00,2016-08-14,2016-10-30,demand-v2-provisional,provisional
KR,accommodation_staycation,train,1490,2015-08-23,2016-08-14,2016-08-21 00:00:00+00:00,2016-08-21,2016-11-06,demand-v2-provisional,provisional
KR,accommodation_staycation,train,1491,2015-08-30,2016-08-21,2016-08-28 00:00:00+00:00,2016-08-28,2016-11-13,demand-v2-provisional,provisional
KR,accommodation_staycation,train,1492,2015-09-06,2016-08-28,2016-09-04 00:00:00+00:00,2016-09-04,2016-11-20,demand-v2-provisional,provisional
KR,accommodation_staycation,train,1493,2015-09-13,2016-09-04,2016-09-11 00:00:00+00:00,2016-09-11,2016-11-27,demand-v2-provisional,provisional
KR,accommodation_staycation,train,1494,2015-09-20,2016-09-11,2016-09-18 00:00:00+00:00,2016-09-18,2016-12-04,demand-v2-provisional,provisional
KR,accommodation_staycation,train,1495,2015-09-27,2016-09-18,2016-09-25 00:00:00+00:00,2016-09-25,2016-12-11,demand-v2-provisional,provisional
KR,accommodation_staycation,train,1496,2015-10-04,2016-09-25,2016-10-02 00:00:00+00:00,2016-10-02,2016-12-18,demand-v2-provisional,provisional
KR,accommodation_staycation,train,1497,2015-10-11,2016-10-02,2016-10-09 00:00:00+00:00,2016-10-09,2016-12-25,demand-v2-provisional,provisional
KR,accommodation_staycation,train,1498,2015-10-18,2016-10-09,2016-10-16 00:00:00+00:00,2016-10-16,2017-01-01,demand-v2-provisional,provisional
KR,accommodation_staycation,train,1499,2015-10-25,2016-10-16,2016-10-23 00:00:00+00:00,2016-10-23,2017-01-08,demand-v2-provisional,provisional
KR,accommodation_staycation,train,1500,2015-11-01,2016-10-23,2016-10-30 00:00:00+00:00,2016-10-30,2017-01-15,demand-v2-provisional,provisional
KR,accommodation_staycation,train,1501,2015-11-08,2016-10-30,2016-11-06 00:00:00+00:00,2016-11-06,2017-01-22,demand-v2-provisional,provisional
KR,accommodation_staycation,train,1502,2015-11-15,2016-11-06,2016-11-13 00:00:00+00:00,2016-11-13,2017-01-29,demand-v2-provisional,provisional
KR,accommodation_staycation,train,1503,2015-11-22,2016-11-13,2016-11-20 00:00:00+00:00,2016-11-20,2017-02-05,demand-v2-provisional,provisional
KR,accommodation_staycation,train,1504,2015-11-29,2016-11-20,2016-11-27 00:00:00+00:00,2016-11-27,2017-02-12,demand-v2-provisional,provisional
KR,accommodation_staycation,train,1505,2015-12-06,2016-11-27,2016-12-04 00:00:00+00:00,2016-12-04,2017-02-19,demand-v2-provisional,provisional
KR,accommodation_staycation,train,1506,2015-12-13,2016-12-04,2016-12-11 00:00:00+00:00,2016-12-11,2017-02-26,demand-v2-provisional,provisional
KR,accommodation_staycation,train,1507,2015-12-20,2016-12-11,2016-12-18 00:00:00+00:00,2016-12-18,2017-03-05,demand-v2-provisional,provisional
KR,accommodation_staycation,train,1508,2015-12-27,2016-12-18,2016-12-25 00:00:00+00:00,2016-12-25,2017-03-12,demand-v2-provisional,provisional
KR,accommodation_staycation,train,1509,2016-01-03,2016-12-25,2017-01-01 00:00:00+00:00,2017-01-01,2017-03-19,demand-v2-provisional,provisional
KR,accommodation_staycation,train,1510,2016-01-10,2017-01-01,2017-01-08 00:00:00+00:00,2017-01-08,2017-03-26,demand-v2-provisional,provisional
KR,accommodation_staycation,train,1511,2016-01-17,2017-01-08,2017-01-15 00:00:00+00:00,2017-01-15,2017-04-02,demand-v2-provisional,provisional
KR,accommodation_staycation,train,1512,2016-01-24,2017-01-15,2017-01-22 00:00:00+00:00,2017-01-22,2017-04-09,demand-v2-provisional,provisional
KR,accommodation_staycation,train,1513,2016-01-31,2017-01-22,2017-01-29 00:00:00+00:00,2017-01-29,2017-04-16,demand-v2-provisional,provisional
KR,accommodation_staycation,train,1514,2016-02-07,2017-01-29,2017-02-05 00:00:00+00:00,2017-02-05,2017-04-23,demand-v2-provisional,provisional
KR,accommodation_staycation,train,1515,2016-02-14,2017-02-05,2017-02-12 00:00:00+00:00,2017-02-12,2017-04-30,demand-v2-provisional,provisional
KR,accommodation_staycation,train,1516,2016-02-21,2017-02-12,2017-02-19 00:00:00+00:00,2017-02-19,2017-05-07,demand-v2-provisional,provisional
KR,accommodation_staycation,train,1517,2016-02-28,2017-02-19,2017-02-26 00:00:00+00:00,2017-02-26,2017-05-14,demand-v2-provisional,provisional
KR,accommodation_staycation,train,1518,2016-03-06,2017-02-26,2017-03-05 00:00:00+00:00,2017-03-05,2017-05-21,demand-v2-provisional,provisional
KR,accommodation_staycation,train,1519,2016-03-13,2017-03-05,2017-03-12 00:00:00+00:00,2017-03-12,2017-05-28,demand-v2-provisional,provisional
KR,accommodation_staycation,train,1520,2016-03-20,2017-03-12,2017-03-19 00:00:00+00:00,2017-03-19,2017-06-04,demand-v2-provisional,provisional
KR,accommodation_staycation,train,1521,2016-03-27,2017-03-19,2017-03-26 00:00:00+00:00,2017-03-26,2017-06-11,demand-v2-provisional,provisional
KR,accommodation_staycation,train,1522,2016-04-03,2017-03-26,2017-04-02 00:00:00+00:00,2017-04-02,2017-06-18,demand-v2-provisional,provisional
KR,accommodation_staycation,train,1523,2016-04-10,2017-04-02,2017-04-09 00:00:00+00:00,2017-04-09,2017-06-25,demand-v2-provisional,provisional
KR,accommodation_staycation,train,1524,2016-04-17,2017-04-09,2017-04-16 00:00:00+00:00,2017-04-16,2017-07-02,demand-v2-provisional,provisional
KR,accommodation_staycation,train,1525,2016-04-24,2017-04-16,2017-04-23 00:00:00+00:00,2017-04-23,2017-07-09,demand-v2-provisional,provisional
KR,accommodation_staycation,train,1526,2016-05-01,2017-04-23,2017-04-30 00:00:00+00:00,2017-04-30,2017-07-16,demand-v2-provisional,provisional
KR,accommodation_staycation,train,1527,2016-05-08,2017-04-30,2017-05-07 00:00:00+00:00,2017-05-07,2017-07-23,demand-v2-provisional,provisional
KR,accommodation_staycation,train,1528,2016-05-15,2017-05-07,2017-05-14 00:00:00+00:00,2017-05-14,2017-07-30,demand-v2-provisional,provisional
KR,accommodation_staycation,train,1529,2016-05-22,2017-05-14,2017-05-21 00:00:00+00:00,2017-05-21,2017-08-06,demand-v2-provisional,provisional
KR,accommodation_staycation,train,1530,2016-05-29,2017-05-21,2017-05-28 00:00:00+00:00,2017-05-28,2017-08-13,demand-v2-provisional,provisional
KR,accommodation_staycation,train,1531,2016-06-05,2017-05-28,2017-06-04 00:00:00+00:00,2017-06-04,2017-08-20,demand-v2-provisional,provisional
KR,accommodation_staycation,train,1532,2016-06-12,2017-06-04,2017-06-11 00:00:00+00:00,2017-06-11,2017-08-27,demand-v2-provisional,provisional
KR,accommodation_staycation,train,1533,2016-06-19,2017-06-11,2017-06-18 00:00:00+00:00,2017-06-18,2017-09-03,demand-v2-provisional,provisional
KR,accommodation_staycation,train,1534,2016-06-26,2017-06-18,2017-06-25 00:00:00+00:00,2017-06-25,2017-09-10,demand-v2-provisional,provisional
KR,accommodation_staycation,train,1535,2016-07-03,2017-06-25,2017-07-02 00:00:00+00:00,2017-07-02,2017-09-17,demand-v2-provisional,provisional
KR,accommodation_staycation,train,1536,2016-07-10,2017-07-02,2017-07-09 00:00:00+00:00,2017-07-09,2017-09-24,demand-v2-provisional,provisional
KR,accommodation_staycation,train,1537,2016-07-17,2017-07-09,2017-07-16 00:00:00+00:00,2017-07-16,2017-10-01,demand-v2-provisional,provisional
KR,accommodation_staycation,train,1538,2016-07-24,2017-07-16,2017-07-23 00:00:00+00:00,2017-07-23,2017-10-08,demand-v2-provisional,provisional
KR,accommodation_staycation,train,1539,2016-07-31,2017-07-23,2017-07-30 00:00:00+00:00,2017-07-30,2017-10-15,demand-v2-provisional,provisional
KR,accommodation_staycation,train,1540,2016-08-07,2017-07-30,2017-08-06 00:00:00+00:00,2017-08-06,2017-10-22,demand-v2-provisional,provisional
KR,accommodation_staycation,train,1541,2016-08-14,2017-08-06,2017-08-13 00:00:00+00:00,2017-08-13,2017-10-29,demand-v2-provisional,provisional
KR,accommodation_staycation,train,1542,2016-08-21,2017-08-13,2017-08-20 00:00:00+00:00,2017-08-20,2017-11-05,demand-v2-provisional,provisional
KR,accommodation_staycation,train,1543,2016-08-28,2017-08-20,2017-08-27 00:00:00+00:00,2017-08-27,2017-11-12,demand-v2-provisional,provisional
KR,accommodation_staycation,train,1544,2016-09-04,2017-08-27,2017-09-03 00:00:00+00:00,2017-09-03,2017-11-19,demand-v2-provisional,provisional
KR,accommodation_staycation,train,1545,2016-09-11,2017-09-03,2017-09-10 00:00:00+00:00,2017-09-10,2017-11-26,demand-v2-provisional,provisional
KR,accommodation_staycation,train,1546,2016-09-18,2017-09-10,2017-09-17 00:00:00+00:00,2017-09-17,2017-12-03,demand-v2-provisional,provisional
KR,accommodation_staycation,train,1547,2016-09-25,2017-09-17,2017-09-24 00:00:00+00:00,2017-09-24,2017-12-10,demand-v2-provisional,provisional
KR,accommodation_staycation,train,1548,2016-10-02,2017-09-24,2017-10-01 00:00:00+00:00,2017-10-01,2017-12-17,demand-v2-provisional,provisional
KR,accommodation_staycation,train,1549,2016-10-09,2017-10-01,2017-10-08 00:00:00+00:00,2017-10-08,2017-12-24,demand-v2-provisional,provisional
KR,accommodation_staycation,train,1550,2016-10-16,2017-10-08,2017-10-15 00:00:00+00:00,2017-10-15,2017-12-31,demand-v2-provisional,provisional
KR,accommodation_staycation,train,1551,2016-10-23,2017-10-15,2017-10-22 00:00:00+00:00,2017-10-22,2018-01-07,demand-v2-provisional,provisional
KR,accommodation_staycation,train,1552,2016-10-30,2017-10-22,2017-10-29 00:00:00+00:00,2017-10-29,2018-01-14,demand-v2-provisional,provisional
KR,accommodation_staycation,train,1553,2016-11-06,2017-10-29,2017-11-05 00:00:00+00:00,2017-11-05,2018-01-21,demand-v2-provisional,provisional
KR,accommodation_staycation,train,1554,2016-11-13,2017-11-05,2017-11-12 00:00:00+00:00,2017-11-12,2018-01-28,demand-v2-provisional,provisional
KR,accommodation_staycation,train,1555,2016-11-20,2017-11-12,2017-11-19 00:00:00+00:00,2017-11-19,2018-02-04,demand-v2-provisional,provisional
KR,accommodation_staycation,train,1556,2016-11-27,2017-11-19,2017-11-26 00:00:00+00:00,2017-11-26,2018-02-11,demand-v2-provisional,provisional
KR,accommodation_staycation,train,1557,2016-12-04,2017-11-26,2017-12-03 00:00:00+00:00,2017-12-03,2018-02-18,demand-v2-provisional,provisional
KR,accommodation_staycation,train,1558,2016-12-11,2017-12-03,2017-12-10 00:00:00+00:00,2017-12-10,2018-02-25,demand-v2-provisional,provisional
KR,accommodation_staycation,train,1559,2016-12-18,2017-12-10,2017-12-17 00:00:00+00:00,2017-12-17,2018-03-04,demand-v2-provisional,provisional
KR,accommodation_staycation,train,1560,2016-12-25,2017-12-17,2017-12-24 00:00:00+00:00,2017-12-24,2018-03-11,demand-v2-provisional,provisional
KR,accommodation_staycation,train,1561,2017-01-01,2017-12-24,2017-12-31 00:00:00+00:00,2017-12-31,2018-03-18,demand-v2-provisional,provisional
KR,accommodation_staycation,train,1562,2017-01-08,2017-12-31,2018-01-07 00:00:00+00:00,2018-01-07,2018-03-25,demand-v2-provisional,provisional
KR,accommodation_staycation,train,1563,2017-01-15,2018-01-07,2018-01-14 00:00:00+00:00,2018-01-14,2018-04-01,demand-v2-provisional,provisional
KR,accommodation_staycation,train,1564,2017-01-22,2018-01-14,2018-01-21 00:00:00+00:00,2018-01-21,2018-04-08,demand-v2-provisional,provisional
KR,accommodation_staycation,train,1565,2017-01-29,2018-01-21,2018-01-28 00:00:00+00:00,2018-01-28,2018-04-15,demand-v2-provisional,provisional
KR,accommodation_staycation,train,1566,2017-02-05,2018-01-28,2018-02-04 00:00:00+00:00,2018-02-04,2018-04-22,demand-v2-provisional,provisional
KR,accommodation_staycation,train,1567,2017-02-12,2018-02-04,2018-02-11 00:00:00+00:00,2018-02-11,2018-04-29,demand-v2-provisional,provisional
KR,accommodation_staycation,train,1568,2017-02-19,2018-02-11,2018-02-18 00:00:00+00:00,2018-02-18,2018-05-06,demand-v2-provisional,provisional
KR,accommodation_staycation,train,1569,2017-02-26,2018-02-18,2018-02-25 00:00:00+00:00,2018-02-25,2018-05-13,demand-v2-provisional,provisional
KR,accommodation_staycation,train,1570,2017-03-05,2018-02-25,2018-03-04 00:00:00+00:00,2018-03-04,2018-05-20,demand-v2-provisional,provisional
KR,accommodation_staycation,train,1571,2017-03-12,2018-03-04,2018-03-11 00:00:00+00:00,2018-03-11,2018-05-27,demand-v2-provisional,provisional
KR,accommodation_staycation,train,1572,2017-03-19,2018-03-11,2018-03-18 00:00:00+00:00,2018-03-18,2018-06-03,demand-v2-provisional,provisional
KR,accommodation_staycation,train,1573,2017-03-26,2018-03-18,2018-03-25 00:00:00+00:00,2018-03-25,2018-06-10,demand-v2-provisional,provisional
KR,accommodation_staycation,train,1574,2017-04-02,2018-03-25,2018-04-01 00:00:00+00:00,2018-04-01,2018-06-17,demand-v2-provisional,provisional
KR,accommodation_staycation,train,1575,2017-04-09,2018-04-01,2018-04-08 00:00:00+00:00,2018-04-08,2018-06-24,demand-v2-provisional,provisional
KR,accommodation_staycation,train,1576,2017-04-16,2018-04-08,2018-04-15 00:00:00+00:00,2018-04-15,2018-07-01,demand-v2-provisional,provisional
KR,accommodation_staycation,train,1577,2017-04-23,2018-04-15,2018-04-22 00:00:00+00:00,2018-04-22,2018-07-08,demand-v2-provisional,provisional
KR,accommodation_staycation,train,1578,2017-04-30,2018-04-22,2018-04-29 00:00:00+00:00,2018-04-29,2018-07-15,demand-v2-provisional,provisional
KR,accommodation_staycation,train,1579,2017-05-07,2018-04-29,2018-05-06 00:00:00+00:00,2018-05-06,2018-07-22,demand-v2-provisional,provisional
KR,accommodation_staycation,train,1580,2017-05-14,2018-05-06,2018-05-13 00:00:00+00:00,2018-05-13,2018-07-29,demand-v2-provisional,provisional
KR,accommodation_staycation,train,1581,2017-05-21,2018-05-13,2018-05-20 00:00:00+00:00,2018-05-20,2018-08-05,demand-v2-provisional,provisional
KR,accommodation_staycation,train,1582,2017-05-28,2018-05-20,2018-05-27 00:00:00+00:00,2018-05-27,2018-08-12,demand-v2-provisional,provisional
KR,accommodation_staycation,train,1583,2017-06-04,2018-05-27,2018-06-03 00:00:00+00:00,2018-06-03,2018-08-19,demand-v2-provisional,provisional
KR,accommodation_staycation,train,1584,2017-06-11,2018-06-03,2018-06-10 00:00:00+00:00,2018-06-10,2018-08-26,demand-v2-provisional,provisional
KR,accommodation_staycation,train,1585,2017-06-18,2018-06-10,2018-06-17 00:00:00+00:00,2018-06-17,2018-09-02,demand-v2-provisional,provisional
KR,accommodation_staycation,train,1586,2017-06-25,2018-06-17,2018-06-24 00:00:00+00:00,2018-06-24,2018-09-09,demand-v2-provisional,provisional
KR,accommodation_staycation,train,1587,2017-07-02,2018-06-24,2018-07-01 00:00:00+00:00,2018-07-01,2018-09-16,demand-v2-provisional,provisional
KR,accommodation_staycation,train,1588,2017-07-09,2018-07-01,2018-07-08 00:00:00+00:00,2018-07-08,2018-09-23,demand-v2-provisional,provisional
KR,accommodation_staycation,train,1589,2017-07-16,2018-07-08,2018-07-15 00:00:00+00:00,2018-07-15,2018-09-30,demand-v2-provisional,provisional
KR,accommodation_staycation,train,1590,2017-07-23,2018-07-15,2018-07-22 00:00:00+00:00,2018-07-22,2018-10-07,demand-v2-provisional,provisional
KR,accommodation_staycation,train,1591,2017-07-30,2018-07-22,2018-07-29 00:00:00+00:00,2018-07-29,2018-10-14,demand-v2-provisional,provisional
KR,accommodation_staycation,train,1592,2017-08-06,2018-07-29,2018-08-05 00:00:00+00:00,2018-08-05,2018-10-21,demand-v2-provisional,provisional
KR,accommodation_staycation,train,1593,2017-08-13,2018-08-05,2018-08-12 00:00:00+00:00,2018-08-12,2018-10-28,demand-v2-provisional,provisional
KR,accommodation_staycation,train,1594,2017-08-20,2018-08-12,2018-08-19 00:00:00+00:00,2018-08-19,2018-11-04,demand-v2-provisional,provisional
KR,accommodation_staycation,train,1595,2017-08-27,2018-08-19,2018-08-26 00:00:00+00:00,2018-08-26,2018-11-11,demand-v2-provisional,provisional
KR,accommodation_staycation,train,1596,2017-09-03,2018-08-26,2018-09-02 00:00:00+00:00,2018-09-02,2018-11-18,demand-v2-provisional,provisional
KR,accommodation_staycation,train,1597,2017-09-10,2018-09-02,2018-09-09 00:00:00+00:00,2018-09-09,2018-11-25,demand-v2-provisional,provisional
KR,accommodation_staycation,train,1598,2017-09-17,2018-09-09,2018-09-16 00:00:00+00:00,2018-09-16,2018-12-02,demand-v2-provisional,provisional
KR,accommodation_staycation,train,1599,2017-09-24,2018-09-16,2018-09-23 00:00:00+00:00,2018-09-23,2018-12-09,demand-v2-provisional,provisional
KR,accommodation_staycation,train,1600,2017-10-01,2018-09-23,2018-09-30 00:00:00+00:00,2018-09-30,2018-12-16,demand-v2-provisional,provisional
KR,accommodation_staycation,train,1601,2017-10-08,2018-09-30,2018-10-07 00:00:00+00:00,2018-10-07,2018-12-23,demand-v2-provisional,provisional
KR,accommodation_staycation,train,1602,2017-10-15,2018-10-07,2018-10-14 00:00:00+00:00,2018-10-14,2018-12-30,demand-v2-provisional,provisional
KR,accommodation_staycation,train,1603,2017-10-22,2018-10-14,2018-10-21 00:00:00+00:00,2018-10-21,2019-01-06,demand-v2-provisional,provisional
KR,accommodation_staycation,train,1604,2017-10-29,2018-10-21,2018-10-28 00:00:00+00:00,2018-10-28,2019-01-13,demand-v2-provisional,provisional
KR,accommodation_staycation,train,1605,2017-11-05,2018-10-28,2018-11-04 00:00:00+00:00,2018-11-04,2019-01-20,demand-v2-provisional,provisional
KR,accommodation_staycation,train,1606,2017-11-12,2018-11-04,2018-11-11 00:00:00+00:00,2018-11-11,2019-01-27,demand-v2-provisional,provisional
KR,accommodation_staycation,train,1607,2017-11-19,2018-11-11,2018-11-18 00:00:00+00:00,2018-11-18,2019-02-03,demand-v2-provisional,provisional
KR,accommodation_staycation,train,1608,2017-11-26,2018-11-18,2018-11-25 00:00:00+00:00,2018-11-25,2019-02-10,demand-v2-provisional,provisional
KR,accommodation_staycation,train,1609,2017-12-03,2018-11-25,2018-12-02 00:00:00+00:00,2018-12-02,2019-02-17,demand-v2-provisional,provisional
KR,accommodation_staycation,train,1610,2017-12-10,2018-12-02,2018-12-09 00:00:00+00:00,2018-12-09,2019-02-24,demand-v2-provisional,provisional
KR,accommodation_staycation,train,1611,2017-12-17,2018-12-09,2018-12-16 00:00:00+00:00,2018-12-16,2019-03-03,demand-v2-provisional,provisional
KR,accommodation_staycation,train,1612,2017-12-24,2018-12-16,2018-12-23 00:00:00+00:00,2018-12-23,2019-03-10,demand-v2-provisional,provisional
KR,accommodation_staycation,train,1613,2017-12-31,2018-12-23,2018-12-30 00:00:00+00:00,2018-12-30,2019-03-17,demand-v2-provisional,provisional
KR,accommodation_staycation,train,1614,2018-01-07,2018-12-30,2019-01-06 00:00:00+00:00,2019-01-06,2019-03-24,demand-v2-provisional,provisional
KR,accommodation_staycation,train,1615,2018-01-14,2019-01-06,2019-01-13 00:00:00+00:00,2019-01-13,2019-03-31,demand-v2-provisional,provisional
KR,accommodation_staycation,train,1616,2018-01-21,2019-01-13,2019-01-20 00:00:00+00:00,2019-01-20,2019-04-07,demand-v2-provisional,provisional
KR,accommodation_staycation,train,1617,2018-01-28,2019-01-20,2019-01-27 00:00:00+00:00,2019-01-27,2019-04-14,demand-v2-provisional,provisional
KR,accommodation_staycation,train,1618,2018-02-04,2019-01-27,2019-02-03 00:00:00+00:00,2019-02-03,2019-04-21,demand-v2-provisional,provisional
KR,accommodation_staycation,train,1619,2018-02-11,2019-02-03,2019-02-10 00:00:00+00:00,2019-02-10,2019-04-28,demand-v2-provisional,provisional
KR,accommodation_staycation,train,1620,2018-02-18,2019-02-10,2019-02-17 00:00:00+00:00,2019-02-17,2019-05-05,demand-v2-provisional,provisional
KR,accommodation_staycation,train,1621,2018-02-25,2019-02-17,2019-02-24 00:00:00+00:00,2019-02-24,2019-05-12,demand-v2-provisional,provisional
KR,accommodation_staycation,train,1622,2018-03-04,2019-02-24,2019-03-03 00:00:00+00:00,2019-03-03,2019-05-19,demand-v2-provisional,provisional
KR,accommodation_staycation,train,1623,2018-03-11,2019-03-03,2019-03-10 00:00:00+00:00,2019-03-10,2019-05-26,demand-v2-provisional,provisional
KR,accommodation_staycation,train,1624,2018-03-18,2019-03-10,2019-03-17 00:00:00+00:00,2019-03-17,2019-06-02,demand-v2-provisional,provisional
KR,accommodation_staycation,train,1625,2018-03-25,2019-03-17,2019-03-24 00:00:00+00:00,2019-03-24,2019-06-09,demand-v2-provisional,provisional
KR,accommodation_staycation,train,1626,2018-04-01,2019-03-24,2019-03-31 00:00:00+00:00,2019-03-31,2019-06-16,demand-v2-provisional,provisional
KR,accommodation_staycation,train,1627,2018-04-08,2019-03-31,2019-04-07 00:00:00+00:00,2019-04-07,2019-06-23,demand-v2-provisional,provisional
KR,accommodation_staycation,train,1628,2018-04-15,2019-04-07,2019-04-14 00:00:00+00:00,2019-04-14,2019-06-30,demand-v2-provisional,provisional
KR,accommodation_staycation,train,1629,2018-04-22,2019-04-14,2019-04-21 00:00:00+00:00,2019-04-21,2019-07-07,demand-v2-provisional,provisional
KR,accommodation_staycation,train,1630,2018-04-29,2019-04-21,2019-04-28 00:00:00+00:00,2019-04-28,2019-07-14,demand-v2-provisional,provisional
KR,accommodation_staycation,train,1631,2018-05-06,2019-04-28,2019-05-05 00:00:00+00:00,2019-05-05,2019-07-21,demand-v2-provisional,provisional
KR,accommodation_staycation,train,1632,2018-05-13,2019-05-05,2019-05-12 00:00:00+00:00,2019-05-12,2019-07-28,demand-v2-provisional,provisional
KR,accommodation_staycation,train,1633,2018-05-20,2019-05-12,2019-05-19 00:00:00+00:00,2019-05-19,2019-08-04,demand-v2-provisional,provisional
KR,accommodation_staycation,train,1634,2018-05-27,2019-05-19,2019-05-26 00:00:00+00:00,2019-05-26,2019-08-11,demand-v2-provisional,provisional
KR,accommodation_staycation,train,1635,2018-06-03,2019-05-26,2019-06-02 00:00:00+00:00,2019-06-02,2019-08-18,demand-v2-provisional,provisional
KR,accommodation_staycation,train,1636,2018-06-10,2019-06-02,2019-06-09 00:00:00+00:00,2019-06-09,2019-08-25,demand-v2-provisional,provisional
KR,accommodation_staycation,train,1637,2018-06-17,2019-06-09,2019-06-16 00:00:00+00:00,2019-06-16,2019-09-01,demand-v2-provisional,provisional
KR,accommodation_staycation,train,1638,2018-06-24,2019-06-16,2019-06-23 00:00:00+00:00,2019-06-23,2019-09-08,demand-v2-provisional,provisional
KR,accommodation_staycation,train,1639,2018-07-01,2019-06-23,2019-06-30 00:00:00+00:00,2019-06-30,2019-09-15,demand-v2-provisional,provisional
KR,accommodation_staycation,train,1640,2018-07-08,2019-06-30,2019-07-07 00:00:00+00:00,2019-07-07,2019-09-22,demand-v2-provisional,provisional
KR,accommodation_staycation,train,1641,2018-07-15,2019-07-07,2019-07-14 00:00:00+00:00,2019-07-14,2019-09-29,demand-v2-provisional,provisional
KR,accommodation_staycation,train,1642,2018-07-22,2019-07-14,2019-07-21 00:00:00+00:00,2019-07-21,2019-10-06,demand-v2-provisional,provisional
KR,accommodation_staycation,train,1643,2018-07-29,2019-07-21,2019-07-28 00:00:00+00:00,2019-07-28,2019-10-13,demand-v2-provisional,provisional
KR,accommodation_staycation,train,1644,2018-08-05,2019-07-28,2019-08-04 00:00:00+00:00,2019-08-04,2019-10-20,demand-v2-provisional,provisional
KR,accommodation_staycation,train,1645,2018-08-12,2019-08-04,2019-08-11 00:00:00+00:00,2019-08-11,2019-10-27,demand-v2-provisional,provisional
KR,accommodation_staycation,train,1646,2018-08-19,2019-08-11,2019-08-18 00:00:00+00:00,2019-08-18,2019-11-03,demand-v2-provisional,provisional
KR,accommodation_staycation,train,1647,2018-08-26,2019-08-18,2019-08-25 00:00:00+00:00,2019-08-25,2019-11-10,demand-v2-provisional,provisional
KR,accommodation_staycation,train,1648,2018-09-02,2019-08-25,2019-09-01 00:00:00+00:00,2019-09-01,2019-11-17,demand-v2-provisional,provisional
KR,accommodation_staycation,train,1649,2018-09-09,2019-09-01,2019-09-08 00:00:00+00:00,2019-09-08,2019-11-24,demand-v2-provisional,provisional
KR,accommodation_staycation,train,1650,2018-09-16,2019-09-08,2019-09-15 00:00:00+00:00,2019-09-15,2019-12-01,demand-v2-provisional,provisional
KR,accommodation_staycation,train,1651,2018-09-23,2019-09-15,2019-09-22 00:00:00+00:00,2019-09-22,2019-12-08,demand-v2-provisional,provisional
KR,accommodation_staycation,train,1652,2018-09-30,2019-09-22,2019-09-29 00:00:00+00:00,2019-09-29,2019-12-15,demand-v2-provisional,provisional
KR,accommodation_staycation,train,1653,2018-10-07,2019-09-29,2019-10-06 00:00:00+00:00,2019-10-06,2019-12-22,demand-v2-provisional,provisional
KR,accommodation_staycation,train,1654,2023-01-01,2023-12-24,2023-12-31 00:00:00+00:00,2023-12-31,2024-03-17,demand-v2-provisional,provisional
KR,accommodation_staycation,train,1655,2023-01-08,2023-12-31,2024-01-07 00:00:00+00:00,2024-01-07,2024-03-24,demand-v2-provisional,provisional
KR,accommodation_staycation,train,1656,2023-01-15,2024-01-07,2024-01-14 00:00:00+00:00,2024-01-14,2024-03-31,demand-v2-provisional,provisional
KR,accommodation_staycation,train,1657,2023-01-22,2024-01-14,2024-01-21 00:00:00+00:00,2024-01-21,2024-04-07,demand-v2-provisional,provisional
KR,accommodation_staycation,train,1658,2023-01-29,2024-01-21,2024-01-28 00:00:00+00:00,2024-01-28,2024-04-14,demand-v2-provisional,provisional
KR,accommodation_staycation,train,1659,2023-02-05,2024-01-28,2024-02-04 00:00:00+00:00,2024-02-04,2024-04-21,demand-v2-provisional,provisional
KR,accommodation_staycation,train,1660,2023-02-12,2024-02-04,2024-02-11 00:00:00+00:00,2024-02-11,2024-04-28,demand-v2-provisional,provisional
KR,accommodation_staycation,train,1661,2023-02-19,2024-02-11,2024-02-18 00:00:00+00:00,2024-02-18,2024-05-05,demand-v2-provisional,provisional
KR,accommodation_staycation,train,1662,2023-02-26,2024-02-18,2024-02-25 00:00:00+00:00,2024-02-25,2024-05-12,demand-v2-provisional,provisional
KR,accommodation_staycation,train,1663,2023-03-05,2024-02-25,2024-03-03 00:00:00+00:00,2024-03-03,2024-05-19,demand-v2-provisional,provisional
KR,accommodation_staycation,validation,217,2023-05-28,2024-05-19,2024-05-26 00:00:00+00:00,2024-05-26,2024-08-11,demand-v2-provisional,provisional
KR,accommodation_staycation,validation,218,2023-06-04,2024-05-26,2024-06-02 00:00:00+00:00,2024-06-02,2024-08-18,demand-v2-provisional,provisional
KR,accommodation_staycation,validation,219,2023-06-11,2024-06-02,2024-06-09 00:00:00+00:00,2024-06-09,2024-08-25,demand-v2-provisional,provisional
KR,accommodation_staycation,validation,220,2023-06-18,2024-06-09,2024-06-16 00:00:00+00:00,2024-06-16,2024-09-01,demand-v2-provisional,provisional
KR,accommodation_staycation,validation,221,2023-06-25,2024-06-16,2024-06-23 00:00:00+00:00,2024-06-23,2024-09-08,demand-v2-provisional,provisional
KR,accommodation_staycation,validation,222,2023-07-02,2024-06-23,2024-06-30 00:00:00+00:00,2024-06-30,2024-09-15,demand-v2-provisional,provisional
KR,accommodation_staycation,validation,223,2023-07-09,2024-06-30,2024-07-07 00:00:00+00:00,2024-07-07,2024-09-22,demand-v2-provisional,provisional
KR,accommodation_staycation,validation,224,2023-07-16,2024-07-07,2024-07-14 00:00:00+00:00,2024-07-14,2024-09-29,demand-v2-provisional,provisional
KR,accommodation_staycation,validation,225,2023-07-23,2024-07-14,2024-07-21 00:00:00+00:00,2024-07-21,2024-10-06,demand-v2-provisional,provisional
KR,accommodation_staycation,validation,226,2023-07-30,2024-07-21,2024-07-28 00:00:00+00:00,2024-07-28,2024-10-13,demand-v2-provisional,provisional
KR,accommodation_staycation,validation,227,2023-08-06,2024-07-28,2024-08-04 00:00:00+00:00,2024-08-04,2024-10-20,demand-v2-provisional,provisional
KR,accommodation_staycation,validation,228,2023-08-13,2024-08-04,2024-08-11 00:00:00+00:00,2024-08-11,2024-10-27,demand-v2-provisional,provisional
KR,accommodation_staycation,validation,229,2023-08-20,2024-08-11,2024-08-18 00:00:00+00:00,2024-08-18,2024-11-03,demand-v2-provisional,provisional
KR,accommodation_staycation,validation,230,2023-08-27,2024-08-18,2024-08-25 00:00:00+00:00,2024-08-25,2024-11-10,demand-v2-provisional,provisional
KR,accommodation_staycation,validation,231,2023-09-03,2024-08-25,2024-09-01 00:00:00+00:00,2024-09-01,2024-11-17,demand-v2-provisional,provisional
KR,accommodation_staycation,validation,232,2023-09-10,2024-09-01,2024-09-08 00:00:00+00:00,2024-09-08,2024-11-24,demand-v2-provisional,provisional
KR,accommodation_staycation,validation,233,2023-09-17,2024-09-08,2024-09-15 00:00:00+00:00,2024-09-15,2024-12-01,demand-v2-provisional,provisional
KR,accommodation_staycation,validation,234,2023-09-24,2024-09-15,2024-09-22 00:00:00+00:00,2024-09-22,2024-12-08,demand-v2-provisional,provisional
KR,accommodation_staycation,validation,235,2023-10-01,2024-09-22,2024-09-29 00:00:00+00:00,2024-09-29,2024-12-15,demand-v2-provisional,provisional
KR,accommodation_staycation,validation,236,2023-10-08,2024-09-29,2024-10-06 00:00:00+00:00,2024-10-06,2024-12-22,demand-v2-provisional,provisional
KR,accommodation_staycation,validation,237,2023-10-15,2024-10-06,2024-10-13 00:00:00+00:00,2024-10-13,2024-12-29,demand-v2-provisional,provisional
KR,accommodation_staycation,validation,238,2023-10-22,2024-10-13,2024-10-20 00:00:00+00:00,2024-10-20,2025-01-05,demand-v2-provisional,provisional
KR,accommodation_staycation,validation,239,2023-10-29,2024-10-20,2024-10-27 00:00:00+00:00,2024-10-27,2025-01-12,demand-v2-provisional,provisional
KR,accommodation_staycation,validation,240,2023-11-05,2024-10-27,2024-11-03 00:00:00+00:00,2024-11-03,2025-01-19,demand-v2-provisional,provisional
KR,accommodation_staycation,validation,241,2023-11-12,2024-11-03,2024-11-10 00:00:00+00:00,2024-11-10,2025-01-26,demand-v2-provisional,provisional
KR,accommodation_staycation,validation,242,2023-11-19,2024-11-10,2024-11-17 00:00:00+00:00,2024-11-17,2025-02-02,demand-v2-provisional,provisional
KR,accommodation_staycation,validation,243,2023-11-26,2024-11-17,2024-11-24 00:00:00+00:00,2024-11-24,2025-02-09,demand-v2-provisional,provisional
KR,accommodation_staycation,validation,244,2023-12-03,2024-11-24,2024-12-01 00:00:00+00:00,2024-12-01,2025-02-16,demand-v2-provisional,provisional
KR,accommodation_staycation,validation,245,2023-12-10,2024-12-01,2024-12-08 00:00:00+00:00,2024-12-08,2025-02-23,demand-v2-provisional,provisional
KR,accommodation_staycation,validation,246,2023-12-17,2024-12-08,2024-12-15 00:00:00+00:00,2024-12-15,2025-03-02,demand-v2-provisional,provisional
KR,accommodation_staycation,validation,247,2023-12-24,2024-12-15,2024-12-22 00:00:00+00:00,2024-12-22,2025-03-09,demand-v2-provisional,provisional
KR,accommodation_staycation,test,217,2024-03-17,2025-03-09,2025-03-16 00:00:00+00:00,2025-03-16,2025-06-01,demand-v2-provisional,provisional
KR,accommodation_staycation,test,218,2024-03-24,2025-03-16,2025-03-23 00:00:00+00:00,2025-03-23,2025-06-08,demand-v2-provisional,provisional
KR,accommodation_staycation,test,219,2024-03-31,2025-03-23,2025-03-30 00:00:00+00:00,2025-03-30,2025-06-15,demand-v2-provisional,provisional
KR,accommodation_staycation,test,220,2024-04-07,2025-03-30,2025-04-06 00:00:00+00:00,2025-04-06,2025-06-22,demand-v2-provisional,provisional
KR,accommodation_staycation,test,221,2024-04-14,2025-04-06,2025-04-13 00:00:00+00:00,2025-04-13,2025-06-29,demand-v2-provisional,provisional
KR,accommodation_staycation,test,222,2024-04-21,2025-04-13,2025-04-20 00:00:00+00:00,2025-04-20,2025-07-06,demand-v2-provisional,provisional
KR,accommodation_staycation,test,223,2024-04-28,2025-04-20,2025-04-27 00:00:00+00:00,2025-04-27,2025-07-13,demand-v2-provisional,provisional
KR,accommodation_staycation,test,224,2024-05-05,2025-04-27,2025-05-04 00:00:00+00:00,2025-05-04,2025-07-20,demand-v2-provisional,provisional
KR,accommodation_staycation,test,225,2024-05-12,2025-05-04,2025-05-11 00:00:00+00:00,2025-05-11,2025-07-27,demand-v2-provisional,provisional
KR,accommodation_staycation,test,226,2024-05-19,2025-05-11,2025-05-18 00:00:00+00:00,2025-05-18,2025-08-03,demand-v2-provisional,provisional
KR,accommodation_staycation,test,227,2024-05-26,2025-05-18,2025-05-25 00:00:00+00:00,2025-05-25,2025-08-10,demand-v2-provisional,provisional
KR,accommodation_staycation,test,228,2024-06-02,2025-05-25,2025-06-01 00:00:00+00:00,2025-06-01,2025-08-17,demand-v2-provisional,provisional
KR,accommodation_staycation,test,229,2024-06-09,2025-06-01,2025-06-08 00:00:00+00:00,2025-06-08,2025-08-24,demand-v2-provisional,provisional
KR,accommodation_staycation,test,230,2024-06-16,2025-06-08,2025-06-15 00:00:00+00:00,2025-06-15,2025-08-31,demand-v2-provisional,provisional
KR,accommodation_staycation,test,231,2024-06-23,2025-06-15,2025-06-22 00:00:00+00:00,2025-06-22,2025-09-07,demand-v2-provisional,provisional
KR,accommodation_staycation,test,232,2024-06-30,2025-06-22,2025-06-29 00:00:00+00:00,2025-06-29,2025-09-14,demand-v2-provisional,provisional
KR,accommodation_staycation,test,233,2024-07-07,2025-06-29,2025-07-06 00:00:00+00:00,2025-07-06,2025-09-21,demand-v2-provisional,provisional
KR,accommodation_staycation,test,234,2024-07-14,2025-07-06,2025-07-13 00:00:00+00:00,2025-07-13,2025-09-28,demand-v2-provisional,provisional
KR,accommodation_staycation,test,235,2024-07-21,2025-07-13,2025-07-20 00:00:00+00:00,2025-07-20,2025-10-05,demand-v2-provisional,provisional
KR,accommodation_staycation,test,236,2024-07-28,2025-07-20,2025-07-27 00:00:00+00:00,2025-07-27,2025-10-12,demand-v2-provisional,provisional
KR,accommodation_staycation,test,237,2024-08-04,2025-07-27,2025-08-03 00:00:00+00:00,2025-08-03,2025-10-19,demand-v2-provisional,provisional
KR,accommodation_staycation,test,238,2024-08-11,2025-08-03,2025-08-10 00:00:00+00:00,2025-08-10,2025-10-26,demand-v2-provisional,provisional
KR,accommodation_staycation,test,239,2024-08-18,2025-08-10,2025-08-17 00:00:00+00:00,2025-08-17,2025-11-02,demand-v2-provisional,provisional
KR,accommodation_staycation,test,240,2024-08-25,2025-08-17,2025-08-24 00:00:00+00:00,2025-08-24,2025-11-09,demand-v2-provisional,provisional
KR,accommodation_staycation,test,241,2024-09-01,2025-08-24,2025-08-31 00:00:00+00:00,2025-08-31,2025-11-16,demand-v2-provisional,provisional
KR,accommodation_staycation,test,242,2024-09-08,2025-08-31,2025-09-07 00:00:00+00:00,2025-09-07,2025-11-23,demand-v2-provisional,provisional
KR,accommodation_staycation,test,243,2024-09-15,2025-09-07,2025-09-14 00:00:00+00:00,2025-09-14,2025-11-30,demand-v2-provisional,provisional
KR,accommodation_staycation,test,244,2024-09-22,2025-09-14,2025-09-21 00:00:00+00:00,2025-09-21,2025-12-07,demand-v2-provisional,provisional
KR,accommodation_staycation,test,245,2024-09-29,2025-09-21,2025-09-28 00:00:00+00:00,2025-09-28,2025-12-14,demand-v2-provisional,provisional
KR,accommodation_staycation,test,246,2024-10-06,2025-09-28,2025-10-05 00:00:00+00:00,2025-10-05,2025-12-21,demand-v2-provisional,provisional
KR,accommodation_staycation,test,247,2024-10-13,2025-10-05,2025-10-12 00:00:00+00:00,2025-10-12,2025-12-28,demand-v2-provisional,provisional
KR,adventure_nature,train,1664,2014-12-28,2015-12-20,2015-12-27 00:00:00+00:00,2015-12-27,2016-03-13,demand-v2-provisional,provisional
KR,adventure_nature,train,1665,2015-01-04,2015-12-27,2016-01-03 00:00:00+00:00,2016-01-03,2016-03-20,demand-v2-provisional,provisional
KR,adventure_nature,train,1666,2015-01-11,2016-01-03,2016-01-10 00:00:00+00:00,2016-01-10,2016-03-27,demand-v2-provisional,provisional
KR,adventure_nature,train,1667,2015-01-18,2016-01-10,2016-01-17 00:00:00+00:00,2016-01-17,2016-04-03,demand-v2-provisional,provisional
KR,adventure_nature,train,1668,2015-01-25,2016-01-17,2016-01-24 00:00:00+00:00,2016-01-24,2016-04-10,demand-v2-provisional,provisional
KR,adventure_nature,train,1669,2015-02-01,2016-01-24,2016-01-31 00:00:00+00:00,2016-01-31,2016-04-17,demand-v2-provisional,provisional
KR,adventure_nature,train,1670,2015-02-08,2016-01-31,2016-02-07 00:00:00+00:00,2016-02-07,2016-04-24,demand-v2-provisional,provisional
KR,adventure_nature,train,1671,2015-02-15,2016-02-07,2016-02-14 00:00:00+00:00,2016-02-14,2016-05-01,demand-v2-provisional,provisional
KR,adventure_nature,train,1672,2015-02-22,2016-02-14,2016-02-21 00:00:00+00:00,2016-02-21,2016-05-08,demand-v2-provisional,provisional
KR,adventure_nature,train,1673,2015-03-01,2016-02-21,2016-02-28 00:00:00+00:00,2016-02-28,2016-05-15,demand-v2-provisional,provisional
KR,adventure_nature,train,1674,2015-03-08,2016-02-28,2016-03-06 00:00:00+00:00,2016-03-06,2016-05-22,demand-v2-provisional,provisional
KR,adventure_nature,train,1675,2015-03-15,2016-03-06,2016-03-13 00:00:00+00:00,2016-03-13,2016-05-29,demand-v2-provisional,provisional
KR,adventure_nature,train,1676,2015-03-22,2016-03-13,2016-03-20 00:00:00+00:00,2016-03-20,2016-06-05,demand-v2-provisional,provisional
KR,adventure_nature,train,1677,2015-03-29,2016-03-20,2016-03-27 00:00:00+00:00,2016-03-27,2016-06-12,demand-v2-provisional,provisional
KR,adventure_nature,train,1678,2015-04-05,2016-03-27,2016-04-03 00:00:00+00:00,2016-04-03,2016-06-19,demand-v2-provisional,provisional
KR,adventure_nature,train,1679,2015-04-12,2016-04-03,2016-04-10 00:00:00+00:00,2016-04-10,2016-06-26,demand-v2-provisional,provisional
KR,adventure_nature,train,1680,2015-04-19,2016-04-10,2016-04-17 00:00:00+00:00,2016-04-17,2016-07-03,demand-v2-provisional,provisional
KR,adventure_nature,train,1681,2015-04-26,2016-04-17,2016-04-24 00:00:00+00:00,2016-04-24,2016-07-10,demand-v2-provisional,provisional
KR,adventure_nature,train,1682,2015-05-03,2016-04-24,2016-05-01 00:00:00+00:00,2016-05-01,2016-07-17,demand-v2-provisional,provisional
KR,adventure_nature,train,1683,2015-05-10,2016-05-01,2016-05-08 00:00:00+00:00,2016-05-08,2016-07-24,demand-v2-provisional,provisional
KR,adventure_nature,train,1684,2015-05-17,2016-05-08,2016-05-15 00:00:00+00:00,2016-05-15,2016-07-31,demand-v2-provisional,provisional
KR,adventure_nature,train,1685,2015-05-24,2016-05-15,2016-05-22 00:00:00+00:00,2016-05-22,2016-08-07,demand-v2-provisional,provisional
KR,adventure_nature,train,1686,2015-05-31,2016-05-22,2016-05-29 00:00:00+00:00,2016-05-29,2016-08-14,demand-v2-provisional,provisional
KR,adventure_nature,train,1687,2015-06-07,2016-05-29,2016-06-05 00:00:00+00:00,2016-06-05,2016-08-21,demand-v2-provisional,provisional
KR,adventure_nature,train,1688,2015-06-14,2016-06-05,2016-06-12 00:00:00+00:00,2016-06-12,2016-08-28,demand-v2-provisional,provisional
KR,adventure_nature,train,1689,2015-06-21,2016-06-12,2016-06-19 00:00:00+00:00,2016-06-19,2016-09-04,demand-v2-provisional,provisional
KR,adventure_nature,train,1690,2015-06-28,2016-06-19,2016-06-26 00:00:00+00:00,2016-06-26,2016-09-11,demand-v2-provisional,provisional
KR,adventure_nature,train,1691,2015-07-05,2016-06-26,2016-07-03 00:00:00+00:00,2016-07-03,2016-09-18,demand-v2-provisional,provisional
KR,adventure_nature,train,1692,2015-07-12,2016-07-03,2016-07-10 00:00:00+00:00,2016-07-10,2016-09-25,demand-v2-provisional,provisional
KR,adventure_nature,train,1693,2015-07-19,2016-07-10,2016-07-17 00:00:00+00:00,2016-07-17,2016-10-02,demand-v2-provisional,provisional
KR,adventure_nature,train,1694,2015-07-26,2016-07-17,2016-07-24 00:00:00+00:00,2016-07-24,2016-10-09,demand-v2-provisional,provisional
KR,adventure_nature,train,1695,2015-08-02,2016-07-24,2016-07-31 00:00:00+00:00,2016-07-31,2016-10-16,demand-v2-provisional,provisional
KR,adventure_nature,train,1696,2015-08-09,2016-07-31,2016-08-07 00:00:00+00:00,2016-08-07,2016-10-23,demand-v2-provisional,provisional
KR,adventure_nature,train,1697,2015-08-16,2016-08-07,2016-08-14 00:00:00+00:00,2016-08-14,2016-10-30,demand-v2-provisional,provisional
KR,adventure_nature,train,1698,2015-08-23,2016-08-14,2016-08-21 00:00:00+00:00,2016-08-21,2016-11-06,demand-v2-provisional,provisional
KR,adventure_nature,train,1699,2015-08-30,2016-08-21,2016-08-28 00:00:00+00:00,2016-08-28,2016-11-13,demand-v2-provisional,provisional
KR,adventure_nature,train,1700,2015-09-06,2016-08-28,2016-09-04 00:00:00+00:00,2016-09-04,2016-11-20,demand-v2-provisional,provisional
KR,adventure_nature,train,1701,2015-09-13,2016-09-04,2016-09-11 00:00:00+00:00,2016-09-11,2016-11-27,demand-v2-provisional,provisional
KR,adventure_nature,train,1702,2015-09-20,2016-09-11,2016-09-18 00:00:00+00:00,2016-09-18,2016-12-04,demand-v2-provisional,provisional
KR,adventure_nature,train,1703,2015-09-27,2016-09-18,2016-09-25 00:00:00+00:00,2016-09-25,2016-12-11,demand-v2-provisional,provisional
KR,adventure_nature,train,1704,2015-10-04,2016-09-25,2016-10-02 00:00:00+00:00,2016-10-02,2016-12-18,demand-v2-provisional,provisional
KR,adventure_nature,train,1705,2015-10-11,2016-10-02,2016-10-09 00:00:00+00:00,2016-10-09,2016-12-25,demand-v2-provisional,provisional
KR,adventure_nature,train,1706,2015-10-18,2016-10-09,2016-10-16 00:00:00+00:00,2016-10-16,2017-01-01,demand-v2-provisional,provisional
KR,adventure_nature,train,1707,2015-10-25,2016-10-16,2016-10-23 00:00:00+00:00,2016-10-23,2017-01-08,demand-v2-provisional,provisional
KR,adventure_nature,train,1708,2015-11-01,2016-10-23,2016-10-30 00:00:00+00:00,2016-10-30,2017-01-15,demand-v2-provisional,provisional
KR,adventure_nature,train,1709,2015-11-08,2016-10-30,2016-11-06 00:00:00+00:00,2016-11-06,2017-01-22,demand-v2-provisional,provisional
KR,adventure_nature,train,1710,2015-11-15,2016-11-06,2016-11-13 00:00:00+00:00,2016-11-13,2017-01-29,demand-v2-provisional,provisional
KR,adventure_nature,train,1711,2015-11-22,2016-11-13,2016-11-20 00:00:00+00:00,2016-11-20,2017-02-05,demand-v2-provisional,provisional
KR,adventure_nature,train,1712,2015-11-29,2016-11-20,2016-11-27 00:00:00+00:00,2016-11-27,2017-02-12,demand-v2-provisional,provisional
KR,adventure_nature,train,1713,2015-12-06,2016-11-27,2016-12-04 00:00:00+00:00,2016-12-04,2017-02-19,demand-v2-provisional,provisional
KR,adventure_nature,train,1714,2015-12-13,2016-12-04,2016-12-11 00:00:00+00:00,2016-12-11,2017-02-26,demand-v2-provisional,provisional
KR,adventure_nature,train,1715,2015-12-20,2016-12-11,2016-12-18 00:00:00+00:00,2016-12-18,2017-03-05,demand-v2-provisional,provisional
KR,adventure_nature,train,1716,2015-12-27,2016-12-18,2016-12-25 00:00:00+00:00,2016-12-25,2017-03-12,demand-v2-provisional,provisional
KR,adventure_nature,train,1717,2016-01-03,2016-12-25,2017-01-01 00:00:00+00:00,2017-01-01,2017-03-19,demand-v2-provisional,provisional
KR,adventure_nature,train,1718,2016-01-10,2017-01-01,2017-01-08 00:00:00+00:00,2017-01-08,2017-03-26,demand-v2-provisional,provisional
KR,adventure_nature,train,1719,2016-01-17,2017-01-08,2017-01-15 00:00:00+00:00,2017-01-15,2017-04-02,demand-v2-provisional,provisional
KR,adventure_nature,train,1720,2016-01-24,2017-01-15,2017-01-22 00:00:00+00:00,2017-01-22,2017-04-09,demand-v2-provisional,provisional
KR,adventure_nature,train,1721,2016-01-31,2017-01-22,2017-01-29 00:00:00+00:00,2017-01-29,2017-04-16,demand-v2-provisional,provisional
KR,adventure_nature,train,1722,2016-02-07,2017-01-29,2017-02-05 00:00:00+00:00,2017-02-05,2017-04-23,demand-v2-provisional,provisional
KR,adventure_nature,train,1723,2016-02-14,2017-02-05,2017-02-12 00:00:00+00:00,2017-02-12,2017-04-30,demand-v2-provisional,provisional
KR,adventure_nature,train,1724,2016-02-21,2017-02-12,2017-02-19 00:00:00+00:00,2017-02-19,2017-05-07,demand-v2-provisional,provisional
KR,adventure_nature,train,1725,2016-02-28,2017-02-19,2017-02-26 00:00:00+00:00,2017-02-26,2017-05-14,demand-v2-provisional,provisional
KR,adventure_nature,train,1726,2016-03-06,2017-02-26,2017-03-05 00:00:00+00:00,2017-03-05,2017-05-21,demand-v2-provisional,provisional
KR,adventure_nature,train,1727,2016-03-13,2017-03-05,2017-03-12 00:00:00+00:00,2017-03-12,2017-05-28,demand-v2-provisional,provisional
KR,adventure_nature,train,1728,2016-03-20,2017-03-12,2017-03-19 00:00:00+00:00,2017-03-19,2017-06-04,demand-v2-provisional,provisional
KR,adventure_nature,train,1729,2016-03-27,2017-03-19,2017-03-26 00:00:00+00:00,2017-03-26,2017-06-11,demand-v2-provisional,provisional
KR,adventure_nature,train,1730,2016-04-03,2017-03-26,2017-04-02 00:00:00+00:00,2017-04-02,2017-06-18,demand-v2-provisional,provisional
KR,adventure_nature,train,1731,2016-04-10,2017-04-02,2017-04-09 00:00:00+00:00,2017-04-09,2017-06-25,demand-v2-provisional,provisional
KR,adventure_nature,train,1732,2016-04-17,2017-04-09,2017-04-16 00:00:00+00:00,2017-04-16,2017-07-02,demand-v2-provisional,provisional
KR,adventure_nature,train,1733,2016-04-24,2017-04-16,2017-04-23 00:00:00+00:00,2017-04-23,2017-07-09,demand-v2-provisional,provisional
KR,adventure_nature,train,1734,2016-05-01,2017-04-23,2017-04-30 00:00:00+00:00,2017-04-30,2017-07-16,demand-v2-provisional,provisional
KR,adventure_nature,train,1735,2016-05-08,2017-04-30,2017-05-07 00:00:00+00:00,2017-05-07,2017-07-23,demand-v2-provisional,provisional
KR,adventure_nature,train,1736,2016-05-15,2017-05-07,2017-05-14 00:00:00+00:00,2017-05-14,2017-07-30,demand-v2-provisional,provisional
KR,adventure_nature,train,1737,2016-05-22,2017-05-14,2017-05-21 00:00:00+00:00,2017-05-21,2017-08-06,demand-v2-provisional,provisional
KR,adventure_nature,train,1738,2016-05-29,2017-05-21,2017-05-28 00:00:00+00:00,2017-05-28,2017-08-13,demand-v2-provisional,provisional
KR,adventure_nature,train,1739,2016-06-05,2017-05-28,2017-06-04 00:00:00+00:00,2017-06-04,2017-08-20,demand-v2-provisional,provisional
KR,adventure_nature,train,1740,2016-06-12,2017-06-04,2017-06-11 00:00:00+00:00,2017-06-11,2017-08-27,demand-v2-provisional,provisional
KR,adventure_nature,train,1741,2016-06-19,2017-06-11,2017-06-18 00:00:00+00:00,2017-06-18,2017-09-03,demand-v2-provisional,provisional
KR,adventure_nature,train,1742,2016-06-26,2017-06-18,2017-06-25 00:00:00+00:00,2017-06-25,2017-09-10,demand-v2-provisional,provisional
KR,adventure_nature,train,1743,2016-07-03,2017-06-25,2017-07-02 00:00:00+00:00,2017-07-02,2017-09-17,demand-v2-provisional,provisional
KR,adventure_nature,train,1744,2016-07-10,2017-07-02,2017-07-09 00:00:00+00:00,2017-07-09,2017-09-24,demand-v2-provisional,provisional
KR,adventure_nature,train,1745,2016-07-17,2017-07-09,2017-07-16 00:00:00+00:00,2017-07-16,2017-10-01,demand-v2-provisional,provisional
KR,adventure_nature,train,1746,2016-07-24,2017-07-16,2017-07-23 00:00:00+00:00,2017-07-23,2017-10-08,demand-v2-provisional,provisional
KR,adventure_nature,train,1747,2016-07-31,2017-07-23,2017-07-30 00:00:00+00:00,2017-07-30,2017-10-15,demand-v2-provisional,provisional
KR,adventure_nature,train,1748,2016-08-07,2017-07-30,2017-08-06 00:00:00+00:00,2017-08-06,2017-10-22,demand-v2-provisional,provisional
KR,adventure_nature,train,1749,2016-08-14,2017-08-06,2017-08-13 00:00:00+00:00,2017-08-13,2017-10-29,demand-v2-provisional,provisional
KR,adventure_nature,train,1750,2016-08-21,2017-08-13,2017-08-20 00:00:00+00:00,2017-08-20,2017-11-05,demand-v2-provisional,provisional
KR,adventure_nature,train,1751,2016-08-28,2017-08-20,2017-08-27 00:00:00+00:00,2017-08-27,2017-11-12,demand-v2-provisional,provisional
KR,adventure_nature,train,1752,2016-09-04,2017-08-27,2017-09-03 00:00:00+00:00,2017-09-03,2017-11-19,demand-v2-provisional,provisional
KR,adventure_nature,train,1753,2016-09-11,2017-09-03,2017-09-10 00:00:00+00:00,2017-09-10,2017-11-26,demand-v2-provisional,provisional
KR,adventure_nature,train,1754,2016-09-18,2017-09-10,2017-09-17 00:00:00+00:00,2017-09-17,2017-12-03,demand-v2-provisional,provisional
KR,adventure_nature,train,1755,2016-09-25,2017-09-17,2017-09-24 00:00:00+00:00,2017-09-24,2017-12-10,demand-v2-provisional,provisional
KR,adventure_nature,train,1756,2016-10-02,2017-09-24,2017-10-01 00:00:00+00:00,2017-10-01,2017-12-17,demand-v2-provisional,provisional
KR,adventure_nature,train,1757,2016-10-09,2017-10-01,2017-10-08 00:00:00+00:00,2017-10-08,2017-12-24,demand-v2-provisional,provisional
KR,adventure_nature,train,1758,2016-10-16,2017-10-08,2017-10-15 00:00:00+00:00,2017-10-15,2017-12-31,demand-v2-provisional,provisional
KR,adventure_nature,train,1759,2016-10-23,2017-10-15,2017-10-22 00:00:00+00:00,2017-10-22,2018-01-07,demand-v2-provisional,provisional
KR,adventure_nature,train,1760,2016-10-30,2017-10-22,2017-10-29 00:00:00+00:00,2017-10-29,2018-01-14,demand-v2-provisional,provisional
KR,adventure_nature,train,1761,2016-11-06,2017-10-29,2017-11-05 00:00:00+00:00,2017-11-05,2018-01-21,demand-v2-provisional,provisional
KR,adventure_nature,train,1762,2016-11-13,2017-11-05,2017-11-12 00:00:00+00:00,2017-11-12,2018-01-28,demand-v2-provisional,provisional
KR,adventure_nature,train,1763,2016-11-20,2017-11-12,2017-11-19 00:00:00+00:00,2017-11-19,2018-02-04,demand-v2-provisional,provisional
KR,adventure_nature,train,1764,2016-11-27,2017-11-19,2017-11-26 00:00:00+00:00,2017-11-26,2018-02-11,demand-v2-provisional,provisional
KR,adventure_nature,train,1765,2016-12-04,2017-11-26,2017-12-03 00:00:00+00:00,2017-12-03,2018-02-18,demand-v2-provisional,provisional
KR,adventure_nature,train,1766,2016-12-11,2017-12-03,2017-12-10 00:00:00+00:00,2017-12-10,2018-02-25,demand-v2-provisional,provisional
KR,adventure_nature,train,1767,2016-12-18,2017-12-10,2017-12-17 00:00:00+00:00,2017-12-17,2018-03-04,demand-v2-provisional,provisional
KR,adventure_nature,train,1768,2016-12-25,2017-12-17,2017-12-24 00:00:00+00:00,2017-12-24,2018-03-11,demand-v2-provisional,provisional
KR,adventure_nature,train,1769,2017-01-01,2017-12-24,2017-12-31 00:00:00+00:00,2017-12-31,2018-03-18,demand-v2-provisional,provisional
KR,adventure_nature,train,1770,2017-01-08,2017-12-31,2018-01-07 00:00:00+00:00,2018-01-07,2018-03-25,demand-v2-provisional,provisional
KR,adventure_nature,train,1771,2017-01-15,2018-01-07,2018-01-14 00:00:00+00:00,2018-01-14,2018-04-01,demand-v2-provisional,provisional
KR,adventure_nature,train,1772,2017-01-22,2018-01-14,2018-01-21 00:00:00+00:00,2018-01-21,2018-04-08,demand-v2-provisional,provisional
KR,adventure_nature,train,1773,2017-01-29,2018-01-21,2018-01-28 00:00:00+00:00,2018-01-28,2018-04-15,demand-v2-provisional,provisional
KR,adventure_nature,train,1774,2017-02-05,2018-01-28,2018-02-04 00:00:00+00:00,2018-02-04,2018-04-22,demand-v2-provisional,provisional
KR,adventure_nature,train,1775,2017-02-12,2018-02-04,2018-02-11 00:00:00+00:00,2018-02-11,2018-04-29,demand-v2-provisional,provisional
KR,adventure_nature,train,1776,2017-02-19,2018-02-11,2018-02-18 00:00:00+00:00,2018-02-18,2018-05-06,demand-v2-provisional,provisional
KR,adventure_nature,train,1777,2017-02-26,2018-02-18,2018-02-25 00:00:00+00:00,2018-02-25,2018-05-13,demand-v2-provisional,provisional
KR,adventure_nature,train,1778,2017-03-05,2018-02-25,2018-03-04 00:00:00+00:00,2018-03-04,2018-05-20,demand-v2-provisional,provisional
KR,adventure_nature,train,1779,2017-03-12,2018-03-04,2018-03-11 00:00:00+00:00,2018-03-11,2018-05-27,demand-v2-provisional,provisional
KR,adventure_nature,train,1780,2017-03-19,2018-03-11,2018-03-18 00:00:00+00:00,2018-03-18,2018-06-03,demand-v2-provisional,provisional
KR,adventure_nature,train,1781,2017-03-26,2018-03-18,2018-03-25 00:00:00+00:00,2018-03-25,2018-06-10,demand-v2-provisional,provisional
KR,adventure_nature,train,1782,2017-04-02,2018-03-25,2018-04-01 00:00:00+00:00,2018-04-01,2018-06-17,demand-v2-provisional,provisional
KR,adventure_nature,train,1783,2017-04-09,2018-04-01,2018-04-08 00:00:00+00:00,2018-04-08,2018-06-24,demand-v2-provisional,provisional
KR,adventure_nature,train,1784,2017-04-16,2018-04-08,2018-04-15 00:00:00+00:00,2018-04-15,2018-07-01,demand-v2-provisional,provisional
KR,adventure_nature,train,1785,2017-04-23,2018-04-15,2018-04-22 00:00:00+00:00,2018-04-22,2018-07-08,demand-v2-provisional,provisional
KR,adventure_nature,train,1786,2017-04-30,2018-04-22,2018-04-29 00:00:00+00:00,2018-04-29,2018-07-15,demand-v2-provisional,provisional
KR,adventure_nature,train,1787,2017-05-07,2018-04-29,2018-05-06 00:00:00+00:00,2018-05-06,2018-07-22,demand-v2-provisional,provisional
KR,adventure_nature,train,1788,2017-05-14,2018-05-06,2018-05-13 00:00:00+00:00,2018-05-13,2018-07-29,demand-v2-provisional,provisional
KR,adventure_nature,train,1789,2017-05-21,2018-05-13,2018-05-20 00:00:00+00:00,2018-05-20,2018-08-05,demand-v2-provisional,provisional
KR,adventure_nature,train,1790,2017-05-28,2018-05-20,2018-05-27 00:00:00+00:00,2018-05-27,2018-08-12,demand-v2-provisional,provisional
KR,adventure_nature,train,1791,2017-06-04,2018-05-27,2018-06-03 00:00:00+00:00,2018-06-03,2018-08-19,demand-v2-provisional,provisional
KR,adventure_nature,train,1792,2017-06-11,2018-06-03,2018-06-10 00:00:00+00:00,2018-06-10,2018-08-26,demand-v2-provisional,provisional
KR,adventure_nature,train,1793,2017-06-18,2018-06-10,2018-06-17 00:00:00+00:00,2018-06-17,2018-09-02,demand-v2-provisional,provisional
KR,adventure_nature,train,1794,2017-06-25,2018-06-17,2018-06-24 00:00:00+00:00,2018-06-24,2018-09-09,demand-v2-provisional,provisional
KR,adventure_nature,train,1795,2017-07-02,2018-06-24,2018-07-01 00:00:00+00:00,2018-07-01,2018-09-16,demand-v2-provisional,provisional
KR,adventure_nature,train,1796,2017-07-09,2018-07-01,2018-07-08 00:00:00+00:00,2018-07-08,2018-09-23,demand-v2-provisional,provisional
KR,adventure_nature,train,1797,2017-07-16,2018-07-08,2018-07-15 00:00:00+00:00,2018-07-15,2018-09-30,demand-v2-provisional,provisional
KR,adventure_nature,train,1798,2017-07-23,2018-07-15,2018-07-22 00:00:00+00:00,2018-07-22,2018-10-07,demand-v2-provisional,provisional
KR,adventure_nature,train,1799,2017-07-30,2018-07-22,2018-07-29 00:00:00+00:00,2018-07-29,2018-10-14,demand-v2-provisional,provisional
KR,adventure_nature,train,1800,2017-08-06,2018-07-29,2018-08-05 00:00:00+00:00,2018-08-05,2018-10-21,demand-v2-provisional,provisional
KR,adventure_nature,train,1801,2017-08-13,2018-08-05,2018-08-12 00:00:00+00:00,2018-08-12,2018-10-28,demand-v2-provisional,provisional
KR,adventure_nature,train,1802,2017-08-20,2018-08-12,2018-08-19 00:00:00+00:00,2018-08-19,2018-11-04,demand-v2-provisional,provisional
KR,adventure_nature,train,1803,2017-08-27,2018-08-19,2018-08-26 00:00:00+00:00,2018-08-26,2018-11-11,demand-v2-provisional,provisional
KR,adventure_nature,train,1804,2017-09-03,2018-08-26,2018-09-02 00:00:00+00:00,2018-09-02,2018-11-18,demand-v2-provisional,provisional
KR,adventure_nature,train,1805,2017-09-10,2018-09-02,2018-09-09 00:00:00+00:00,2018-09-09,2018-11-25,demand-v2-provisional,provisional
KR,adventure_nature,train,1806,2017-09-17,2018-09-09,2018-09-16 00:00:00+00:00,2018-09-16,2018-12-02,demand-v2-provisional,provisional
KR,adventure_nature,train,1807,2017-09-24,2018-09-16,2018-09-23 00:00:00+00:00,2018-09-23,2018-12-09,demand-v2-provisional,provisional
KR,adventure_nature,train,1808,2017-10-01,2018-09-23,2018-09-30 00:00:00+00:00,2018-09-30,2018-12-16,demand-v2-provisional,provisional
KR,adventure_nature,train,1809,2017-10-08,2018-09-30,2018-10-07 00:00:00+00:00,2018-10-07,2018-12-23,demand-v2-provisional,provisional
KR,adventure_nature,train,1810,2017-10-15,2018-10-07,2018-10-14 00:00:00+00:00,2018-10-14,2018-12-30,demand-v2-provisional,provisional
KR,adventure_nature,train,1811,2017-10-22,2018-10-14,2018-10-21 00:00:00+00:00,2018-10-21,2019-01-06,demand-v2-provisional,provisional
KR,adventure_nature,train,1812,2017-10-29,2018-10-21,2018-10-28 00:00:00+00:00,2018-10-28,2019-01-13,demand-v2-provisional,provisional
KR,adventure_nature,train,1813,2017-11-05,2018-10-28,2018-11-04 00:00:00+00:00,2018-11-04,2019-01-20,demand-v2-provisional,provisional
KR,adventure_nature,train,1814,2017-11-12,2018-11-04,2018-11-11 00:00:00+00:00,2018-11-11,2019-01-27,demand-v2-provisional,provisional
KR,adventure_nature,train,1815,2017-11-19,2018-11-11,2018-11-18 00:00:00+00:00,2018-11-18,2019-02-03,demand-v2-provisional,provisional
KR,adventure_nature,train,1816,2017-11-26,2018-11-18,2018-11-25 00:00:00+00:00,2018-11-25,2019-02-10,demand-v2-provisional,provisional
KR,adventure_nature,train,1817,2017-12-03,2018-11-25,2018-12-02 00:00:00+00:00,2018-12-02,2019-02-17,demand-v2-provisional,provisional
KR,adventure_nature,train,1818,2017-12-10,2018-12-02,2018-12-09 00:00:00+00:00,2018-12-09,2019-02-24,demand-v2-provisional,provisional
KR,adventure_nature,train,1819,2017-12-17,2018-12-09,2018-12-16 00:00:00+00:00,2018-12-16,2019-03-03,demand-v2-provisional,provisional
KR,adventure_nature,train,1820,2017-12-24,2018-12-16,2018-12-23 00:00:00+00:00,2018-12-23,2019-03-10,demand-v2-provisional,provisional
KR,adventure_nature,train,1821,2017-12-31,2018-12-23,2018-12-30 00:00:00+00:00,2018-12-30,2019-03-17,demand-v2-provisional,provisional
KR,adventure_nature,train,1822,2018-01-07,2018-12-30,2019-01-06 00:00:00+00:00,2019-01-06,2019-03-24,demand-v2-provisional,provisional
KR,adventure_nature,train,1823,2018-01-14,2019-01-06,2019-01-13 00:00:00+00:00,2019-01-13,2019-03-31,demand-v2-provisional,provisional
KR,adventure_nature,train,1824,2018-01-21,2019-01-13,2019-01-20 00:00:00+00:00,2019-01-20,2019-04-07,demand-v2-provisional,provisional
KR,adventure_nature,train,1825,2018-01-28,2019-01-20,2019-01-27 00:00:00+00:00,2019-01-27,2019-04-14,demand-v2-provisional,provisional
KR,adventure_nature,train,1826,2018-02-04,2019-01-27,2019-02-03 00:00:00+00:00,2019-02-03,2019-04-21,demand-v2-provisional,provisional
KR,adventure_nature,train,1827,2018-02-11,2019-02-03,2019-02-10 00:00:00+00:00,2019-02-10,2019-04-28,demand-v2-provisional,provisional
KR,adventure_nature,train,1828,2018-02-18,2019-02-10,2019-02-17 00:00:00+00:00,2019-02-17,2019-05-05,demand-v2-provisional,provisional
KR,adventure_nature,train,1829,2018-02-25,2019-02-17,2019-02-24 00:00:00+00:00,2019-02-24,2019-05-12,demand-v2-provisional,provisional
KR,adventure_nature,train,1830,2018-03-04,2019-02-24,2019-03-03 00:00:00+00:00,2019-03-03,2019-05-19,demand-v2-provisional,provisional
KR,adventure_nature,train,1831,2018-03-11,2019-03-03,2019-03-10 00:00:00+00:00,2019-03-10,2019-05-26,demand-v2-provisional,provisional
KR,adventure_nature,train,1832,2018-03-18,2019-03-10,2019-03-17 00:00:00+00:00,2019-03-17,2019-06-02,demand-v2-provisional,provisional
KR,adventure_nature,train,1833,2018-03-25,2019-03-17,2019-03-24 00:00:00+00:00,2019-03-24,2019-06-09,demand-v2-provisional,provisional
KR,adventure_nature,train,1834,2018-04-01,2019-03-24,2019-03-31 00:00:00+00:00,2019-03-31,2019-06-16,demand-v2-provisional,provisional
KR,adventure_nature,train,1835,2018-04-08,2019-03-31,2019-04-07 00:00:00+00:00,2019-04-07,2019-06-23,demand-v2-provisional,provisional
KR,adventure_nature,train,1836,2018-04-15,2019-04-07,2019-04-14 00:00:00+00:00,2019-04-14,2019-06-30,demand-v2-provisional,provisional
KR,adventure_nature,train,1837,2018-04-22,2019-04-14,2019-04-21 00:00:00+00:00,2019-04-21,2019-07-07,demand-v2-provisional,provisional
KR,adventure_nature,train,1838,2018-04-29,2019-04-21,2019-04-28 00:00:00+00:00,2019-04-28,2019-07-14,demand-v2-provisional,provisional
KR,adventure_nature,train,1839,2018-05-06,2019-04-28,2019-05-05 00:00:00+00:00,2019-05-05,2019-07-21,demand-v2-provisional,provisional
KR,adventure_nature,train,1840,2018-05-13,2019-05-05,2019-05-12 00:00:00+00:00,2019-05-12,2019-07-28,demand-v2-provisional,provisional
KR,adventure_nature,train,1841,2018-05-20,2019-05-12,2019-05-19 00:00:00+00:00,2019-05-19,2019-08-04,demand-v2-provisional,provisional
KR,adventure_nature,train,1842,2018-05-27,2019-05-19,2019-05-26 00:00:00+00:00,2019-05-26,2019-08-11,demand-v2-provisional,provisional
KR,adventure_nature,train,1843,2018-06-03,2019-05-26,2019-06-02 00:00:00+00:00,2019-06-02,2019-08-18,demand-v2-provisional,provisional
KR,adventure_nature,train,1844,2018-06-10,2019-06-02,2019-06-09 00:00:00+00:00,2019-06-09,2019-08-25,demand-v2-provisional,provisional
KR,adventure_nature,train,1845,2018-06-17,2019-06-09,2019-06-16 00:00:00+00:00,2019-06-16,2019-09-01,demand-v2-provisional,provisional
KR,adventure_nature,train,1846,2018-06-24,2019-06-16,2019-06-23 00:00:00+00:00,2019-06-23,2019-09-08,demand-v2-provisional,provisional
KR,adventure_nature,train,1847,2018-07-01,2019-06-23,2019-06-30 00:00:00+00:00,2019-06-30,2019-09-15,demand-v2-provisional,provisional
KR,adventure_nature,train,1848,2018-07-08,2019-06-30,2019-07-07 00:00:00+00:00,2019-07-07,2019-09-22,demand-v2-provisional,provisional
KR,adventure_nature,train,1849,2018-07-15,2019-07-07,2019-07-14 00:00:00+00:00,2019-07-14,2019-09-29,demand-v2-provisional,provisional
KR,adventure_nature,train,1850,2018-07-22,2019-07-14,2019-07-21 00:00:00+00:00,2019-07-21,2019-10-06,demand-v2-provisional,provisional
KR,adventure_nature,train,1851,2018-07-29,2019-07-21,2019-07-28 00:00:00+00:00,2019-07-28,2019-10-13,demand-v2-provisional,provisional
KR,adventure_nature,train,1852,2018-08-05,2019-07-28,2019-08-04 00:00:00+00:00,2019-08-04,2019-10-20,demand-v2-provisional,provisional
KR,adventure_nature,train,1853,2018-08-12,2019-08-04,2019-08-11 00:00:00+00:00,2019-08-11,2019-10-27,demand-v2-provisional,provisional
KR,adventure_nature,train,1854,2018-08-19,2019-08-11,2019-08-18 00:00:00+00:00,2019-08-18,2019-11-03,demand-v2-provisional,provisional
KR,adventure_nature,train,1855,2018-08-26,2019-08-18,2019-08-25 00:00:00+00:00,2019-08-25,2019-11-10,demand-v2-provisional,provisional
KR,adventure_nature,train,1856,2018-09-02,2019-08-25,2019-09-01 00:00:00+00:00,2019-09-01,2019-11-17,demand-v2-provisional,provisional
KR,adventure_nature,train,1857,2018-09-09,2019-09-01,2019-09-08 00:00:00+00:00,2019-09-08,2019-11-24,demand-v2-provisional,provisional
KR,adventure_nature,train,1858,2018-09-16,2019-09-08,2019-09-15 00:00:00+00:00,2019-09-15,2019-12-01,demand-v2-provisional,provisional
KR,adventure_nature,train,1859,2018-09-23,2019-09-15,2019-09-22 00:00:00+00:00,2019-09-22,2019-12-08,demand-v2-provisional,provisional
KR,adventure_nature,train,1860,2018-09-30,2019-09-22,2019-09-29 00:00:00+00:00,2019-09-29,2019-12-15,demand-v2-provisional,provisional
KR,adventure_nature,train,1861,2018-10-07,2019-09-29,2019-10-06 00:00:00+00:00,2019-10-06,2019-12-22,demand-v2-provisional,provisional
KR,adventure_nature,train,1862,2023-01-01,2023-12-24,2023-12-31 00:00:00+00:00,2023-12-31,2024-03-17,demand-v2-provisional,provisional
KR,adventure_nature,train,1863,2023-01-08,2023-12-31,2024-01-07 00:00:00+00:00,2024-01-07,2024-03-24,demand-v2-provisional,provisional
KR,adventure_nature,train,1864,2023-01-15,2024-01-07,2024-01-14 00:00:00+00:00,2024-01-14,2024-03-31,demand-v2-provisional,provisional
KR,adventure_nature,train,1865,2023-01-22,2024-01-14,2024-01-21 00:00:00+00:00,2024-01-21,2024-04-07,demand-v2-provisional,provisional
KR,adventure_nature,train,1866,2023-01-29,2024-01-21,2024-01-28 00:00:00+00:00,2024-01-28,2024-04-14,demand-v2-provisional,provisional
KR,adventure_nature,train,1867,2023-02-05,2024-01-28,2024-02-04 00:00:00+00:00,2024-02-04,2024-04-21,demand-v2-provisional,provisional
KR,adventure_nature,train,1868,2023-02-12,2024-02-04,2024-02-11 00:00:00+00:00,2024-02-11,2024-04-28,demand-v2-provisional,provisional
KR,adventure_nature,train,1869,2023-02-19,2024-02-11,2024-02-18 00:00:00+00:00,2024-02-18,2024-05-05,demand-v2-provisional,provisional
KR,adventure_nature,train,1870,2023-02-26,2024-02-18,2024-02-25 00:00:00+00:00,2024-02-25,2024-05-12,demand-v2-provisional,provisional
KR,adventure_nature,train,1871,2023-03-05,2024-02-25,2024-03-03 00:00:00+00:00,2024-03-03,2024-05-19,demand-v2-provisional,provisional
KR,adventure_nature,validation,248,2023-05-28,2024-05-19,2024-05-26 00:00:00+00:00,2024-05-26,2024-08-11,demand-v2-provisional,provisional
KR,adventure_nature,validation,249,2023-06-04,2024-05-26,2024-06-02 00:00:00+00:00,2024-06-02,2024-08-18,demand-v2-provisional,provisional
KR,adventure_nature,validation,250,2023-06-11,2024-06-02,2024-06-09 00:00:00+00:00,2024-06-09,2024-08-25,demand-v2-provisional,provisional
KR,adventure_nature,validation,251,2023-06-18,2024-06-09,2024-06-16 00:00:00+00:00,2024-06-16,2024-09-01,demand-v2-provisional,provisional
KR,adventure_nature,validation,252,2023-06-25,2024-06-16,2024-06-23 00:00:00+00:00,2024-06-23,2024-09-08,demand-v2-provisional,provisional
KR,adventure_nature,validation,253,2023-07-02,2024-06-23,2024-06-30 00:00:00+00:00,2024-06-30,2024-09-15,demand-v2-provisional,provisional
KR,adventure_nature,validation,254,2023-07-09,2024-06-30,2024-07-07 00:00:00+00:00,2024-07-07,2024-09-22,demand-v2-provisional,provisional
KR,adventure_nature,validation,255,2023-07-16,2024-07-07,2024-07-14 00:00:00+00:00,2024-07-14,2024-09-29,demand-v2-provisional,provisional
KR,adventure_nature,validation,256,2023-07-23,2024-07-14,2024-07-21 00:00:00+00:00,2024-07-21,2024-10-06,demand-v2-provisional,provisional
KR,adventure_nature,validation,257,2023-07-30,2024-07-21,2024-07-28 00:00:00+00:00,2024-07-28,2024-10-13,demand-v2-provisional,provisional
KR,adventure_nature,validation,258,2023-08-06,2024-07-28,2024-08-04 00:00:00+00:00,2024-08-04,2024-10-20,demand-v2-provisional,provisional
KR,adventure_nature,validation,259,2023-08-13,2024-08-04,2024-08-11 00:00:00+00:00,2024-08-11,2024-10-27,demand-v2-provisional,provisional
KR,adventure_nature,validation,260,2023-08-20,2024-08-11,2024-08-18 00:00:00+00:00,2024-08-18,2024-11-03,demand-v2-provisional,provisional
KR,adventure_nature,validation,261,2023-08-27,2024-08-18,2024-08-25 00:00:00+00:00,2024-08-25,2024-11-10,demand-v2-provisional,provisional
KR,adventure_nature,validation,262,2023-09-03,2024-08-25,2024-09-01 00:00:00+00:00,2024-09-01,2024-11-17,demand-v2-provisional,provisional
KR,adventure_nature,validation,263,2023-09-10,2024-09-01,2024-09-08 00:00:00+00:00,2024-09-08,2024-11-24,demand-v2-provisional,provisional
KR,adventure_nature,validation,264,2023-09-17,2024-09-08,2024-09-15 00:00:00+00:00,2024-09-15,2024-12-01,demand-v2-provisional,provisional
KR,adventure_nature,validation,265,2023-09-24,2024-09-15,2024-09-22 00:00:00+00:00,2024-09-22,2024-12-08,demand-v2-provisional,provisional
KR,adventure_nature,validation,266,2023-10-01,2024-09-22,2024-09-29 00:00:00+00:00,2024-09-29,2024-12-15,demand-v2-provisional,provisional
KR,adventure_nature,validation,267,2023-10-08,2024-09-29,2024-10-06 00:00:00+00:00,2024-10-06,2024-12-22,demand-v2-provisional,provisional
KR,adventure_nature,validation,268,2023-10-15,2024-10-06,2024-10-13 00:00:00+00:00,2024-10-13,2024-12-29,demand-v2-provisional,provisional
KR,adventure_nature,validation,269,2023-10-22,2024-10-13,2024-10-20 00:00:00+00:00,2024-10-20,2025-01-05,demand-v2-provisional,provisional
KR,adventure_nature,validation,270,2023-10-29,2024-10-20,2024-10-27 00:00:00+00:00,2024-10-27,2025-01-12,demand-v2-provisional,provisional
KR,adventure_nature,validation,271,2023-11-05,2024-10-27,2024-11-03 00:00:00+00:00,2024-11-03,2025-01-19,demand-v2-provisional,provisional
KR,adventure_nature,validation,272,2023-11-12,2024-11-03,2024-11-10 00:00:00+00:00,2024-11-10,2025-01-26,demand-v2-provisional,provisional
KR,adventure_nature,validation,273,2023-11-19,2024-11-10,2024-11-17 00:00:00+00:00,2024-11-17,2025-02-02,demand-v2-provisional,provisional
KR,adventure_nature,validation,274,2023-11-26,2024-11-17,2024-11-24 00:00:00+00:00,2024-11-24,2025-02-09,demand-v2-provisional,provisional
KR,adventure_nature,validation,275,2023-12-03,2024-11-24,2024-12-01 00:00:00+00:00,2024-12-01,2025-02-16,demand-v2-provisional,provisional
KR,adventure_nature,validation,276,2023-12-10,2024-12-01,2024-12-08 00:00:00+00:00,2024-12-08,2025-02-23,demand-v2-provisional,provisional
KR,adventure_nature,validation,277,2023-12-17,2024-12-08,2024-12-15 00:00:00+00:00,2024-12-15,2025-03-02,demand-v2-provisional,provisional
KR,adventure_nature,validation,278,2023-12-24,2024-12-15,2024-12-22 00:00:00+00:00,2024-12-22,2025-03-09,demand-v2-provisional,provisional
KR,adventure_nature,test,248,2024-03-17,2025-03-09,2025-03-16 00:00:00+00:00,2025-03-16,2025-06-01,demand-v2-provisional,provisional
KR,adventure_nature,test,249,2024-03-24,2025-03-16,2025-03-23 00:00:00+00:00,2025-03-23,2025-06-08,demand-v2-provisional,provisional
KR,adventure_nature,test,250,2024-03-31,2025-03-23,2025-03-30 00:00:00+00:00,2025-03-30,2025-06-15,demand-v2-provisional,provisional
KR,adventure_nature,test,251,2024-04-07,2025-03-30,2025-04-06 00:00:00+00:00,2025-04-06,2025-06-22,demand-v2-provisional,provisional
KR,adventure_nature,test,252,2024-04-14,2025-04-06,2025-04-13 00:00:00+00:00,2025-04-13,2025-06-29,demand-v2-provisional,provisional
KR,adventure_nature,test,253,2024-04-21,2025-04-13,2025-04-20 00:00:00+00:00,2025-04-20,2025-07-06,demand-v2-provisional,provisional
KR,adventure_nature,test,254,2024-04-28,2025-04-20,2025-04-27 00:00:00+00:00,2025-04-27,2025-07-13,demand-v2-provisional,provisional
KR,adventure_nature,test,255,2024-05-05,2025-04-27,2025-05-04 00:00:00+00:00,2025-05-04,2025-07-20,demand-v2-provisional,provisional
KR,adventure_nature,test,256,2024-05-12,2025-05-04,2025-05-11 00:00:00+00:00,2025-05-11,2025-07-27,demand-v2-provisional,provisional
KR,adventure_nature,test,257,2024-05-19,2025-05-11,2025-05-18 00:00:00+00:00,2025-05-18,2025-08-03,demand-v2-provisional,provisional
KR,adventure_nature,test,258,2024-05-26,2025-05-18,2025-05-25 00:00:00+00:00,2025-05-25,2025-08-10,demand-v2-provisional,provisional
KR,adventure_nature,test,259,2024-06-02,2025-05-25,2025-06-01 00:00:00+00:00,2025-06-01,2025-08-17,demand-v2-provisional,provisional
KR,adventure_nature,test,260,2024-06-09,2025-06-01,2025-06-08 00:00:00+00:00,2025-06-08,2025-08-24,demand-v2-provisional,provisional
KR,adventure_nature,test,261,2024-06-16,2025-06-08,2025-06-15 00:00:00+00:00,2025-06-15,2025-08-31,demand-v2-provisional,provisional
KR,adventure_nature,test,262,2024-06-23,2025-06-15,2025-06-22 00:00:00+00:00,2025-06-22,2025-09-07,demand-v2-provisional,provisional
KR,adventure_nature,test,263,2024-06-30,2025-06-22,2025-06-29 00:00:00+00:00,2025-06-29,2025-09-14,demand-v2-provisional,provisional
KR,adventure_nature,test,264,2024-07-07,2025-06-29,2025-07-06 00:00:00+00:00,2025-07-06,2025-09-21,demand-v2-provisional,provisional
KR,adventure_nature,test,265,2024-07-14,2025-07-06,2025-07-13 00:00:00+00:00,2025-07-13,2025-09-28,demand-v2-provisional,provisional
KR,adventure_nature,test,266,2024-07-21,2025-07-13,2025-07-20 00:00:00+00:00,2025-07-20,2025-10-05,demand-v2-provisional,provisional
KR,adventure_nature,test,267,2024-07-28,2025-07-20,2025-07-27 00:00:00+00:00,2025-07-27,2025-10-12,demand-v2-provisional,provisional
KR,adventure_nature,test,268,2024-08-04,2025-07-27,2025-08-03 00:00:00+00:00,2025-08-03,2025-10-19,demand-v2-provisional,provisional
KR,adventure_nature,test,269,2024-08-11,2025-08-03,2025-08-10 00:00:00+00:00,2025-08-10,2025-10-26,demand-v2-provisional,provisional
KR,adventure_nature,test,270,2024-08-18,2025-08-10,2025-08-17 00:00:00+00:00,2025-08-17,2025-11-02,demand-v2-provisional,provisional
KR,adventure_nature,test,271,2024-08-25,2025-08-17,2025-08-24 00:00:00+00:00,2025-08-24,2025-11-09,demand-v2-provisional,provisional
KR,adventure_nature,test,272,2024-09-01,2025-08-24,2025-08-31 00:00:00+00:00,2025-08-31,2025-11-16,demand-v2-provisional,provisional
KR,adventure_nature,test,273,2024-09-08,2025-08-31,2025-09-07 00:00:00+00:00,2025-09-07,2025-11-23,demand-v2-provisional,provisional
KR,adventure_nature,test,274,2024-09-15,2025-09-07,2025-09-14 00:00:00+00:00,2025-09-14,2025-11-30,demand-v2-provisional,provisional
KR,adventure_nature,test,275,2024-09-22,2025-09-14,2025-09-21 00:00:00+00:00,2025-09-21,2025-12-07,demand-v2-provisional,provisional
KR,adventure_nature,test,276,2024-09-29,2025-09-21,2025-09-28 00:00:00+00:00,2025-09-28,2025-12-14,demand-v2-provisional,provisional
KR,adventure_nature,test,277,2024-10-06,2025-09-28,2025-10-05 00:00:00+00:00,2025-10-05,2025-12-21,demand-v2-provisional,provisional
KR,adventure_nature,test,278,2024-10-13,2025-10-05,2025-10-12 00:00:00+00:00,2025-10-12,2025-12-28,demand-v2-provisional,provisional
KR,coastal_island,train,1872,2014-12-28,2015-12-20,2015-12-27 00:00:00+00:00,2015-12-27,2016-03-13,demand-v2-provisional,provisional
KR,coastal_island,train,1873,2015-01-04,2015-12-27,2016-01-03 00:00:00+00:00,2016-01-03,2016-03-20,demand-v2-provisional,provisional
KR,coastal_island,train,1874,2015-01-11,2016-01-03,2016-01-10 00:00:00+00:00,2016-01-10,2016-03-27,demand-v2-provisional,provisional
KR,coastal_island,train,1875,2015-01-18,2016-01-10,2016-01-17 00:00:00+00:00,2016-01-17,2016-04-03,demand-v2-provisional,provisional
KR,coastal_island,train,1876,2015-01-25,2016-01-17,2016-01-24 00:00:00+00:00,2016-01-24,2016-04-10,demand-v2-provisional,provisional
KR,coastal_island,train,1877,2015-02-01,2016-01-24,2016-01-31 00:00:00+00:00,2016-01-31,2016-04-17,demand-v2-provisional,provisional
KR,coastal_island,train,1878,2015-02-08,2016-01-31,2016-02-07 00:00:00+00:00,2016-02-07,2016-04-24,demand-v2-provisional,provisional
KR,coastal_island,train,1879,2015-02-15,2016-02-07,2016-02-14 00:00:00+00:00,2016-02-14,2016-05-01,demand-v2-provisional,provisional
KR,coastal_island,train,1880,2015-02-22,2016-02-14,2016-02-21 00:00:00+00:00,2016-02-21,2016-05-08,demand-v2-provisional,provisional
KR,coastal_island,train,1881,2015-03-01,2016-02-21,2016-02-28 00:00:00+00:00,2016-02-28,2016-05-15,demand-v2-provisional,provisional
KR,coastal_island,train,1882,2015-03-08,2016-02-28,2016-03-06 00:00:00+00:00,2016-03-06,2016-05-22,demand-v2-provisional,provisional
KR,coastal_island,train,1883,2015-03-15,2016-03-06,2016-03-13 00:00:00+00:00,2016-03-13,2016-05-29,demand-v2-provisional,provisional
KR,coastal_island,train,1884,2015-03-22,2016-03-13,2016-03-20 00:00:00+00:00,2016-03-20,2016-06-05,demand-v2-provisional,provisional
KR,coastal_island,train,1885,2015-03-29,2016-03-20,2016-03-27 00:00:00+00:00,2016-03-27,2016-06-12,demand-v2-provisional,provisional
KR,coastal_island,train,1886,2015-04-05,2016-03-27,2016-04-03 00:00:00+00:00,2016-04-03,2016-06-19,demand-v2-provisional,provisional
KR,coastal_island,train,1887,2015-04-12,2016-04-03,2016-04-10 00:00:00+00:00,2016-04-10,2016-06-26,demand-v2-provisional,provisional
KR,coastal_island,train,1888,2015-04-19,2016-04-10,2016-04-17 00:00:00+00:00,2016-04-17,2016-07-03,demand-v2-provisional,provisional
KR,coastal_island,train,1889,2015-04-26,2016-04-17,2016-04-24 00:00:00+00:00,2016-04-24,2016-07-10,demand-v2-provisional,provisional
KR,coastal_island,train,1890,2015-05-03,2016-04-24,2016-05-01 00:00:00+00:00,2016-05-01,2016-07-17,demand-v2-provisional,provisional
KR,coastal_island,train,1891,2015-05-10,2016-05-01,2016-05-08 00:00:00+00:00,2016-05-08,2016-07-24,demand-v2-provisional,provisional
KR,coastal_island,train,1892,2015-05-17,2016-05-08,2016-05-15 00:00:00+00:00,2016-05-15,2016-07-31,demand-v2-provisional,provisional
KR,coastal_island,train,1893,2015-05-24,2016-05-15,2016-05-22 00:00:00+00:00,2016-05-22,2016-08-07,demand-v2-provisional,provisional
KR,coastal_island,train,1894,2015-05-31,2016-05-22,2016-05-29 00:00:00+00:00,2016-05-29,2016-08-14,demand-v2-provisional,provisional
KR,coastal_island,train,1895,2015-06-07,2016-05-29,2016-06-05 00:00:00+00:00,2016-06-05,2016-08-21,demand-v2-provisional,provisional
KR,coastal_island,train,1896,2015-06-14,2016-06-05,2016-06-12 00:00:00+00:00,2016-06-12,2016-08-28,demand-v2-provisional,provisional
KR,coastal_island,train,1897,2015-06-21,2016-06-12,2016-06-19 00:00:00+00:00,2016-06-19,2016-09-04,demand-v2-provisional,provisional
KR,coastal_island,train,1898,2015-06-28,2016-06-19,2016-06-26 00:00:00+00:00,2016-06-26,2016-09-11,demand-v2-provisional,provisional
KR,coastal_island,train,1899,2015-07-05,2016-06-26,2016-07-03 00:00:00+00:00,2016-07-03,2016-09-18,demand-v2-provisional,provisional
KR,coastal_island,train,1900,2015-07-12,2016-07-03,2016-07-10 00:00:00+00:00,2016-07-10,2016-09-25,demand-v2-provisional,provisional
KR,coastal_island,train,1901,2015-07-19,2016-07-10,2016-07-17 00:00:00+00:00,2016-07-17,2016-10-02,demand-v2-provisional,provisional
KR,coastal_island,train,1902,2015-07-26,2016-07-17,2016-07-24 00:00:00+00:00,2016-07-24,2016-10-09,demand-v2-provisional,provisional
KR,coastal_island,train,1903,2015-08-02,2016-07-24,2016-07-31 00:00:00+00:00,2016-07-31,2016-10-16,demand-v2-provisional,provisional
KR,coastal_island,train,1904,2015-08-09,2016-07-31,2016-08-07 00:00:00+00:00,2016-08-07,2016-10-23,demand-v2-provisional,provisional
KR,coastal_island,train,1905,2015-08-16,2016-08-07,2016-08-14 00:00:00+00:00,2016-08-14,2016-10-30,demand-v2-provisional,provisional
KR,coastal_island,train,1906,2015-08-23,2016-08-14,2016-08-21 00:00:00+00:00,2016-08-21,2016-11-06,demand-v2-provisional,provisional
KR,coastal_island,train,1907,2015-08-30,2016-08-21,2016-08-28 00:00:00+00:00,2016-08-28,2016-11-13,demand-v2-provisional,provisional
KR,coastal_island,train,1908,2015-09-06,2016-08-28,2016-09-04 00:00:00+00:00,2016-09-04,2016-11-20,demand-v2-provisional,provisional
KR,coastal_island,train,1909,2015-09-13,2016-09-04,2016-09-11 00:00:00+00:00,2016-09-11,2016-11-27,demand-v2-provisional,provisional
KR,coastal_island,train,1910,2015-09-20,2016-09-11,2016-09-18 00:00:00+00:00,2016-09-18,2016-12-04,demand-v2-provisional,provisional
KR,coastal_island,train,1911,2015-09-27,2016-09-18,2016-09-25 00:00:00+00:00,2016-09-25,2016-12-11,demand-v2-provisional,provisional
KR,coastal_island,train,1912,2015-10-04,2016-09-25,2016-10-02 00:00:00+00:00,2016-10-02,2016-12-18,demand-v2-provisional,provisional
KR,coastal_island,train,1913,2015-10-11,2016-10-02,2016-10-09 00:00:00+00:00,2016-10-09,2016-12-25,demand-v2-provisional,provisional
KR,coastal_island,train,1914,2015-10-18,2016-10-09,2016-10-16 00:00:00+00:00,2016-10-16,2017-01-01,demand-v2-provisional,provisional
KR,coastal_island,train,1915,2015-10-25,2016-10-16,2016-10-23 00:00:00+00:00,2016-10-23,2017-01-08,demand-v2-provisional,provisional
KR,coastal_island,train,1916,2015-11-01,2016-10-23,2016-10-30 00:00:00+00:00,2016-10-30,2017-01-15,demand-v2-provisional,provisional
KR,coastal_island,train,1917,2015-11-08,2016-10-30,2016-11-06 00:00:00+00:00,2016-11-06,2017-01-22,demand-v2-provisional,provisional
KR,coastal_island,train,1918,2015-11-15,2016-11-06,2016-11-13 00:00:00+00:00,2016-11-13,2017-01-29,demand-v2-provisional,provisional
KR,coastal_island,train,1919,2015-11-22,2016-11-13,2016-11-20 00:00:00+00:00,2016-11-20,2017-02-05,demand-v2-provisional,provisional
KR,coastal_island,train,1920,2015-11-29,2016-11-20,2016-11-27 00:00:00+00:00,2016-11-27,2017-02-12,demand-v2-provisional,provisional
KR,coastal_island,train,1921,2015-12-06,2016-11-27,2016-12-04 00:00:00+00:00,2016-12-04,2017-02-19,demand-v2-provisional,provisional
KR,coastal_island,train,1922,2015-12-13,2016-12-04,2016-12-11 00:00:00+00:00,2016-12-11,2017-02-26,demand-v2-provisional,provisional
KR,coastal_island,train,1923,2015-12-20,2016-12-11,2016-12-18 00:00:00+00:00,2016-12-18,2017-03-05,demand-v2-provisional,provisional
KR,coastal_island,train,1924,2015-12-27,2016-12-18,2016-12-25 00:00:00+00:00,2016-12-25,2017-03-12,demand-v2-provisional,provisional
KR,coastal_island,train,1925,2016-01-03,2016-12-25,2017-01-01 00:00:00+00:00,2017-01-01,2017-03-19,demand-v2-provisional,provisional
KR,coastal_island,train,1926,2016-01-10,2017-01-01,2017-01-08 00:00:00+00:00,2017-01-08,2017-03-26,demand-v2-provisional,provisional
KR,coastal_island,train,1927,2016-01-17,2017-01-08,2017-01-15 00:00:00+00:00,2017-01-15,2017-04-02,demand-v2-provisional,provisional
KR,coastal_island,train,1928,2016-01-24,2017-01-15,2017-01-22 00:00:00+00:00,2017-01-22,2017-04-09,demand-v2-provisional,provisional
KR,coastal_island,train,1929,2016-01-31,2017-01-22,2017-01-29 00:00:00+00:00,2017-01-29,2017-04-16,demand-v2-provisional,provisional
KR,coastal_island,train,1930,2016-02-07,2017-01-29,2017-02-05 00:00:00+00:00,2017-02-05,2017-04-23,demand-v2-provisional,provisional
KR,coastal_island,train,1931,2016-02-14,2017-02-05,2017-02-12 00:00:00+00:00,2017-02-12,2017-04-30,demand-v2-provisional,provisional
KR,coastal_island,train,1932,2016-02-21,2017-02-12,2017-02-19 00:00:00+00:00,2017-02-19,2017-05-07,demand-v2-provisional,provisional
KR,coastal_island,train,1933,2016-02-28,2017-02-19,2017-02-26 00:00:00+00:00,2017-02-26,2017-05-14,demand-v2-provisional,provisional
KR,coastal_island,train,1934,2016-03-06,2017-02-26,2017-03-05 00:00:00+00:00,2017-03-05,2017-05-21,demand-v2-provisional,provisional
KR,coastal_island,train,1935,2016-03-13,2017-03-05,2017-03-12 00:00:00+00:00,2017-03-12,2017-05-28,demand-v2-provisional,provisional
KR,coastal_island,train,1936,2016-03-20,2017-03-12,2017-03-19 00:00:00+00:00,2017-03-19,2017-06-04,demand-v2-provisional,provisional
KR,coastal_island,train,1937,2016-03-27,2017-03-19,2017-03-26 00:00:00+00:00,2017-03-26,2017-06-11,demand-v2-provisional,provisional
KR,coastal_island,train,1938,2016-04-03,2017-03-26,2017-04-02 00:00:00+00:00,2017-04-02,2017-06-18,demand-v2-provisional,provisional
KR,coastal_island,train,1939,2016-04-10,2017-04-02,2017-04-09 00:00:00+00:00,2017-04-09,2017-06-25,demand-v2-provisional,provisional
KR,coastal_island,train,1940,2016-04-17,2017-04-09,2017-04-16 00:00:00+00:00,2017-04-16,2017-07-02,demand-v2-provisional,provisional
KR,coastal_island,train,1941,2016-04-24,2017-04-16,2017-04-23 00:00:00+00:00,2017-04-23,2017-07-09,demand-v2-provisional,provisional
KR,coastal_island,train,1942,2016-05-01,2017-04-23,2017-04-30 00:00:00+00:00,2017-04-30,2017-07-16,demand-v2-provisional,provisional
KR,coastal_island,train,1943,2016-05-08,2017-04-30,2017-05-07 00:00:00+00:00,2017-05-07,2017-07-23,demand-v2-provisional,provisional
KR,coastal_island,train,1944,2016-05-15,2017-05-07,2017-05-14 00:00:00+00:00,2017-05-14,2017-07-30,demand-v2-provisional,provisional
KR,coastal_island,train,1945,2016-05-22,2017-05-14,2017-05-21 00:00:00+00:00,2017-05-21,2017-08-06,demand-v2-provisional,provisional
KR,coastal_island,train,1946,2016-05-29,2017-05-21,2017-05-28 00:00:00+00:00,2017-05-28,2017-08-13,demand-v2-provisional,provisional
KR,coastal_island,train,1947,2016-06-05,2017-05-28,2017-06-04 00:00:00+00:00,2017-06-04,2017-08-20,demand-v2-provisional,provisional
KR,coastal_island,train,1948,2016-06-12,2017-06-04,2017-06-11 00:00:00+00:00,2017-06-11,2017-08-27,demand-v2-provisional,provisional
KR,coastal_island,train,1949,2016-06-19,2017-06-11,2017-06-18 00:00:00+00:00,2017-06-18,2017-09-03,demand-v2-provisional,provisional
KR,coastal_island,train,1950,2016-06-26,2017-06-18,2017-06-25 00:00:00+00:00,2017-06-25,2017-09-10,demand-v2-provisional,provisional
KR,coastal_island,train,1951,2016-07-03,2017-06-25,2017-07-02 00:00:00+00:00,2017-07-02,2017-09-17,demand-v2-provisional,provisional
KR,coastal_island,train,1952,2016-07-10,2017-07-02,2017-07-09 00:00:00+00:00,2017-07-09,2017-09-24,demand-v2-provisional,provisional
KR,coastal_island,train,1953,2016-07-17,2017-07-09,2017-07-16 00:00:00+00:00,2017-07-16,2017-10-01,demand-v2-provisional,provisional
KR,coastal_island,train,1954,2016-07-24,2017-07-16,2017-07-23 00:00:00+00:00,2017-07-23,2017-10-08,demand-v2-provisional,provisional
KR,coastal_island,train,1955,2016-07-31,2017-07-23,2017-07-30 00:00:00+00:00,2017-07-30,2017-10-15,demand-v2-provisional,provisional
KR,coastal_island,train,1956,2016-08-07,2017-07-30,2017-08-06 00:00:00+00:00,2017-08-06,2017-10-22,demand-v2-provisional,provisional
KR,coastal_island,train,1957,2016-08-14,2017-08-06,2017-08-13 00:00:00+00:00,2017-08-13,2017-10-29,demand-v2-provisional,provisional
KR,coastal_island,train,1958,2016-08-21,2017-08-13,2017-08-20 00:00:00+00:00,2017-08-20,2017-11-05,demand-v2-provisional,provisional
KR,coastal_island,train,1959,2016-08-28,2017-08-20,2017-08-27 00:00:00+00:00,2017-08-27,2017-11-12,demand-v2-provisional,provisional
KR,coastal_island,train,1960,2016-09-04,2017-08-27,2017-09-03 00:00:00+00:00,2017-09-03,2017-11-19,demand-v2-provisional,provisional
KR,coastal_island,train,1961,2016-09-11,2017-09-03,2017-09-10 00:00:00+00:00,2017-09-10,2017-11-26,demand-v2-provisional,provisional
KR,coastal_island,train,1962,2016-09-18,2017-09-10,2017-09-17 00:00:00+00:00,2017-09-17,2017-12-03,demand-v2-provisional,provisional
KR,coastal_island,train,1963,2016-09-25,2017-09-17,2017-09-24 00:00:00+00:00,2017-09-24,2017-12-10,demand-v2-provisional,provisional
KR,coastal_island,train,1964,2016-10-02,2017-09-24,2017-10-01 00:00:00+00:00,2017-10-01,2017-12-17,demand-v2-provisional,provisional
KR,coastal_island,train,1965,2016-10-09,2017-10-01,2017-10-08 00:00:00+00:00,2017-10-08,2017-12-24,demand-v2-provisional,provisional
KR,coastal_island,train,1966,2016-10-16,2017-10-08,2017-10-15 00:00:00+00:00,2017-10-15,2017-12-31,demand-v2-provisional,provisional
KR,coastal_island,train,1967,2016-10-23,2017-10-15,2017-10-22 00:00:00+00:00,2017-10-22,2018-01-07,demand-v2-provisional,provisional
KR,coastal_island,train,1968,2016-10-30,2017-10-22,2017-10-29 00:00:00+00:00,2017-10-29,2018-01-14,demand-v2-provisional,provisional
KR,coastal_island,train,1969,2016-11-06,2017-10-29,2017-11-05 00:00:00+00:00,2017-11-05,2018-01-21,demand-v2-provisional,provisional
KR,coastal_island,train,1970,2016-11-13,2017-11-05,2017-11-12 00:00:00+00:00,2017-11-12,2018-01-28,demand-v2-provisional,provisional
KR,coastal_island,train,1971,2016-11-20,2017-11-12,2017-11-19 00:00:00+00:00,2017-11-19,2018-02-04,demand-v2-provisional,provisional
KR,coastal_island,train,1972,2016-11-27,2017-11-19,2017-11-26 00:00:00+00:00,2017-11-26,2018-02-11,demand-v2-provisional,provisional
KR,coastal_island,train,1973,2016-12-04,2017-11-26,2017-12-03 00:00:00+00:00,2017-12-03,2018-02-18,demand-v2-provisional,provisional
KR,coastal_island,train,1974,2016-12-11,2017-12-03,2017-12-10 00:00:00+00:00,2017-12-10,2018-02-25,demand-v2-provisional,provisional
KR,coastal_island,train,1975,2016-12-18,2017-12-10,2017-12-17 00:00:00+00:00,2017-12-17,2018-03-04,demand-v2-provisional,provisional
KR,coastal_island,train,1976,2016-12-25,2017-12-17,2017-12-24 00:00:00+00:00,2017-12-24,2018-03-11,demand-v2-provisional,provisional
KR,coastal_island,train,1977,2017-01-01,2017-12-24,2017-12-31 00:00:00+00:00,2017-12-31,2018-03-18,demand-v2-provisional,provisional
KR,coastal_island,train,1978,2017-01-08,2017-12-31,2018-01-07 00:00:00+00:00,2018-01-07,2018-03-25,demand-v2-provisional,provisional
KR,coastal_island,train,1979,2017-01-15,2018-01-07,2018-01-14 00:00:00+00:00,2018-01-14,2018-04-01,demand-v2-provisional,provisional
KR,coastal_island,train,1980,2017-01-22,2018-01-14,2018-01-21 00:00:00+00:00,2018-01-21,2018-04-08,demand-v2-provisional,provisional
KR,coastal_island,train,1981,2017-01-29,2018-01-21,2018-01-28 00:00:00+00:00,2018-01-28,2018-04-15,demand-v2-provisional,provisional
KR,coastal_island,train,1982,2017-02-05,2018-01-28,2018-02-04 00:00:00+00:00,2018-02-04,2018-04-22,demand-v2-provisional,provisional
KR,coastal_island,train,1983,2017-02-12,2018-02-04,2018-02-11 00:00:00+00:00,2018-02-11,2018-04-29,demand-v2-provisional,provisional
KR,coastal_island,train,1984,2017-02-19,2018-02-11,2018-02-18 00:00:00+00:00,2018-02-18,2018-05-06,demand-v2-provisional,provisional
KR,coastal_island,train,1985,2017-02-26,2018-02-18,2018-02-25 00:00:00+00:00,2018-02-25,2018-05-13,demand-v2-provisional,provisional
KR,coastal_island,train,1986,2017-03-05,2018-02-25,2018-03-04 00:00:00+00:00,2018-03-04,2018-05-20,demand-v2-provisional,provisional
KR,coastal_island,train,1987,2017-03-12,2018-03-04,2018-03-11 00:00:00+00:00,2018-03-11,2018-05-27,demand-v2-provisional,provisional
KR,coastal_island,train,1988,2017-03-19,2018-03-11,2018-03-18 00:00:00+00:00,2018-03-18,2018-06-03,demand-v2-provisional,provisional
KR,coastal_island,train,1989,2017-03-26,2018-03-18,2018-03-25 00:00:00+00:00,2018-03-25,2018-06-10,demand-v2-provisional,provisional
KR,coastal_island,train,1990,2017-04-02,2018-03-25,2018-04-01 00:00:00+00:00,2018-04-01,2018-06-17,demand-v2-provisional,provisional
KR,coastal_island,train,1991,2017-04-09,2018-04-01,2018-04-08 00:00:00+00:00,2018-04-08,2018-06-24,demand-v2-provisional,provisional
KR,coastal_island,train,1992,2017-04-16,2018-04-08,2018-04-15 00:00:00+00:00,2018-04-15,2018-07-01,demand-v2-provisional,provisional
KR,coastal_island,train,1993,2017-04-23,2018-04-15,2018-04-22 00:00:00+00:00,2018-04-22,2018-07-08,demand-v2-provisional,provisional
KR,coastal_island,train,1994,2017-04-30,2018-04-22,2018-04-29 00:00:00+00:00,2018-04-29,2018-07-15,demand-v2-provisional,provisional
KR,coastal_island,train,1995,2017-05-07,2018-04-29,2018-05-06 00:00:00+00:00,2018-05-06,2018-07-22,demand-v2-provisional,provisional
KR,coastal_island,train,1996,2017-05-14,2018-05-06,2018-05-13 00:00:00+00:00,2018-05-13,2018-07-29,demand-v2-provisional,provisional
KR,coastal_island,train,1997,2017-05-21,2018-05-13,2018-05-20 00:00:00+00:00,2018-05-20,2018-08-05,demand-v2-provisional,provisional
KR,coastal_island,train,1998,2017-05-28,2018-05-20,2018-05-27 00:00:00+00:00,2018-05-27,2018-08-12,demand-v2-provisional,provisional
KR,coastal_island,train,1999,2017-06-04,2018-05-27,2018-06-03 00:00:00+00:00,2018-06-03,2018-08-19,demand-v2-provisional,provisional
KR,coastal_island,train,2000,2017-06-11,2018-06-03,2018-06-10 00:00:00+00:00,2018-06-10,2018-08-26,demand-v2-provisional,provisional
KR,coastal_island,train,2001,2017-06-18,2018-06-10,2018-06-17 00:00:00+00:00,2018-06-17,2018-09-02,demand-v2-provisional,provisional
KR,coastal_island,train,2002,2017-06-25,2018-06-17,2018-06-24 00:00:00+00:00,2018-06-24,2018-09-09,demand-v2-provisional,provisional
KR,coastal_island,train,2003,2017-07-02,2018-06-24,2018-07-01 00:00:00+00:00,2018-07-01,2018-09-16,demand-v2-provisional,provisional
KR,coastal_island,train,2004,2017-07-09,2018-07-01,2018-07-08 00:00:00+00:00,2018-07-08,2018-09-23,demand-v2-provisional,provisional
KR,coastal_island,train,2005,2017-07-16,2018-07-08,2018-07-15 00:00:00+00:00,2018-07-15,2018-09-30,demand-v2-provisional,provisional
KR,coastal_island,train,2006,2017-07-23,2018-07-15,2018-07-22 00:00:00+00:00,2018-07-22,2018-10-07,demand-v2-provisional,provisional
KR,coastal_island,train,2007,2017-07-30,2018-07-22,2018-07-29 00:00:00+00:00,2018-07-29,2018-10-14,demand-v2-provisional,provisional
KR,coastal_island,train,2008,2017-08-06,2018-07-29,2018-08-05 00:00:00+00:00,2018-08-05,2018-10-21,demand-v2-provisional,provisional
KR,coastal_island,train,2009,2017-08-13,2018-08-05,2018-08-12 00:00:00+00:00,2018-08-12,2018-10-28,demand-v2-provisional,provisional
KR,coastal_island,train,2010,2017-08-20,2018-08-12,2018-08-19 00:00:00+00:00,2018-08-19,2018-11-04,demand-v2-provisional,provisional
KR,coastal_island,train,2011,2017-08-27,2018-08-19,2018-08-26 00:00:00+00:00,2018-08-26,2018-11-11,demand-v2-provisional,provisional
KR,coastal_island,train,2012,2017-09-03,2018-08-26,2018-09-02 00:00:00+00:00,2018-09-02,2018-11-18,demand-v2-provisional,provisional
KR,coastal_island,train,2013,2017-09-10,2018-09-02,2018-09-09 00:00:00+00:00,2018-09-09,2018-11-25,demand-v2-provisional,provisional
KR,coastal_island,train,2014,2017-09-17,2018-09-09,2018-09-16 00:00:00+00:00,2018-09-16,2018-12-02,demand-v2-provisional,provisional
KR,coastal_island,train,2015,2017-09-24,2018-09-16,2018-09-23 00:00:00+00:00,2018-09-23,2018-12-09,demand-v2-provisional,provisional
KR,coastal_island,train,2016,2017-10-01,2018-09-23,2018-09-30 00:00:00+00:00,2018-09-30,2018-12-16,demand-v2-provisional,provisional
KR,coastal_island,train,2017,2017-10-08,2018-09-30,2018-10-07 00:00:00+00:00,2018-10-07,2018-12-23,demand-v2-provisional,provisional
KR,coastal_island,train,2018,2017-10-15,2018-10-07,2018-10-14 00:00:00+00:00,2018-10-14,2018-12-30,demand-v2-provisional,provisional
KR,coastal_island,train,2019,2017-10-22,2018-10-14,2018-10-21 00:00:00+00:00,2018-10-21,2019-01-06,demand-v2-provisional,provisional
KR,coastal_island,train,2020,2017-10-29,2018-10-21,2018-10-28 00:00:00+00:00,2018-10-28,2019-01-13,demand-v2-provisional,provisional
KR,coastal_island,train,2021,2017-11-05,2018-10-28,2018-11-04 00:00:00+00:00,2018-11-04,2019-01-20,demand-v2-provisional,provisional
KR,coastal_island,train,2022,2017-11-12,2018-11-04,2018-11-11 00:00:00+00:00,2018-11-11,2019-01-27,demand-v2-provisional,provisional
KR,coastal_island,train,2023,2017-11-19,2018-11-11,2018-11-18 00:00:00+00:00,2018-11-18,2019-02-03,demand-v2-provisional,provisional
KR,coastal_island,train,2024,2017-11-26,2018-11-18,2018-11-25 00:00:00+00:00,2018-11-25,2019-02-10,demand-v2-provisional,provisional
KR,coastal_island,train,2025,2017-12-03,2018-11-25,2018-12-02 00:00:00+00:00,2018-12-02,2019-02-17,demand-v2-provisional,provisional
KR,coastal_island,train,2026,2017-12-10,2018-12-02,2018-12-09 00:00:00+00:00,2018-12-09,2019-02-24,demand-v2-provisional,provisional
KR,coastal_island,train,2027,2017-12-17,2018-12-09,2018-12-16 00:00:00+00:00,2018-12-16,2019-03-03,demand-v2-provisional,provisional
KR,coastal_island,train,2028,2017-12-24,2018-12-16,2018-12-23 00:00:00+00:00,2018-12-23,2019-03-10,demand-v2-provisional,provisional
KR,coastal_island,train,2029,2017-12-31,2018-12-23,2018-12-30 00:00:00+00:00,2018-12-30,2019-03-17,demand-v2-provisional,provisional
KR,coastal_island,train,2030,2018-01-07,2018-12-30,2019-01-06 00:00:00+00:00,2019-01-06,2019-03-24,demand-v2-provisional,provisional
KR,coastal_island,train,2031,2018-01-14,2019-01-06,2019-01-13 00:00:00+00:00,2019-01-13,2019-03-31,demand-v2-provisional,provisional
KR,coastal_island,train,2032,2018-01-21,2019-01-13,2019-01-20 00:00:00+00:00,2019-01-20,2019-04-07,demand-v2-provisional,provisional
KR,coastal_island,train,2033,2018-01-28,2019-01-20,2019-01-27 00:00:00+00:00,2019-01-27,2019-04-14,demand-v2-provisional,provisional
KR,coastal_island,train,2034,2018-02-04,2019-01-27,2019-02-03 00:00:00+00:00,2019-02-03,2019-04-21,demand-v2-provisional,provisional
KR,coastal_island,train,2035,2018-02-11,2019-02-03,2019-02-10 00:00:00+00:00,2019-02-10,2019-04-28,demand-v2-provisional,provisional
KR,coastal_island,train,2036,2018-02-18,2019-02-10,2019-02-17 00:00:00+00:00,2019-02-17,2019-05-05,demand-v2-provisional,provisional
KR,coastal_island,train,2037,2018-02-25,2019-02-17,2019-02-24 00:00:00+00:00,2019-02-24,2019-05-12,demand-v2-provisional,provisional
KR,coastal_island,train,2038,2018-03-04,2019-02-24,2019-03-03 00:00:00+00:00,2019-03-03,2019-05-19,demand-v2-provisional,provisional
KR,coastal_island,train,2039,2018-03-11,2019-03-03,2019-03-10 00:00:00+00:00,2019-03-10,2019-05-26,demand-v2-provisional,provisional
KR,coastal_island,train,2040,2018-03-18,2019-03-10,2019-03-17 00:00:00+00:00,2019-03-17,2019-06-02,demand-v2-provisional,provisional
KR,coastal_island,train,2041,2018-03-25,2019-03-17,2019-03-24 00:00:00+00:00,2019-03-24,2019-06-09,demand-v2-provisional,provisional
KR,coastal_island,train,2042,2018-04-01,2019-03-24,2019-03-31 00:00:00+00:00,2019-03-31,2019-06-16,demand-v2-provisional,provisional
KR,coastal_island,train,2043,2018-04-08,2019-03-31,2019-04-07 00:00:00+00:00,2019-04-07,2019-06-23,demand-v2-provisional,provisional
KR,coastal_island,train,2044,2018-04-15,2019-04-07,2019-04-14 00:00:00+00:00,2019-04-14,2019-06-30,demand-v2-provisional,provisional
KR,coastal_island,train,2045,2018-04-22,2019-04-14,2019-04-21 00:00:00+00:00,2019-04-21,2019-07-07,demand-v2-provisional,provisional
KR,coastal_island,train,2046,2018-04-29,2019-04-21,2019-04-28 00:00:00+00:00,2019-04-28,2019-07-14,demand-v2-provisional,provisional
KR,coastal_island,train,2047,2018-05-06,2019-04-28,2019-05-05 00:00:00+00:00,2019-05-05,2019-07-21,demand-v2-provisional,provisional
KR,coastal_island,train,2048,2018-05-13,2019-05-05,2019-05-12 00:00:00+00:00,2019-05-12,2019-07-28,demand-v2-provisional,provisional
KR,coastal_island,train,2049,2018-05-20,2019-05-12,2019-05-19 00:00:00+00:00,2019-05-19,2019-08-04,demand-v2-provisional,provisional
KR,coastal_island,train,2050,2018-05-27,2019-05-19,2019-05-26 00:00:00+00:00,2019-05-26,2019-08-11,demand-v2-provisional,provisional
KR,coastal_island,train,2051,2018-06-03,2019-05-26,2019-06-02 00:00:00+00:00,2019-06-02,2019-08-18,demand-v2-provisional,provisional
KR,coastal_island,train,2052,2018-06-10,2019-06-02,2019-06-09 00:00:00+00:00,2019-06-09,2019-08-25,demand-v2-provisional,provisional
KR,coastal_island,train,2053,2018-06-17,2019-06-09,2019-06-16 00:00:00+00:00,2019-06-16,2019-09-01,demand-v2-provisional,provisional
KR,coastal_island,train,2054,2018-06-24,2019-06-16,2019-06-23 00:00:00+00:00,2019-06-23,2019-09-08,demand-v2-provisional,provisional
KR,coastal_island,train,2055,2018-07-01,2019-06-23,2019-06-30 00:00:00+00:00,2019-06-30,2019-09-15,demand-v2-provisional,provisional
KR,coastal_island,train,2056,2018-07-08,2019-06-30,2019-07-07 00:00:00+00:00,2019-07-07,2019-09-22,demand-v2-provisional,provisional
KR,coastal_island,train,2057,2018-07-15,2019-07-07,2019-07-14 00:00:00+00:00,2019-07-14,2019-09-29,demand-v2-provisional,provisional
KR,coastal_island,train,2058,2018-07-22,2019-07-14,2019-07-21 00:00:00+00:00,2019-07-21,2019-10-06,demand-v2-provisional,provisional
KR,coastal_island,train,2059,2018-07-29,2019-07-21,2019-07-28 00:00:00+00:00,2019-07-28,2019-10-13,demand-v2-provisional,provisional
KR,coastal_island,train,2060,2018-08-05,2019-07-28,2019-08-04 00:00:00+00:00,2019-08-04,2019-10-20,demand-v2-provisional,provisional
KR,coastal_island,train,2061,2018-08-12,2019-08-04,2019-08-11 00:00:00+00:00,2019-08-11,2019-10-27,demand-v2-provisional,provisional
KR,coastal_island,train,2062,2018-08-19,2019-08-11,2019-08-18 00:00:00+00:00,2019-08-18,2019-11-03,demand-v2-provisional,provisional
KR,coastal_island,train,2063,2018-08-26,2019-08-18,2019-08-25 00:00:00+00:00,2019-08-25,2019-11-10,demand-v2-provisional,provisional
KR,coastal_island,train,2064,2018-09-02,2019-08-25,2019-09-01 00:00:00+00:00,2019-09-01,2019-11-17,demand-v2-provisional,provisional
KR,coastal_island,train,2065,2018-09-09,2019-09-01,2019-09-08 00:00:00+00:00,2019-09-08,2019-11-24,demand-v2-provisional,provisional
KR,coastal_island,train,2066,2018-09-16,2019-09-08,2019-09-15 00:00:00+00:00,2019-09-15,2019-12-01,demand-v2-provisional,provisional
KR,coastal_island,train,2067,2018-09-23,2019-09-15,2019-09-22 00:00:00+00:00,2019-09-22,2019-12-08,demand-v2-provisional,provisional
KR,coastal_island,train,2068,2018-09-30,2019-09-22,2019-09-29 00:00:00+00:00,2019-09-29,2019-12-15,demand-v2-provisional,provisional
KR,coastal_island,train,2069,2018-10-07,2019-09-29,2019-10-06 00:00:00+00:00,2019-10-06,2019-12-22,demand-v2-provisional,provisional
KR,coastal_island,train,2070,2023-01-01,2023-12-24,2023-12-31 00:00:00+00:00,2023-12-31,2024-03-17,demand-v2-provisional,provisional
KR,coastal_island,train,2071,2023-01-08,2023-12-31,2024-01-07 00:00:00+00:00,2024-01-07,2024-03-24,demand-v2-provisional,provisional
KR,coastal_island,train,2072,2023-01-15,2024-01-07,2024-01-14 00:00:00+00:00,2024-01-14,2024-03-31,demand-v2-provisional,provisional
KR,coastal_island,train,2073,2023-01-22,2024-01-14,2024-01-21 00:00:00+00:00,2024-01-21,2024-04-07,demand-v2-provisional,provisional
KR,coastal_island,train,2074,2023-01-29,2024-01-21,2024-01-28 00:00:00+00:00,2024-01-28,2024-04-14,demand-v2-provisional,provisional
KR,coastal_island,train,2075,2023-02-05,2024-01-28,2024-02-04 00:00:00+00:00,2024-02-04,2024-04-21,demand-v2-provisional,provisional
KR,coastal_island,train,2076,2023-02-12,2024-02-04,2024-02-11 00:00:00+00:00,2024-02-11,2024-04-28,demand-v2-provisional,provisional
KR,coastal_island,train,2077,2023-02-19,2024-02-11,2024-02-18 00:00:00+00:00,2024-02-18,2024-05-05,demand-v2-provisional,provisional
KR,coastal_island,train,2078,2023-02-26,2024-02-18,2024-02-25 00:00:00+00:00,2024-02-25,2024-05-12,demand-v2-provisional,provisional
KR,coastal_island,train,2079,2023-03-05,2024-02-25,2024-03-03 00:00:00+00:00,2024-03-03,2024-05-19,demand-v2-provisional,provisional
KR,coastal_island,validation,279,2023-05-28,2024-05-19,2024-05-26 00:00:00+00:00,2024-05-26,2024-08-11,demand-v2-provisional,provisional
KR,coastal_island,validation,280,2023-06-04,2024-05-26,2024-06-02 00:00:00+00:00,2024-06-02,2024-08-18,demand-v2-provisional,provisional
KR,coastal_island,validation,281,2023-06-11,2024-06-02,2024-06-09 00:00:00+00:00,2024-06-09,2024-08-25,demand-v2-provisional,provisional
KR,coastal_island,validation,282,2023-06-18,2024-06-09,2024-06-16 00:00:00+00:00,2024-06-16,2024-09-01,demand-v2-provisional,provisional
KR,coastal_island,validation,283,2023-06-25,2024-06-16,2024-06-23 00:00:00+00:00,2024-06-23,2024-09-08,demand-v2-provisional,provisional
KR,coastal_island,validation,284,2023-07-02,2024-06-23,2024-06-30 00:00:00+00:00,2024-06-30,2024-09-15,demand-v2-provisional,provisional
KR,coastal_island,validation,285,2023-07-09,2024-06-30,2024-07-07 00:00:00+00:00,2024-07-07,2024-09-22,demand-v2-provisional,provisional
KR,coastal_island,validation,286,2023-07-16,2024-07-07,2024-07-14 00:00:00+00:00,2024-07-14,2024-09-29,demand-v2-provisional,provisional
KR,coastal_island,validation,287,2023-07-23,2024-07-14,2024-07-21 00:00:00+00:00,2024-07-21,2024-10-06,demand-v2-provisional,provisional
KR,coastal_island,validation,288,2023-07-30,2024-07-21,2024-07-28 00:00:00+00:00,2024-07-28,2024-10-13,demand-v2-provisional,provisional
KR,coastal_island,validation,289,2023-08-06,2024-07-28,2024-08-04 00:00:00+00:00,2024-08-04,2024-10-20,demand-v2-provisional,provisional
KR,coastal_island,validation,290,2023-08-13,2024-08-04,2024-08-11 00:00:00+00:00,2024-08-11,2024-10-27,demand-v2-provisional,provisional
KR,coastal_island,validation,291,2023-08-20,2024-08-11,2024-08-18 00:00:00+00:00,2024-08-18,2024-11-03,demand-v2-provisional,provisional
KR,coastal_island,validation,292,2023-08-27,2024-08-18,2024-08-25 00:00:00+00:00,2024-08-25,2024-11-10,demand-v2-provisional,provisional
KR,coastal_island,validation,293,2023-09-03,2024-08-25,2024-09-01 00:00:00+00:00,2024-09-01,2024-11-17,demand-v2-provisional,provisional
KR,coastal_island,validation,294,2023-09-10,2024-09-01,2024-09-08 00:00:00+00:00,2024-09-08,2024-11-24,demand-v2-provisional,provisional
KR,coastal_island,validation,295,2023-09-17,2024-09-08,2024-09-15 00:00:00+00:00,2024-09-15,2024-12-01,demand-v2-provisional,provisional
KR,coastal_island,validation,296,2023-09-24,2024-09-15,2024-09-22 00:00:00+00:00,2024-09-22,2024-12-08,demand-v2-provisional,provisional
KR,coastal_island,validation,297,2023-10-01,2024-09-22,2024-09-29 00:00:00+00:00,2024-09-29,2024-12-15,demand-v2-provisional,provisional
KR,coastal_island,validation,298,2023-10-08,2024-09-29,2024-10-06 00:00:00+00:00,2024-10-06,2024-12-22,demand-v2-provisional,provisional
KR,coastal_island,validation,299,2023-10-15,2024-10-06,2024-10-13 00:00:00+00:00,2024-10-13,2024-12-29,demand-v2-provisional,provisional
KR,coastal_island,validation,300,2023-10-22,2024-10-13,2024-10-20 00:00:00+00:00,2024-10-20,2025-01-05,demand-v2-provisional,provisional
KR,coastal_island,validation,301,2023-10-29,2024-10-20,2024-10-27 00:00:00+00:00,2024-10-27,2025-01-12,demand-v2-provisional,provisional
KR,coastal_island,validation,302,2023-11-05,2024-10-27,2024-11-03 00:00:00+00:00,2024-11-03,2025-01-19,demand-v2-provisional,provisional
KR,coastal_island,validation,303,2023-11-12,2024-11-03,2024-11-10 00:00:00+00:00,2024-11-10,2025-01-26,demand-v2-provisional,provisional
KR,coastal_island,validation,304,2023-11-19,2024-11-10,2024-11-17 00:00:00+00:00,2024-11-17,2025-02-02,demand-v2-provisional,provisional
KR,coastal_island,validation,305,2023-11-26,2024-11-17,2024-11-24 00:00:00+00:00,2024-11-24,2025-02-09,demand-v2-provisional,provisional
KR,coastal_island,validation,306,2023-12-03,2024-11-24,2024-12-01 00:00:00+00:00,2024-12-01,2025-02-16,demand-v2-provisional,provisional
KR,coastal_island,validation,307,2023-12-10,2024-12-01,2024-12-08 00:00:00+00:00,2024-12-08,2025-02-23,demand-v2-provisional,provisional
KR,coastal_island,validation,308,2023-12-17,2024-12-08,2024-12-15 00:00:00+00:00,2024-12-15,2025-03-02,demand-v2-provisional,provisional
KR,coastal_island,validation,309,2023-12-24,2024-12-15,2024-12-22 00:00:00+00:00,2024-12-22,2025-03-09,demand-v2-provisional,provisional
KR,coastal_island,test,279,2024-03-17,2025-03-09,2025-03-16 00:00:00+00:00,2025-03-16,2025-06-01,demand-v2-provisional,provisional
KR,coastal_island,test,280,2024-03-24,2025-03-16,2025-03-23 00:00:00+00:00,2025-03-23,2025-06-08,demand-v2-provisional,provisional
KR,coastal_island,test,281,2024-03-31,2025-03-23,2025-03-30 00:00:00+00:00,2025-03-30,2025-06-15,demand-v2-provisional,provisional
KR,coastal_island,test,282,2024-04-07,2025-03-30,2025-04-06 00:00:00+00:00,2025-04-06,2025-06-22,demand-v2-provisional,provisional
KR,coastal_island,test,283,2024-04-14,2025-04-06,2025-04-13 00:00:00+00:00,2025-04-13,2025-06-29,demand-v2-provisional,provisional
KR,coastal_island,test,284,2024-04-21,2025-04-13,2025-04-20 00:00:00+00:00,2025-04-20,2025-07-06,demand-v2-provisional,provisional
KR,coastal_island,test,285,2024-04-28,2025-04-20,2025-04-27 00:00:00+00:00,2025-04-27,2025-07-13,demand-v2-provisional,provisional
KR,coastal_island,test,286,2024-05-05,2025-04-27,2025-05-04 00:00:00+00:00,2025-05-04,2025-07-20,demand-v2-provisional,provisional
KR,coastal_island,test,287,2024-05-12,2025-05-04,2025-05-11 00:00:00+00:00,2025-05-11,2025-07-27,demand-v2-provisional,provisional
KR,coastal_island,test,288,2024-05-19,2025-05-11,2025-05-18 00:00:00+00:00,2025-05-18,2025-08-03,demand-v2-provisional,provisional
KR,coastal_island,test,289,2024-05-26,2025-05-18,2025-05-25 00:00:00+00:00,2025-05-25,2025-08-10,demand-v2-provisional,provisional
KR,coastal_island,test,290,2024-06-02,2025-05-25,2025-06-01 00:00:00+00:00,2025-06-01,2025-08-17,demand-v2-provisional,provisional
KR,coastal_island,test,291,2024-06-09,2025-06-01,2025-06-08 00:00:00+00:00,2025-06-08,2025-08-24,demand-v2-provisional,provisional
KR,coastal_island,test,292,2024-06-16,2025-06-08,2025-06-15 00:00:00+00:00,2025-06-15,2025-08-31,demand-v2-provisional,provisional
KR,coastal_island,test,293,2024-06-23,2025-06-15,2025-06-22 00:00:00+00:00,2025-06-22,2025-09-07,demand-v2-provisional,provisional
KR,coastal_island,test,294,2024-06-30,2025-06-22,2025-06-29 00:00:00+00:00,2025-06-29,2025-09-14,demand-v2-provisional,provisional
KR,coastal_island,test,295,2024-07-07,2025-06-29,2025-07-06 00:00:00+00:00,2025-07-06,2025-09-21,demand-v2-provisional,provisional
KR,coastal_island,test,296,2024-07-14,2025-07-06,2025-07-13 00:00:00+00:00,2025-07-13,2025-09-28,demand-v2-provisional,provisional
KR,coastal_island,test,297,2024-07-21,2025-07-13,2025-07-20 00:00:00+00:00,2025-07-20,2025-10-05,demand-v2-provisional,provisional
KR,coastal_island,test,298,2024-07-28,2025-07-20,2025-07-27 00:00:00+00:00,2025-07-27,2025-10-12,demand-v2-provisional,provisional
KR,coastal_island,test,299,2024-08-04,2025-07-27,2025-08-03 00:00:00+00:00,2025-08-03,2025-10-19,demand-v2-provisional,provisional
KR,coastal_island,test,300,2024-08-11,2025-08-03,2025-08-10 00:00:00+00:00,2025-08-10,2025-10-26,demand-v2-provisional,provisional
KR,coastal_island,test,301,2024-08-18,2025-08-10,2025-08-17 00:00:00+00:00,2025-08-17,2025-11-02,demand-v2-provisional,provisional
KR,coastal_island,test,302,2024-08-25,2025-08-17,2025-08-24 00:00:00+00:00,2025-08-24,2025-11-09,demand-v2-provisional,provisional
KR,coastal_island,test,303,2024-09-01,2025-08-24,2025-08-31 00:00:00+00:00,2025-08-31,2025-11-16,demand-v2-provisional,provisional
KR,coastal_island,test,304,2024-09-08,2025-08-31,2025-09-07 00:00:00+00:00,2025-09-07,2025-11-23,demand-v2-provisional,provisional
KR,coastal_island,test,305,2024-09-15,2025-09-07,2025-09-14 00:00:00+00:00,2025-09-14,2025-11-30,demand-v2-provisional,provisional
KR,coastal_island,test,306,2024-09-22,2025-09-14,2025-09-21 00:00:00+00:00,2025-09-21,2025-12-07,demand-v2-provisional,provisional
KR,coastal_island,test,307,2024-09-29,2025-09-21,2025-09-28 00:00:00+00:00,2025-09-28,2025-12-14,demand-v2-provisional,provisional
KR,coastal_island,test,308,2024-10-06,2025-09-28,2025-10-05 00:00:00+00:00,2025-10-05,2025-12-21,demand-v2-provisional,provisional
KR,coastal_island,test,309,2024-10-13,2025-10-05,2025-10-12 00:00:00+00:00,2025-10-12,2025-12-28,demand-v2-provisional,provisional
KR,culinary_gastronomy,train,2080,2014-12-28,2015-12-20,2015-12-27 00:00:00+00:00,2015-12-27,2016-03-13,demand-v2-provisional,provisional
KR,culinary_gastronomy,train,2081,2015-01-04,2015-12-27,2016-01-03 00:00:00+00:00,2016-01-03,2016-03-20,demand-v2-provisional,provisional
KR,culinary_gastronomy,train,2082,2015-01-11,2016-01-03,2016-01-10 00:00:00+00:00,2016-01-10,2016-03-27,demand-v2-provisional,provisional
KR,culinary_gastronomy,train,2083,2015-01-18,2016-01-10,2016-01-17 00:00:00+00:00,2016-01-17,2016-04-03,demand-v2-provisional,provisional
KR,culinary_gastronomy,train,2084,2015-01-25,2016-01-17,2016-01-24 00:00:00+00:00,2016-01-24,2016-04-10,demand-v2-provisional,provisional
KR,culinary_gastronomy,train,2085,2015-02-01,2016-01-24,2016-01-31 00:00:00+00:00,2016-01-31,2016-04-17,demand-v2-provisional,provisional
KR,culinary_gastronomy,train,2086,2015-02-08,2016-01-31,2016-02-07 00:00:00+00:00,2016-02-07,2016-04-24,demand-v2-provisional,provisional
KR,culinary_gastronomy,train,2087,2015-02-15,2016-02-07,2016-02-14 00:00:00+00:00,2016-02-14,2016-05-01,demand-v2-provisional,provisional
KR,culinary_gastronomy,train,2088,2015-02-22,2016-02-14,2016-02-21 00:00:00+00:00,2016-02-21,2016-05-08,demand-v2-provisional,provisional
KR,culinary_gastronomy,train,2089,2015-03-01,2016-02-21,2016-02-28 00:00:00+00:00,2016-02-28,2016-05-15,demand-v2-provisional,provisional
KR,culinary_gastronomy,train,2090,2015-03-08,2016-02-28,2016-03-06 00:00:00+00:00,2016-03-06,2016-05-22,demand-v2-provisional,provisional
KR,culinary_gastronomy,train,2091,2015-03-15,2016-03-06,2016-03-13 00:00:00+00:00,2016-03-13,2016-05-29,demand-v2-provisional,provisional
KR,culinary_gastronomy,train,2092,2015-03-22,2016-03-13,2016-03-20 00:00:00+00:00,2016-03-20,2016-06-05,demand-v2-provisional,provisional
KR,culinary_gastronomy,train,2093,2015-03-29,2016-03-20,2016-03-27 00:00:00+00:00,2016-03-27,2016-06-12,demand-v2-provisional,provisional
KR,culinary_gastronomy,train,2094,2015-04-05,2016-03-27,2016-04-03 00:00:00+00:00,2016-04-03,2016-06-19,demand-v2-provisional,provisional
KR,culinary_gastronomy,train,2095,2015-04-12,2016-04-03,2016-04-10 00:00:00+00:00,2016-04-10,2016-06-26,demand-v2-provisional,provisional
KR,culinary_gastronomy,train,2096,2015-04-19,2016-04-10,2016-04-17 00:00:00+00:00,2016-04-17,2016-07-03,demand-v2-provisional,provisional
KR,culinary_gastronomy,train,2097,2015-04-26,2016-04-17,2016-04-24 00:00:00+00:00,2016-04-24,2016-07-10,demand-v2-provisional,provisional
KR,culinary_gastronomy,train,2098,2015-05-03,2016-04-24,2016-05-01 00:00:00+00:00,2016-05-01,2016-07-17,demand-v2-provisional,provisional
KR,culinary_gastronomy,train,2099,2015-05-10,2016-05-01,2016-05-08 00:00:00+00:00,2016-05-08,2016-07-24,demand-v2-provisional,provisional
KR,culinary_gastronomy,train,2100,2015-05-17,2016-05-08,2016-05-15 00:00:00+00:00,2016-05-15,2016-07-31,demand-v2-provisional,provisional
KR,culinary_gastronomy,train,2101,2015-05-24,2016-05-15,2016-05-22 00:00:00+00:00,2016-05-22,2016-08-07,demand-v2-provisional,provisional
KR,culinary_gastronomy,train,2102,2015-05-31,2016-05-22,2016-05-29 00:00:00+00:00,2016-05-29,2016-08-14,demand-v2-provisional,provisional
KR,culinary_gastronomy,train,2103,2015-06-07,2016-05-29,2016-06-05 00:00:00+00:00,2016-06-05,2016-08-21,demand-v2-provisional,provisional
KR,culinary_gastronomy,train,2104,2015-06-14,2016-06-05,2016-06-12 00:00:00+00:00,2016-06-12,2016-08-28,demand-v2-provisional,provisional
KR,culinary_gastronomy,train,2105,2015-06-21,2016-06-12,2016-06-19 00:00:00+00:00,2016-06-19,2016-09-04,demand-v2-provisional,provisional
KR,culinary_gastronomy,train,2106,2015-06-28,2016-06-19,2016-06-26 00:00:00+00:00,2016-06-26,2016-09-11,demand-v2-provisional,provisional
KR,culinary_gastronomy,train,2107,2015-07-05,2016-06-26,2016-07-03 00:00:00+00:00,2016-07-03,2016-09-18,demand-v2-provisional,provisional
KR,culinary_gastronomy,train,2108,2015-07-12,2016-07-03,2016-07-10 00:00:00+00:00,2016-07-10,2016-09-25,demand-v2-provisional,provisional
KR,culinary_gastronomy,train,2109,2015-07-19,2016-07-10,2016-07-17 00:00:00+00:00,2016-07-17,2016-10-02,demand-v2-provisional,provisional
KR,culinary_gastronomy,train,2110,2015-07-26,2016-07-17,2016-07-24 00:00:00+00:00,2016-07-24,2016-10-09,demand-v2-provisional,provisional
KR,culinary_gastronomy,train,2111,2015-08-02,2016-07-24,2016-07-31 00:00:00+00:00,2016-07-31,2016-10-16,demand-v2-provisional,provisional
KR,culinary_gastronomy,train,2112,2015-08-09,2016-07-31,2016-08-07 00:00:00+00:00,2016-08-07,2016-10-23,demand-v2-provisional,provisional
KR,culinary_gastronomy,train,2113,2015-08-16,2016-08-07,2016-08-14 00:00:00+00:00,2016-08-14,2016-10-30,demand-v2-provisional,provisional
KR,culinary_gastronomy,train,2114,2015-08-23,2016-08-14,2016-08-21 00:00:00+00:00,2016-08-21,2016-11-06,demand-v2-provisional,provisional
KR,culinary_gastronomy,train,2115,2015-08-30,2016-08-21,2016-08-28 00:00:00+00:00,2016-08-28,2016-11-13,demand-v2-provisional,provisional
KR,culinary_gastronomy,train,2116,2015-09-06,2016-08-28,2016-09-04 00:00:00+00:00,2016-09-04,2016-11-20,demand-v2-provisional,provisional
KR,culinary_gastronomy,train,2117,2015-09-13,2016-09-04,2016-09-11 00:00:00+00:00,2016-09-11,2016-11-27,demand-v2-provisional,provisional
KR,culinary_gastronomy,train,2118,2015-09-20,2016-09-11,2016-09-18 00:00:00+00:00,2016-09-18,2016-12-04,demand-v2-provisional,provisional
KR,culinary_gastronomy,train,2119,2015-09-27,2016-09-18,2016-09-25 00:00:00+00:00,2016-09-25,2016-12-11,demand-v2-provisional,provisional
KR,culinary_gastronomy,train,2120,2015-10-04,2016-09-25,2016-10-02 00:00:00+00:00,2016-10-02,2016-12-18,demand-v2-provisional,provisional
KR,culinary_gastronomy,train,2121,2015-10-11,2016-10-02,2016-10-09 00:00:00+00:00,2016-10-09,2016-12-25,demand-v2-provisional,provisional
KR,culinary_gastronomy,train,2122,2015-10-18,2016-10-09,2016-10-16 00:00:00+00:00,2016-10-16,2017-01-01,demand-v2-provisional,provisional
KR,culinary_gastronomy,train,2123,2015-10-25,2016-10-16,2016-10-23 00:00:00+00:00,2016-10-23,2017-01-08,demand-v2-provisional,provisional
KR,culinary_gastronomy,train,2124,2015-11-01,2016-10-23,2016-10-30 00:00:00+00:00,2016-10-30,2017-01-15,demand-v2-provisional,provisional
KR,culinary_gastronomy,train,2125,2015-11-08,2016-10-30,2016-11-06 00:00:00+00:00,2016-11-06,2017-01-22,demand-v2-provisional,provisional
KR,culinary_gastronomy,train,2126,2015-11-15,2016-11-06,2016-11-13 00:00:00+00:00,2016-11-13,2017-01-29,demand-v2-provisional,provisional
KR,culinary_gastronomy,train,2127,2015-11-22,2016-11-13,2016-11-20 00:00:00+00:00,2016-11-20,2017-02-05,demand-v2-provisional,provisional
KR,culinary_gastronomy,train,2128,2015-11-29,2016-11-20,2016-11-27 00:00:00+00:00,2016-11-27,2017-02-12,demand-v2-provisional,provisional
KR,culinary_gastronomy,train,2129,2015-12-06,2016-11-27,2016-12-04 00:00:00+00:00,2016-12-04,2017-02-19,demand-v2-provisional,provisional
KR,culinary_gastronomy,train,2130,2015-12-13,2016-12-04,2016-12-11 00:00:00+00:00,2016-12-11,2017-02-26,demand-v2-provisional,provisional
KR,culinary_gastronomy,train,2131,2015-12-20,2016-12-11,2016-12-18 00:00:00+00:00,2016-12-18,2017-03-05,demand-v2-provisional,provisional
KR,culinary_gastronomy,train,2132,2015-12-27,2016-12-18,2016-12-25 00:00:00+00:00,2016-12-25,2017-03-12,demand-v2-provisional,provisional
KR,culinary_gastronomy,train,2133,2016-01-03,2016-12-25,2017-01-01 00:00:00+00:00,2017-01-01,2017-03-19,demand-v2-provisional,provisional
KR,culinary_gastronomy,train,2134,2016-01-10,2017-01-01,2017-01-08 00:00:00+00:00,2017-01-08,2017-03-26,demand-v2-provisional,provisional
KR,culinary_gastronomy,train,2135,2016-01-17,2017-01-08,2017-01-15 00:00:00+00:00,2017-01-15,2017-04-02,demand-v2-provisional,provisional
KR,culinary_gastronomy,train,2136,2016-01-24,2017-01-15,2017-01-22 00:00:00+00:00,2017-01-22,2017-04-09,demand-v2-provisional,provisional
KR,culinary_gastronomy,train,2137,2016-01-31,2017-01-22,2017-01-29 00:00:00+00:00,2017-01-29,2017-04-16,demand-v2-provisional,provisional
KR,culinary_gastronomy,train,2138,2016-02-07,2017-01-29,2017-02-05 00:00:00+00:00,2017-02-05,2017-04-23,demand-v2-provisional,provisional
KR,culinary_gastronomy,train,2139,2016-02-14,2017-02-05,2017-02-12 00:00:00+00:00,2017-02-12,2017-04-30,demand-v2-provisional,provisional
KR,culinary_gastronomy,train,2140,2016-02-21,2017-02-12,2017-02-19 00:00:00+00:00,2017-02-19,2017-05-07,demand-v2-provisional,provisional
KR,culinary_gastronomy,train,2141,2016-02-28,2017-02-19,2017-02-26 00:00:00+00:00,2017-02-26,2017-05-14,demand-v2-provisional,provisional
KR,culinary_gastronomy,train,2142,2016-03-06,2017-02-26,2017-03-05 00:00:00+00:00,2017-03-05,2017-05-21,demand-v2-provisional,provisional
KR,culinary_gastronomy,train,2143,2016-03-13,2017-03-05,2017-03-12 00:00:00+00:00,2017-03-12,2017-05-28,demand-v2-provisional,provisional
KR,culinary_gastronomy,train,2144,2016-03-20,2017-03-12,2017-03-19 00:00:00+00:00,2017-03-19,2017-06-04,demand-v2-provisional,provisional
KR,culinary_gastronomy,train,2145,2016-03-27,2017-03-19,2017-03-26 00:00:00+00:00,2017-03-26,2017-06-11,demand-v2-provisional,provisional
KR,culinary_gastronomy,train,2146,2016-04-03,2017-03-26,2017-04-02 00:00:00+00:00,2017-04-02,2017-06-18,demand-v2-provisional,provisional
KR,culinary_gastronomy,train,2147,2016-04-10,2017-04-02,2017-04-09 00:00:00+00:00,2017-04-09,2017-06-25,demand-v2-provisional,provisional
KR,culinary_gastronomy,train,2148,2016-04-17,2017-04-09,2017-04-16 00:00:00+00:00,2017-04-16,2017-07-02,demand-v2-provisional,provisional
KR,culinary_gastronomy,train,2149,2016-04-24,2017-04-16,2017-04-23 00:00:00+00:00,2017-04-23,2017-07-09,demand-v2-provisional,provisional
KR,culinary_gastronomy,train,2150,2016-05-01,2017-04-23,2017-04-30 00:00:00+00:00,2017-04-30,2017-07-16,demand-v2-provisional,provisional
KR,culinary_gastronomy,train,2151,2016-05-08,2017-04-30,2017-05-07 00:00:00+00:00,2017-05-07,2017-07-23,demand-v2-provisional,provisional
KR,culinary_gastronomy,train,2152,2016-05-15,2017-05-07,2017-05-14 00:00:00+00:00,2017-05-14,2017-07-30,demand-v2-provisional,provisional
KR,culinary_gastronomy,train,2153,2016-05-22,2017-05-14,2017-05-21 00:00:00+00:00,2017-05-21,2017-08-06,demand-v2-provisional,provisional
KR,culinary_gastronomy,train,2154,2016-05-29,2017-05-21,2017-05-28 00:00:00+00:00,2017-05-28,2017-08-13,demand-v2-provisional,provisional
KR,culinary_gastronomy,train,2155,2016-06-05,2017-05-28,2017-06-04 00:00:00+00:00,2017-06-04,2017-08-20,demand-v2-provisional,provisional
KR,culinary_gastronomy,train,2156,2016-06-12,2017-06-04,2017-06-11 00:00:00+00:00,2017-06-11,2017-08-27,demand-v2-provisional,provisional
KR,culinary_gastronomy,train,2157,2016-06-19,2017-06-11,2017-06-18 00:00:00+00:00,2017-06-18,2017-09-03,demand-v2-provisional,provisional
KR,culinary_gastronomy,train,2158,2016-06-26,2017-06-18,2017-06-25 00:00:00+00:00,2017-06-25,2017-09-10,demand-v2-provisional,provisional
KR,culinary_gastronomy,train,2159,2016-07-03,2017-06-25,2017-07-02 00:00:00+00:00,2017-07-02,2017-09-17,demand-v2-provisional,provisional
KR,culinary_gastronomy,train,2160,2016-07-10,2017-07-02,2017-07-09 00:00:00+00:00,2017-07-09,2017-09-24,demand-v2-provisional,provisional
KR,culinary_gastronomy,train,2161,2016-07-17,2017-07-09,2017-07-16 00:00:00+00:00,2017-07-16,2017-10-01,demand-v2-provisional,provisional
KR,culinary_gastronomy,train,2162,2016-07-24,2017-07-16,2017-07-23 00:00:00+00:00,2017-07-23,2017-10-08,demand-v2-provisional,provisional
KR,culinary_gastronomy,train,2163,2016-07-31,2017-07-23,2017-07-30 00:00:00+00:00,2017-07-30,2017-10-15,demand-v2-provisional,provisional
KR,culinary_gastronomy,train,2164,2016-08-07,2017-07-30,2017-08-06 00:00:00+00:00,2017-08-06,2017-10-22,demand-v2-provisional,provisional
KR,culinary_gastronomy,train,2165,2016-08-14,2017-08-06,2017-08-13 00:00:00+00:00,2017-08-13,2017-10-29,demand-v2-provisional,provisional
KR,culinary_gastronomy,train,2166,2016-08-21,2017-08-13,2017-08-20 00:00:00+00:00,2017-08-20,2017-11-05,demand-v2-provisional,provisional
KR,culinary_gastronomy,train,2167,2016-08-28,2017-08-20,2017-08-27 00:00:00+00:00,2017-08-27,2017-11-12,demand-v2-provisional,provisional
KR,culinary_gastronomy,train,2168,2016-09-04,2017-08-27,2017-09-03 00:00:00+00:00,2017-09-03,2017-11-19,demand-v2-provisional,provisional
KR,culinary_gastronomy,train,2169,2016-09-11,2017-09-03,2017-09-10 00:00:00+00:00,2017-09-10,2017-11-26,demand-v2-provisional,provisional
KR,culinary_gastronomy,train,2170,2016-09-18,2017-09-10,2017-09-17 00:00:00+00:00,2017-09-17,2017-12-03,demand-v2-provisional,provisional
KR,culinary_gastronomy,train,2171,2016-09-25,2017-09-17,2017-09-24 00:00:00+00:00,2017-09-24,2017-12-10,demand-v2-provisional,provisional
KR,culinary_gastronomy,train,2172,2016-10-02,2017-09-24,2017-10-01 00:00:00+00:00,2017-10-01,2017-12-17,demand-v2-provisional,provisional
KR,culinary_gastronomy,train,2173,2016-10-09,2017-10-01,2017-10-08 00:00:00+00:00,2017-10-08,2017-12-24,demand-v2-provisional,provisional
KR,culinary_gastronomy,train,2174,2016-10-16,2017-10-08,2017-10-15 00:00:00+00:00,2017-10-15,2017-12-31,demand-v2-provisional,provisional
KR,culinary_gastronomy,train,2175,2016-10-23,2017-10-15,2017-10-22 00:00:00+00:00,2017-10-22,2018-01-07,demand-v2-provisional,provisional
KR,culinary_gastronomy,train,2176,2016-10-30,2017-10-22,2017-10-29 00:00:00+00:00,2017-10-29,2018-01-14,demand-v2-provisional,provisional
KR,culinary_gastronomy,train,2177,2016-11-06,2017-10-29,2017-11-05 00:00:00+00:00,2017-11-05,2018-01-21,demand-v2-provisional,provisional
KR,culinary_gastronomy,train,2178,2016-11-13,2017-11-05,2017-11-12 00:00:00+00:00,2017-11-12,2018-01-28,demand-v2-provisional,provisional
KR,culinary_gastronomy,train,2179,2016-11-20,2017-11-12,2017-11-19 00:00:00+00:00,2017-11-19,2018-02-04,demand-v2-provisional,provisional
KR,culinary_gastronomy,train,2180,2016-11-27,2017-11-19,2017-11-26 00:00:00+00:00,2017-11-26,2018-02-11,demand-v2-provisional,provisional
KR,culinary_gastronomy,train,2181,2016-12-04,2017-11-26,2017-12-03 00:00:00+00:00,2017-12-03,2018-02-18,demand-v2-provisional,provisional
KR,culinary_gastronomy,train,2182,2016-12-11,2017-12-03,2017-12-10 00:00:00+00:00,2017-12-10,2018-02-25,demand-v2-provisional,provisional
KR,culinary_gastronomy,train,2183,2016-12-18,2017-12-10,2017-12-17 00:00:00+00:00,2017-12-17,2018-03-04,demand-v2-provisional,provisional
KR,culinary_gastronomy,train,2184,2016-12-25,2017-12-17,2017-12-24 00:00:00+00:00,2017-12-24,2018-03-11,demand-v2-provisional,provisional
KR,culinary_gastronomy,train,2185,2017-01-01,2017-12-24,2017-12-31 00:00:00+00:00,2017-12-31,2018-03-18,demand-v2-provisional,provisional
KR,culinary_gastronomy,train,2186,2017-01-08,2017-12-31,2018-01-07 00:00:00+00:00,2018-01-07,2018-03-25,demand-v2-provisional,provisional
KR,culinary_gastronomy,train,2187,2017-01-15,2018-01-07,2018-01-14 00:00:00+00:00,2018-01-14,2018-04-01,demand-v2-provisional,provisional
KR,culinary_gastronomy,train,2188,2017-01-22,2018-01-14,2018-01-21 00:00:00+00:00,2018-01-21,2018-04-08,demand-v2-provisional,provisional
KR,culinary_gastronomy,train,2189,2017-01-29,2018-01-21,2018-01-28 00:00:00+00:00,2018-01-28,2018-04-15,demand-v2-provisional,provisional
KR,culinary_gastronomy,train,2190,2017-02-05,2018-01-28,2018-02-04 00:00:00+00:00,2018-02-04,2018-04-22,demand-v2-provisional,provisional
KR,culinary_gastronomy,train,2191,2017-02-12,2018-02-04,2018-02-11 00:00:00+00:00,2018-02-11,2018-04-29,demand-v2-provisional,provisional
KR,culinary_gastronomy,train,2192,2017-02-19,2018-02-11,2018-02-18 00:00:00+00:00,2018-02-18,2018-05-06,demand-v2-provisional,provisional
KR,culinary_gastronomy,train,2193,2017-02-26,2018-02-18,2018-02-25 00:00:00+00:00,2018-02-25,2018-05-13,demand-v2-provisional,provisional
KR,culinary_gastronomy,train,2194,2017-03-05,2018-02-25,2018-03-04 00:00:00+00:00,2018-03-04,2018-05-20,demand-v2-provisional,provisional
KR,culinary_gastronomy,train,2195,2017-03-12,2018-03-04,2018-03-11 00:00:00+00:00,2018-03-11,2018-05-27,demand-v2-provisional,provisional
KR,culinary_gastronomy,train,2196,2017-03-19,2018-03-11,2018-03-18 00:00:00+00:00,2018-03-18,2018-06-03,demand-v2-provisional,provisional
KR,culinary_gastronomy,train,2197,2017-03-26,2018-03-18,2018-03-25 00:00:00+00:00,2018-03-25,2018-06-10,demand-v2-provisional,provisional
KR,culinary_gastronomy,train,2198,2017-04-02,2018-03-25,2018-04-01 00:00:00+00:00,2018-04-01,2018-06-17,demand-v2-provisional,provisional
KR,culinary_gastronomy,train,2199,2017-04-09,2018-04-01,2018-04-08 00:00:00+00:00,2018-04-08,2018-06-24,demand-v2-provisional,provisional
KR,culinary_gastronomy,train,2200,2017-04-16,2018-04-08,2018-04-15 00:00:00+00:00,2018-04-15,2018-07-01,demand-v2-provisional,provisional
KR,culinary_gastronomy,train,2201,2017-04-23,2018-04-15,2018-04-22 00:00:00+00:00,2018-04-22,2018-07-08,demand-v2-provisional,provisional
KR,culinary_gastronomy,train,2202,2017-04-30,2018-04-22,2018-04-29 00:00:00+00:00,2018-04-29,2018-07-15,demand-v2-provisional,provisional
KR,culinary_gastronomy,train,2203,2017-05-07,2018-04-29,2018-05-06 00:00:00+00:00,2018-05-06,2018-07-22,demand-v2-provisional,provisional
KR,culinary_gastronomy,train,2204,2017-05-14,2018-05-06,2018-05-13 00:00:00+00:00,2018-05-13,2018-07-29,demand-v2-provisional,provisional
KR,culinary_gastronomy,train,2205,2017-05-21,2018-05-13,2018-05-20 00:00:00+00:00,2018-05-20,2018-08-05,demand-v2-provisional,provisional
KR,culinary_gastronomy,train,2206,2017-05-28,2018-05-20,2018-05-27 00:00:00+00:00,2018-05-27,2018-08-12,demand-v2-provisional,provisional
KR,culinary_gastronomy,train,2207,2017-06-04,2018-05-27,2018-06-03 00:00:00+00:00,2018-06-03,2018-08-19,demand-v2-provisional,provisional
KR,culinary_gastronomy,train,2208,2017-06-11,2018-06-03,2018-06-10 00:00:00+00:00,2018-06-10,2018-08-26,demand-v2-provisional,provisional
KR,culinary_gastronomy,train,2209,2017-06-18,2018-06-10,2018-06-17 00:00:00+00:00,2018-06-17,2018-09-02,demand-v2-provisional,provisional
KR,culinary_gastronomy,train,2210,2017-06-25,2018-06-17,2018-06-24 00:00:00+00:00,2018-06-24,2018-09-09,demand-v2-provisional,provisional
KR,culinary_gastronomy,train,2211,2017-07-02,2018-06-24,2018-07-01 00:00:00+00:00,2018-07-01,2018-09-16,demand-v2-provisional,provisional
KR,culinary_gastronomy,train,2212,2017-07-09,2018-07-01,2018-07-08 00:00:00+00:00,2018-07-08,2018-09-23,demand-v2-provisional,provisional
KR,culinary_gastronomy,train,2213,2017-07-16,2018-07-08,2018-07-15 00:00:00+00:00,2018-07-15,2018-09-30,demand-v2-provisional,provisional
KR,culinary_gastronomy,train,2214,2017-07-23,2018-07-15,2018-07-22 00:00:00+00:00,2018-07-22,2018-10-07,demand-v2-provisional,provisional
KR,culinary_gastronomy,train,2215,2017-07-30,2018-07-22,2018-07-29 00:00:00+00:00,2018-07-29,2018-10-14,demand-v2-provisional,provisional
KR,culinary_gastronomy,train,2216,2017-08-06,2018-07-29,2018-08-05 00:00:00+00:00,2018-08-05,2018-10-21,demand-v2-provisional,provisional
KR,culinary_gastronomy,train,2217,2017-08-13,2018-08-05,2018-08-12 00:00:00+00:00,2018-08-12,2018-10-28,demand-v2-provisional,provisional
KR,culinary_gastronomy,train,2218,2017-08-20,2018-08-12,2018-08-19 00:00:00+00:00,2018-08-19,2018-11-04,demand-v2-provisional,provisional
KR,culinary_gastronomy,train,2219,2017-08-27,2018-08-19,2018-08-26 00:00:00+00:00,2018-08-26,2018-11-11,demand-v2-provisional,provisional
KR,culinary_gastronomy,train,2220,2017-09-03,2018-08-26,2018-09-02 00:00:00+00:00,2018-09-02,2018-11-18,demand-v2-provisional,provisional
KR,culinary_gastronomy,train,2221,2017-09-10,2018-09-02,2018-09-09 00:00:00+00:00,2018-09-09,2018-11-25,demand-v2-provisional,provisional
KR,culinary_gastronomy,train,2222,2017-09-17,2018-09-09,2018-09-16 00:00:00+00:00,2018-09-16,2018-12-02,demand-v2-provisional,provisional
KR,culinary_gastronomy,train,2223,2017-09-24,2018-09-16,2018-09-23 00:00:00+00:00,2018-09-23,2018-12-09,demand-v2-provisional,provisional
KR,culinary_gastronomy,train,2224,2017-10-01,2018-09-23,2018-09-30 00:00:00+00:00,2018-09-30,2018-12-16,demand-v2-provisional,provisional
KR,culinary_gastronomy,train,2225,2017-10-08,2018-09-30,2018-10-07 00:00:00+00:00,2018-10-07,2018-12-23,demand-v2-provisional,provisional
KR,culinary_gastronomy,train,2226,2017-10-15,2018-10-07,2018-10-14 00:00:00+00:00,2018-10-14,2018-12-30,demand-v2-provisional,provisional
KR,culinary_gastronomy,train,2227,2017-10-22,2018-10-14,2018-10-21 00:00:00+00:00,2018-10-21,2019-01-06,demand-v2-provisional,provisional
KR,culinary_gastronomy,train,2228,2017-10-29,2018-10-21,2018-10-28 00:00:00+00:00,2018-10-28,2019-01-13,demand-v2-provisional,provisional
KR,culinary_gastronomy,train,2229,2017-11-05,2018-10-28,2018-11-04 00:00:00+00:00,2018-11-04,2019-01-20,demand-v2-provisional,provisional
KR,culinary_gastronomy,train,2230,2017-11-12,2018-11-04,2018-11-11 00:00:00+00:00,2018-11-11,2019-01-27,demand-v2-provisional,provisional
KR,culinary_gastronomy,train,2231,2017-11-19,2018-11-11,2018-11-18 00:00:00+00:00,2018-11-18,2019-02-03,demand-v2-provisional,provisional
KR,culinary_gastronomy,train,2232,2017-11-26,2018-11-18,2018-11-25 00:00:00+00:00,2018-11-25,2019-02-10,demand-v2-provisional,provisional
KR,culinary_gastronomy,train,2233,2017-12-03,2018-11-25,2018-12-02 00:00:00+00:00,2018-12-02,2019-02-17,demand-v2-provisional,provisional
KR,culinary_gastronomy,train,2234,2017-12-10,2018-12-02,2018-12-09 00:00:00+00:00,2018-12-09,2019-02-24,demand-v2-provisional,provisional
KR,culinary_gastronomy,train,2235,2017-12-17,2018-12-09,2018-12-16 00:00:00+00:00,2018-12-16,2019-03-03,demand-v2-provisional,provisional
KR,culinary_gastronomy,train,2236,2017-12-24,2018-12-16,2018-12-23 00:00:00+00:00,2018-12-23,2019-03-10,demand-v2-provisional,provisional
KR,culinary_gastronomy,train,2237,2017-12-31,2018-12-23,2018-12-30 00:00:00+00:00,2018-12-30,2019-03-17,demand-v2-provisional,provisional
KR,culinary_gastronomy,train,2238,2018-01-07,2018-12-30,2019-01-06 00:00:00+00:00,2019-01-06,2019-03-24,demand-v2-provisional,provisional
KR,culinary_gastronomy,train,2239,2018-01-14,2019-01-06,2019-01-13 00:00:00+00:00,2019-01-13,2019-03-31,demand-v2-provisional,provisional
KR,culinary_gastronomy,train,2240,2018-01-21,2019-01-13,2019-01-20 00:00:00+00:00,2019-01-20,2019-04-07,demand-v2-provisional,provisional
KR,culinary_gastronomy,train,2241,2018-01-28,2019-01-20,2019-01-27 00:00:00+00:00,2019-01-27,2019-04-14,demand-v2-provisional,provisional
KR,culinary_gastronomy,train,2242,2018-02-04,2019-01-27,2019-02-03 00:00:00+00:00,2019-02-03,2019-04-21,demand-v2-provisional,provisional
KR,culinary_gastronomy,train,2243,2018-02-11,2019-02-03,2019-02-10 00:00:00+00:00,2019-02-10,2019-04-28,demand-v2-provisional,provisional
KR,culinary_gastronomy,train,2244,2018-02-18,2019-02-10,2019-02-17 00:00:00+00:00,2019-02-17,2019-05-05,demand-v2-provisional,provisional
KR,culinary_gastronomy,train,2245,2018-02-25,2019-02-17,2019-02-24 00:00:00+00:00,2019-02-24,2019-05-12,demand-v2-provisional,provisional
KR,culinary_gastronomy,train,2246,2018-03-04,2019-02-24,2019-03-03 00:00:00+00:00,2019-03-03,2019-05-19,demand-v2-provisional,provisional
KR,culinary_gastronomy,train,2247,2018-03-11,2019-03-03,2019-03-10 00:00:00+00:00,2019-03-10,2019-05-26,demand-v2-provisional,provisional
KR,culinary_gastronomy,train,2248,2018-03-18,2019-03-10,2019-03-17 00:00:00+00:00,2019-03-17,2019-06-02,demand-v2-provisional,provisional
KR,culinary_gastronomy,train,2249,2018-03-25,2019-03-17,2019-03-24 00:00:00+00:00,2019-03-24,2019-06-09,demand-v2-provisional,provisional
KR,culinary_gastronomy,train,2250,2018-04-01,2019-03-24,2019-03-31 00:00:00+00:00,2019-03-31,2019-06-16,demand-v2-provisional,provisional
KR,culinary_gastronomy,train,2251,2018-04-08,2019-03-31,2019-04-07 00:00:00+00:00,2019-04-07,2019-06-23,demand-v2-provisional,provisional
KR,culinary_gastronomy,train,2252,2018-04-15,2019-04-07,2019-04-14 00:00:00+00:00,2019-04-14,2019-06-30,demand-v2-provisional,provisional
KR,culinary_gastronomy,train,2253,2018-04-22,2019-04-14,2019-04-21 00:00:00+00:00,2019-04-21,2019-07-07,demand-v2-provisional,provisional
KR,culinary_gastronomy,train,2254,2018-04-29,2019-04-21,2019-04-28 00:00:00+00:00,2019-04-28,2019-07-14,demand-v2-provisional,provisional
KR,culinary_gastronomy,train,2255,2018-05-06,2019-04-28,2019-05-05 00:00:00+00:00,2019-05-05,2019-07-21,demand-v2-provisional,provisional
KR,culinary_gastronomy,train,2256,2018-05-13,2019-05-05,2019-05-12 00:00:00+00:00,2019-05-12,2019-07-28,demand-v2-provisional,provisional
KR,culinary_gastronomy,train,2257,2018-05-20,2019-05-12,2019-05-19 00:00:00+00:00,2019-05-19,2019-08-04,demand-v2-provisional,provisional
KR,culinary_gastronomy,train,2258,2018-05-27,2019-05-19,2019-05-26 00:00:00+00:00,2019-05-26,2019-08-11,demand-v2-provisional,provisional
KR,culinary_gastronomy,train,2259,2018-06-03,2019-05-26,2019-06-02 00:00:00+00:00,2019-06-02,2019-08-18,demand-v2-provisional,provisional
KR,culinary_gastronomy,train,2260,2018-06-10,2019-06-02,2019-06-09 00:00:00+00:00,2019-06-09,2019-08-25,demand-v2-provisional,provisional
KR,culinary_gastronomy,train,2261,2018-06-17,2019-06-09,2019-06-16 00:00:00+00:00,2019-06-16,2019-09-01,demand-v2-provisional,provisional
KR,culinary_gastronomy,train,2262,2018-06-24,2019-06-16,2019-06-23 00:00:00+00:00,2019-06-23,2019-09-08,demand-v2-provisional,provisional
KR,culinary_gastronomy,train,2263,2018-07-01,2019-06-23,2019-06-30 00:00:00+00:00,2019-06-30,2019-09-15,demand-v2-provisional,provisional
KR,culinary_gastronomy,train,2264,2018-07-08,2019-06-30,2019-07-07 00:00:00+00:00,2019-07-07,2019-09-22,demand-v2-provisional,provisional
KR,culinary_gastronomy,train,2265,2018-07-15,2019-07-07,2019-07-14 00:00:00+00:00,2019-07-14,2019-09-29,demand-v2-provisional,provisional
KR,culinary_gastronomy,train,2266,2018-07-22,2019-07-14,2019-07-21 00:00:00+00:00,2019-07-21,2019-10-06,demand-v2-provisional,provisional
KR,culinary_gastronomy,train,2267,2018-07-29,2019-07-21,2019-07-28 00:00:00+00:00,2019-07-28,2019-10-13,demand-v2-provisional,provisional
KR,culinary_gastronomy,train,2268,2018-08-05,2019-07-28,2019-08-04 00:00:00+00:00,2019-08-04,2019-10-20,demand-v2-provisional,provisional
KR,culinary_gastronomy,train,2269,2018-08-12,2019-08-04,2019-08-11 00:00:00+00:00,2019-08-11,2019-10-27,demand-v2-provisional,provisional
KR,culinary_gastronomy,train,2270,2018-08-19,2019-08-11,2019-08-18 00:00:00+00:00,2019-08-18,2019-11-03,demand-v2-provisional,provisional
KR,culinary_gastronomy,train,2271,2018-08-26,2019-08-18,2019-08-25 00:00:00+00:00,2019-08-25,2019-11-10,demand-v2-provisional,provisional
KR,culinary_gastronomy,train,2272,2018-09-02,2019-08-25,2019-09-01 00:00:00+00:00,2019-09-01,2019-11-17,demand-v2-provisional,provisional
KR,culinary_gastronomy,train,2273,2018-09-09,2019-09-01,2019-09-08 00:00:00+00:00,2019-09-08,2019-11-24,demand-v2-provisional,provisional
KR,culinary_gastronomy,train,2274,2018-09-16,2019-09-08,2019-09-15 00:00:00+00:00,2019-09-15,2019-12-01,demand-v2-provisional,provisional
KR,culinary_gastronomy,train,2275,2018-09-23,2019-09-15,2019-09-22 00:00:00+00:00,2019-09-22,2019-12-08,demand-v2-provisional,provisional
KR,culinary_gastronomy,train,2276,2018-09-30,2019-09-22,2019-09-29 00:00:00+00:00,2019-09-29,2019-12-15,demand-v2-provisional,provisional
KR,culinary_gastronomy,train,2277,2018-10-07,2019-09-29,2019-10-06 00:00:00+00:00,2019-10-06,2019-12-22,demand-v2-provisional,provisional
KR,culinary_gastronomy,train,2278,2023-01-01,2023-12-24,2023-12-31 00:00:00+00:00,2023-12-31,2024-03-17,demand-v2-provisional,provisional
KR,culinary_gastronomy,train,2279,2023-01-08,2023-12-31,2024-01-07 00:00:00+00:00,2024-01-07,2024-03-24,demand-v2-provisional,provisional
KR,culinary_gastronomy,train,2280,2023-01-15,2024-01-07,2024-01-14 00:00:00+00:00,2024-01-14,2024-03-31,demand-v2-provisional,provisional
KR,culinary_gastronomy,train,2281,2023-01-22,2024-01-14,2024-01-21 00:00:00+00:00,2024-01-21,2024-04-07,demand-v2-provisional,provisional
KR,culinary_gastronomy,train,2282,2023-01-29,2024-01-21,2024-01-28 00:00:00+00:00,2024-01-28,2024-04-14,demand-v2-provisional,provisional
KR,culinary_gastronomy,train,2283,2023-02-05,2024-01-28,2024-02-04 00:00:00+00:00,2024-02-04,2024-04-21,demand-v2-provisional,provisional
KR,culinary_gastronomy,train,2284,2023-02-12,2024-02-04,2024-02-11 00:00:00+00:00,2024-02-11,2024-04-28,demand-v2-provisional,provisional
KR,culinary_gastronomy,train,2285,2023-02-19,2024-02-11,2024-02-18 00:00:00+00:00,2024-02-18,2024-05-05,demand-v2-provisional,provisional
KR,culinary_gastronomy,train,2286,2023-02-26,2024-02-18,2024-02-25 00:00:00+00:00,2024-02-25,2024-05-12,demand-v2-provisional,provisional
KR,culinary_gastronomy,train,2287,2023-03-05,2024-02-25,2024-03-03 00:00:00+00:00,2024-03-03,2024-05-19,demand-v2-provisional,provisional
KR,culinary_gastronomy,validation,310,2023-05-28,2024-05-19,2024-05-26 00:00:00+00:00,2024-05-26,2024-08-11,demand-v2-provisional,provisional
KR,culinary_gastronomy,validation,311,2023-06-04,2024-05-26,2024-06-02 00:00:00+00:00,2024-06-02,2024-08-18,demand-v2-provisional,provisional
KR,culinary_gastronomy,validation,312,2023-06-11,2024-06-02,2024-06-09 00:00:00+00:00,2024-06-09,2024-08-25,demand-v2-provisional,provisional
KR,culinary_gastronomy,validation,313,2023-06-18,2024-06-09,2024-06-16 00:00:00+00:00,2024-06-16,2024-09-01,demand-v2-provisional,provisional
KR,culinary_gastronomy,validation,314,2023-06-25,2024-06-16,2024-06-23 00:00:00+00:00,2024-06-23,2024-09-08,demand-v2-provisional,provisional
KR,culinary_gastronomy,validation,315,2023-07-02,2024-06-23,2024-06-30 00:00:00+00:00,2024-06-30,2024-09-15,demand-v2-provisional,provisional
KR,culinary_gastronomy,validation,316,2023-07-09,2024-06-30,2024-07-07 00:00:00+00:00,2024-07-07,2024-09-22,demand-v2-provisional,provisional
KR,culinary_gastronomy,validation,317,2023-07-16,2024-07-07,2024-07-14 00:00:00+00:00,2024-07-14,2024-09-29,demand-v2-provisional,provisional
KR,culinary_gastronomy,validation,318,2023-07-23,2024-07-14,2024-07-21 00:00:00+00:00,2024-07-21,2024-10-06,demand-v2-provisional,provisional
KR,culinary_gastronomy,validation,319,2023-07-30,2024-07-21,2024-07-28 00:00:00+00:00,2024-07-28,2024-10-13,demand-v2-provisional,provisional
KR,culinary_gastronomy,validation,320,2023-08-06,2024-07-28,2024-08-04 00:00:00+00:00,2024-08-04,2024-10-20,demand-v2-provisional,provisional
KR,culinary_gastronomy,validation,321,2023-08-13,2024-08-04,2024-08-11 00:00:00+00:00,2024-08-11,2024-10-27,demand-v2-provisional,provisional
KR,culinary_gastronomy,validation,322,2023-08-20,2024-08-11,2024-08-18 00:00:00+00:00,2024-08-18,2024-11-03,demand-v2-provisional,provisional
KR,culinary_gastronomy,validation,323,2023-08-27,2024-08-18,2024-08-25 00:00:00+00:00,2024-08-25,2024-11-10,demand-v2-provisional,provisional
KR,culinary_gastronomy,validation,324,2023-09-03,2024-08-25,2024-09-01 00:00:00+00:00,2024-09-01,2024-11-17,demand-v2-provisional,provisional
KR,culinary_gastronomy,validation,325,2023-09-10,2024-09-01,2024-09-08 00:00:00+00:00,2024-09-08,2024-11-24,demand-v2-provisional,provisional
KR,culinary_gastronomy,validation,326,2023-09-17,2024-09-08,2024-09-15 00:00:00+00:00,2024-09-15,2024-12-01,demand-v2-provisional,provisional
KR,culinary_gastronomy,validation,327,2023-09-24,2024-09-15,2024-09-22 00:00:00+00:00,2024-09-22,2024-12-08,demand-v2-provisional,provisional
KR,culinary_gastronomy,validation,328,2023-10-01,2024-09-22,2024-09-29 00:00:00+00:00,2024-09-29,2024-12-15,demand-v2-provisional,provisional
KR,culinary_gastronomy,validation,329,2023-10-08,2024-09-29,2024-10-06 00:00:00+00:00,2024-10-06,2024-12-22,demand-v2-provisional,provisional
KR,culinary_gastronomy,validation,330,2023-10-15,2024-10-06,2024-10-13 00:00:00+00:00,2024-10-13,2024-12-29,demand-v2-provisional,provisional
KR,culinary_gastronomy,validation,331,2023-10-22,2024-10-13,2024-10-20 00:00:00+00:00,2024-10-20,2025-01-05,demand-v2-provisional,provisional
KR,culinary_gastronomy,validation,332,2023-10-29,2024-10-20,2024-10-27 00:00:00+00:00,2024-10-27,2025-01-12,demand-v2-provisional,provisional
KR,culinary_gastronomy,validation,333,2023-11-05,2024-10-27,2024-11-03 00:00:00+00:00,2024-11-03,2025-01-19,demand-v2-provisional,provisional
KR,culinary_gastronomy,validation,334,2023-11-12,2024-11-03,2024-11-10 00:00:00+00:00,2024-11-10,2025-01-26,demand-v2-provisional,provisional
KR,culinary_gastronomy,validation,335,2023-11-19,2024-11-10,2024-11-17 00:00:00+00:00,2024-11-17,2025-02-02,demand-v2-provisional,provisional
KR,culinary_gastronomy,validation,336,2023-11-26,2024-11-17,2024-11-24 00:00:00+00:00,2024-11-24,2025-02-09,demand-v2-provisional,provisional
KR,culinary_gastronomy,validation,337,2023-12-03,2024-11-24,2024-12-01 00:00:00+00:00,2024-12-01,2025-02-16,demand-v2-provisional,provisional
KR,culinary_gastronomy,validation,338,2023-12-10,2024-12-01,2024-12-08 00:00:00+00:00,2024-12-08,2025-02-23,demand-v2-provisional,provisional
KR,culinary_gastronomy,validation,339,2023-12-17,2024-12-08,2024-12-15 00:00:00+00:00,2024-12-15,2025-03-02,demand-v2-provisional,provisional
KR,culinary_gastronomy,validation,340,2023-12-24,2024-12-15,2024-12-22 00:00:00+00:00,2024-12-22,2025-03-09,demand-v2-provisional,provisional
KR,culinary_gastronomy,test,310,2024-03-17,2025-03-09,2025-03-16 00:00:00+00:00,2025-03-16,2025-06-01,demand-v2-provisional,provisional
KR,culinary_gastronomy,test,311,2024-03-24,2025-03-16,2025-03-23 00:00:00+00:00,2025-03-23,2025-06-08,demand-v2-provisional,provisional
KR,culinary_gastronomy,test,312,2024-03-31,2025-03-23,2025-03-30 00:00:00+00:00,2025-03-30,2025-06-15,demand-v2-provisional,provisional
KR,culinary_gastronomy,test,313,2024-04-07,2025-03-30,2025-04-06 00:00:00+00:00,2025-04-06,2025-06-22,demand-v2-provisional,provisional
KR,culinary_gastronomy,test,314,2024-04-14,2025-04-06,2025-04-13 00:00:00+00:00,2025-04-13,2025-06-29,demand-v2-provisional,provisional
KR,culinary_gastronomy,test,315,2024-04-21,2025-04-13,2025-04-20 00:00:00+00:00,2025-04-20,2025-07-06,demand-v2-provisional,provisional
KR,culinary_gastronomy,test,316,2024-04-28,2025-04-20,2025-04-27 00:00:00+00:00,2025-04-27,2025-07-13,demand-v2-provisional,provisional
KR,culinary_gastronomy,test,317,2024-05-05,2025-04-27,2025-05-04 00:00:00+00:00,2025-05-04,2025-07-20,demand-v2-provisional,provisional
KR,culinary_gastronomy,test,318,2024-05-12,2025-05-04,2025-05-11 00:00:00+00:00,2025-05-11,2025-07-27,demand-v2-provisional,provisional
KR,culinary_gastronomy,test,319,2024-05-19,2025-05-11,2025-05-18 00:00:00+00:00,2025-05-18,2025-08-03,demand-v2-provisional,provisional
KR,culinary_gastronomy,test,320,2024-05-26,2025-05-18,2025-05-25 00:00:00+00:00,2025-05-25,2025-08-10,demand-v2-provisional,provisional
KR,culinary_gastronomy,test,321,2024-06-02,2025-05-25,2025-06-01 00:00:00+00:00,2025-06-01,2025-08-17,demand-v2-provisional,provisional
KR,culinary_gastronomy,test,322,2024-06-09,2025-06-01,2025-06-08 00:00:00+00:00,2025-06-08,2025-08-24,demand-v2-provisional,provisional
KR,culinary_gastronomy,test,323,2024-06-16,2025-06-08,2025-06-15 00:00:00+00:00,2025-06-15,2025-08-31,demand-v2-provisional,provisional
KR,culinary_gastronomy,test,324,2024-06-23,2025-06-15,2025-06-22 00:00:00+00:00,2025-06-22,2025-09-07,demand-v2-provisional,provisional
KR,culinary_gastronomy,test,325,2024-06-30,2025-06-22,2025-06-29 00:00:00+00:00,2025-06-29,2025-09-14,demand-v2-provisional,provisional
KR,culinary_gastronomy,test,326,2024-07-07,2025-06-29,2025-07-06 00:00:00+00:00,2025-07-06,2025-09-21,demand-v2-provisional,provisional
KR,culinary_gastronomy,test,327,2024-07-14,2025-07-06,2025-07-13 00:00:00+00:00,2025-07-13,2025-09-28,demand-v2-provisional,provisional
KR,culinary_gastronomy,test,328,2024-07-21,2025-07-13,2025-07-20 00:00:00+00:00,2025-07-20,2025-10-05,demand-v2-provisional,provisional
KR,culinary_gastronomy,test,329,2024-07-28,2025-07-20,2025-07-27 00:00:00+00:00,2025-07-27,2025-10-12,demand-v2-provisional,provisional
KR,culinary_gastronomy,test,330,2024-08-04,2025-07-27,2025-08-03 00:00:00+00:00,2025-08-03,2025-10-19,demand-v2-provisional,provisional
KR,culinary_gastronomy,test,331,2024-08-11,2025-08-03,2025-08-10 00:00:00+00:00,2025-08-10,2025-10-26,demand-v2-provisional,provisional
KR,culinary_gastronomy,test,332,2024-08-18,2025-08-10,2025-08-17 00:00:00+00:00,2025-08-17,2025-11-02,demand-v2-provisional,provisional
KR,culinary_gastronomy,test,333,2024-08-25,2025-08-17,2025-08-24 00:00:00+00:00,2025-08-24,2025-11-09,demand-v2-provisional,provisional
KR,culinary_gastronomy,test,334,2024-09-01,2025-08-24,2025-08-31 00:00:00+00:00,2025-08-31,2025-11-16,demand-v2-provisional,provisional
KR,culinary_gastronomy,test,335,2024-09-08,2025-08-31,2025-09-07 00:00:00+00:00,2025-09-07,2025-11-23,demand-v2-provisional,provisional
KR,culinary_gastronomy,test,336,2024-09-15,2025-09-07,2025-09-14 00:00:00+00:00,2025-09-14,2025-11-30,demand-v2-provisional,provisional
KR,culinary_gastronomy,test,337,2024-09-22,2025-09-14,2025-09-21 00:00:00+00:00,2025-09-21,2025-12-07,demand-v2-provisional,provisional
KR,culinary_gastronomy,test,338,2024-09-29,2025-09-21,2025-09-28 00:00:00+00:00,2025-09-28,2025-12-14,demand-v2-provisional,provisional
KR,culinary_gastronomy,test,339,2024-10-06,2025-09-28,2025-10-05 00:00:00+00:00,2025-10-05,2025-12-21,demand-v2-provisional,provisional
KR,culinary_gastronomy,test,340,2024-10-13,2025-10-05,2025-10-12 00:00:00+00:00,2025-10-12,2025-12-28,demand-v2-provisional,provisional
KR,cultural_heritage,train,2288,2014-12-28,2015-12-20,2015-12-27 00:00:00+00:00,2015-12-27,2016-03-13,demand-v2-provisional,provisional
KR,cultural_heritage,train,2289,2015-01-04,2015-12-27,2016-01-03 00:00:00+00:00,2016-01-03,2016-03-20,demand-v2-provisional,provisional
KR,cultural_heritage,train,2290,2015-01-11,2016-01-03,2016-01-10 00:00:00+00:00,2016-01-10,2016-03-27,demand-v2-provisional,provisional
KR,cultural_heritage,train,2291,2015-01-18,2016-01-10,2016-01-17 00:00:00+00:00,2016-01-17,2016-04-03,demand-v2-provisional,provisional
KR,cultural_heritage,train,2292,2015-01-25,2016-01-17,2016-01-24 00:00:00+00:00,2016-01-24,2016-04-10,demand-v2-provisional,provisional
KR,cultural_heritage,train,2293,2015-02-01,2016-01-24,2016-01-31 00:00:00+00:00,2016-01-31,2016-04-17,demand-v2-provisional,provisional
KR,cultural_heritage,train,2294,2015-02-08,2016-01-31,2016-02-07 00:00:00+00:00,2016-02-07,2016-04-24,demand-v2-provisional,provisional
KR,cultural_heritage,train,2295,2015-02-15,2016-02-07,2016-02-14 00:00:00+00:00,2016-02-14,2016-05-01,demand-v2-provisional,provisional
KR,cultural_heritage,train,2296,2015-02-22,2016-02-14,2016-02-21 00:00:00+00:00,2016-02-21,2016-05-08,demand-v2-provisional,provisional
KR,cultural_heritage,train,2297,2015-03-01,2016-02-21,2016-02-28 00:00:00+00:00,2016-02-28,2016-05-15,demand-v2-provisional,provisional
KR,cultural_heritage,train,2298,2015-03-08,2016-02-28,2016-03-06 00:00:00+00:00,2016-03-06,2016-05-22,demand-v2-provisional,provisional
KR,cultural_heritage,train,2299,2015-03-15,2016-03-06,2016-03-13 00:00:00+00:00,2016-03-13,2016-05-29,demand-v2-provisional,provisional
KR,cultural_heritage,train,2300,2015-03-22,2016-03-13,2016-03-20 00:00:00+00:00,2016-03-20,2016-06-05,demand-v2-provisional,provisional
KR,cultural_heritage,train,2301,2015-03-29,2016-03-20,2016-03-27 00:00:00+00:00,2016-03-27,2016-06-12,demand-v2-provisional,provisional
KR,cultural_heritage,train,2302,2015-04-05,2016-03-27,2016-04-03 00:00:00+00:00,2016-04-03,2016-06-19,demand-v2-provisional,provisional
KR,cultural_heritage,train,2303,2015-04-12,2016-04-03,2016-04-10 00:00:00+00:00,2016-04-10,2016-06-26,demand-v2-provisional,provisional
KR,cultural_heritage,train,2304,2015-04-19,2016-04-10,2016-04-17 00:00:00+00:00,2016-04-17,2016-07-03,demand-v2-provisional,provisional
KR,cultural_heritage,train,2305,2015-04-26,2016-04-17,2016-04-24 00:00:00+00:00,2016-04-24,2016-07-10,demand-v2-provisional,provisional
KR,cultural_heritage,train,2306,2015-05-03,2016-04-24,2016-05-01 00:00:00+00:00,2016-05-01,2016-07-17,demand-v2-provisional,provisional
KR,cultural_heritage,train,2307,2015-05-10,2016-05-01,2016-05-08 00:00:00+00:00,2016-05-08,2016-07-24,demand-v2-provisional,provisional
KR,cultural_heritage,train,2308,2015-05-17,2016-05-08,2016-05-15 00:00:00+00:00,2016-05-15,2016-07-31,demand-v2-provisional,provisional
KR,cultural_heritage,train,2309,2015-05-24,2016-05-15,2016-05-22 00:00:00+00:00,2016-05-22,2016-08-07,demand-v2-provisional,provisional
KR,cultural_heritage,train,2310,2015-05-31,2016-05-22,2016-05-29 00:00:00+00:00,2016-05-29,2016-08-14,demand-v2-provisional,provisional
KR,cultural_heritage,train,2311,2015-06-07,2016-05-29,2016-06-05 00:00:00+00:00,2016-06-05,2016-08-21,demand-v2-provisional,provisional
KR,cultural_heritage,train,2312,2015-06-14,2016-06-05,2016-06-12 00:00:00+00:00,2016-06-12,2016-08-28,demand-v2-provisional,provisional
KR,cultural_heritage,train,2313,2015-06-21,2016-06-12,2016-06-19 00:00:00+00:00,2016-06-19,2016-09-04,demand-v2-provisional,provisional
KR,cultural_heritage,train,2314,2015-06-28,2016-06-19,2016-06-26 00:00:00+00:00,2016-06-26,2016-09-11,demand-v2-provisional,provisional
KR,cultural_heritage,train,2315,2015-07-05,2016-06-26,2016-07-03 00:00:00+00:00,2016-07-03,2016-09-18,demand-v2-provisional,provisional
KR,cultural_heritage,train,2316,2015-07-12,2016-07-03,2016-07-10 00:00:00+00:00,2016-07-10,2016-09-25,demand-v2-provisional,provisional
KR,cultural_heritage,train,2317,2015-07-19,2016-07-10,2016-07-17 00:00:00+00:00,2016-07-17,2016-10-02,demand-v2-provisional,provisional
KR,cultural_heritage,train,2318,2015-07-26,2016-07-17,2016-07-24 00:00:00+00:00,2016-07-24,2016-10-09,demand-v2-provisional,provisional
KR,cultural_heritage,train,2319,2015-08-02,2016-07-24,2016-07-31 00:00:00+00:00,2016-07-31,2016-10-16,demand-v2-provisional,provisional
KR,cultural_heritage,train,2320,2015-08-09,2016-07-31,2016-08-07 00:00:00+00:00,2016-08-07,2016-10-23,demand-v2-provisional,provisional
KR,cultural_heritage,train,2321,2015-08-16,2016-08-07,2016-08-14 00:00:00+00:00,2016-08-14,2016-10-30,demand-v2-provisional,provisional
KR,cultural_heritage,train,2322,2015-08-23,2016-08-14,2016-08-21 00:00:00+00:00,2016-08-21,2016-11-06,demand-v2-provisional,provisional
KR,cultural_heritage,train,2323,2015-08-30,2016-08-21,2016-08-28 00:00:00+00:00,2016-08-28,2016-11-13,demand-v2-provisional,provisional
KR,cultural_heritage,train,2324,2015-09-06,2016-08-28,2016-09-04 00:00:00+00:00,2016-09-04,2016-11-20,demand-v2-provisional,provisional
KR,cultural_heritage,train,2325,2015-09-13,2016-09-04,2016-09-11 00:00:00+00:00,2016-09-11,2016-11-27,demand-v2-provisional,provisional
KR,cultural_heritage,train,2326,2015-09-20,2016-09-11,2016-09-18 00:00:00+00:00,2016-09-18,2016-12-04,demand-v2-provisional,provisional
KR,cultural_heritage,train,2327,2015-09-27,2016-09-18,2016-09-25 00:00:00+00:00,2016-09-25,2016-12-11,demand-v2-provisional,provisional
KR,cultural_heritage,train,2328,2015-10-04,2016-09-25,2016-10-02 00:00:00+00:00,2016-10-02,2016-12-18,demand-v2-provisional,provisional
KR,cultural_heritage,train,2329,2015-10-11,2016-10-02,2016-10-09 00:00:00+00:00,2016-10-09,2016-12-25,demand-v2-provisional,provisional
KR,cultural_heritage,train,2330,2015-10-18,2016-10-09,2016-10-16 00:00:00+00:00,2016-10-16,2017-01-01,demand-v2-provisional,provisional
KR,cultural_heritage,train,2331,2015-10-25,2016-10-16,2016-10-23 00:00:00+00:00,2016-10-23,2017-01-08,demand-v2-provisional,provisional
KR,cultural_heritage,train,2332,2015-11-01,2016-10-23,2016-10-30 00:00:00+00:00,2016-10-30,2017-01-15,demand-v2-provisional,provisional
KR,cultural_heritage,train,2333,2015-11-08,2016-10-30,2016-11-06 00:00:00+00:00,2016-11-06,2017-01-22,demand-v2-provisional,provisional
KR,cultural_heritage,train,2334,2015-11-15,2016-11-06,2016-11-13 00:00:00+00:00,2016-11-13,2017-01-29,demand-v2-provisional,provisional
KR,cultural_heritage,train,2335,2015-11-22,2016-11-13,2016-11-20 00:00:00+00:00,2016-11-20,2017-02-05,demand-v2-provisional,provisional
KR,cultural_heritage,train,2336,2015-11-29,2016-11-20,2016-11-27 00:00:00+00:00,2016-11-27,2017-02-12,demand-v2-provisional,provisional
KR,cultural_heritage,train,2337,2015-12-06,2016-11-27,2016-12-04 00:00:00+00:00,2016-12-04,2017-02-19,demand-v2-provisional,provisional
KR,cultural_heritage,train,2338,2015-12-13,2016-12-04,2016-12-11 00:00:00+00:00,2016-12-11,2017-02-26,demand-v2-provisional,provisional
KR,cultural_heritage,train,2339,2015-12-20,2016-12-11,2016-12-18 00:00:00+00:00,2016-12-18,2017-03-05,demand-v2-provisional,provisional
KR,cultural_heritage,train,2340,2015-12-27,2016-12-18,2016-12-25 00:00:00+00:00,2016-12-25,2017-03-12,demand-v2-provisional,provisional
KR,cultural_heritage,train,2341,2016-01-03,2016-12-25,2017-01-01 00:00:00+00:00,2017-01-01,2017-03-19,demand-v2-provisional,provisional
KR,cultural_heritage,train,2342,2016-01-10,2017-01-01,2017-01-08 00:00:00+00:00,2017-01-08,2017-03-26,demand-v2-provisional,provisional
KR,cultural_heritage,train,2343,2016-01-17,2017-01-08,2017-01-15 00:00:00+00:00,2017-01-15,2017-04-02,demand-v2-provisional,provisional
KR,cultural_heritage,train,2344,2016-01-24,2017-01-15,2017-01-22 00:00:00+00:00,2017-01-22,2017-04-09,demand-v2-provisional,provisional
KR,cultural_heritage,train,2345,2016-01-31,2017-01-22,2017-01-29 00:00:00+00:00,2017-01-29,2017-04-16,demand-v2-provisional,provisional
KR,cultural_heritage,train,2346,2016-02-07,2017-01-29,2017-02-05 00:00:00+00:00,2017-02-05,2017-04-23,demand-v2-provisional,provisional
KR,cultural_heritage,train,2347,2016-02-14,2017-02-05,2017-02-12 00:00:00+00:00,2017-02-12,2017-04-30,demand-v2-provisional,provisional
KR,cultural_heritage,train,2348,2016-02-21,2017-02-12,2017-02-19 00:00:00+00:00,2017-02-19,2017-05-07,demand-v2-provisional,provisional
KR,cultural_heritage,train,2349,2016-02-28,2017-02-19,2017-02-26 00:00:00+00:00,2017-02-26,2017-05-14,demand-v2-provisional,provisional
KR,cultural_heritage,train,2350,2016-03-06,2017-02-26,2017-03-05 00:00:00+00:00,2017-03-05,2017-05-21,demand-v2-provisional,provisional
KR,cultural_heritage,train,2351,2016-03-13,2017-03-05,2017-03-12 00:00:00+00:00,2017-03-12,2017-05-28,demand-v2-provisional,provisional
KR,cultural_heritage,train,2352,2016-03-20,2017-03-12,2017-03-19 00:00:00+00:00,2017-03-19,2017-06-04,demand-v2-provisional,provisional
KR,cultural_heritage,train,2353,2016-03-27,2017-03-19,2017-03-26 00:00:00+00:00,2017-03-26,2017-06-11,demand-v2-provisional,provisional
KR,cultural_heritage,train,2354,2016-04-03,2017-03-26,2017-04-02 00:00:00+00:00,2017-04-02,2017-06-18,demand-v2-provisional,provisional
KR,cultural_heritage,train,2355,2016-04-10,2017-04-02,2017-04-09 00:00:00+00:00,2017-04-09,2017-06-25,demand-v2-provisional,provisional
KR,cultural_heritage,train,2356,2016-04-17,2017-04-09,2017-04-16 00:00:00+00:00,2017-04-16,2017-07-02,demand-v2-provisional,provisional
KR,cultural_heritage,train,2357,2016-04-24,2017-04-16,2017-04-23 00:00:00+00:00,2017-04-23,2017-07-09,demand-v2-provisional,provisional
KR,cultural_heritage,train,2358,2016-05-01,2017-04-23,2017-04-30 00:00:00+00:00,2017-04-30,2017-07-16,demand-v2-provisional,provisional
KR,cultural_heritage,train,2359,2016-05-08,2017-04-30,2017-05-07 00:00:00+00:00,2017-05-07,2017-07-23,demand-v2-provisional,provisional
KR,cultural_heritage,train,2360,2016-05-15,2017-05-07,2017-05-14 00:00:00+00:00,2017-05-14,2017-07-30,demand-v2-provisional,provisional
KR,cultural_heritage,train,2361,2016-05-22,2017-05-14,2017-05-21 00:00:00+00:00,2017-05-21,2017-08-06,demand-v2-provisional,provisional
KR,cultural_heritage,train,2362,2016-05-29,2017-05-21,2017-05-28 00:00:00+00:00,2017-05-28,2017-08-13,demand-v2-provisional,provisional
KR,cultural_heritage,train,2363,2016-06-05,2017-05-28,2017-06-04 00:00:00+00:00,2017-06-04,2017-08-20,demand-v2-provisional,provisional
KR,cultural_heritage,train,2364,2016-06-12,2017-06-04,2017-06-11 00:00:00+00:00,2017-06-11,2017-08-27,demand-v2-provisional,provisional
KR,cultural_heritage,train,2365,2016-06-19,2017-06-11,2017-06-18 00:00:00+00:00,2017-06-18,2017-09-03,demand-v2-provisional,provisional
KR,cultural_heritage,train,2366,2016-06-26,2017-06-18,2017-06-25 00:00:00+00:00,2017-06-25,2017-09-10,demand-v2-provisional,provisional
KR,cultural_heritage,train,2367,2016-07-03,2017-06-25,2017-07-02 00:00:00+00:00,2017-07-02,2017-09-17,demand-v2-provisional,provisional
KR,cultural_heritage,train,2368,2016-07-10,2017-07-02,2017-07-09 00:00:00+00:00,2017-07-09,2017-09-24,demand-v2-provisional,provisional
KR,cultural_heritage,train,2369,2016-07-17,2017-07-09,2017-07-16 00:00:00+00:00,2017-07-16,2017-10-01,demand-v2-provisional,provisional
KR,cultural_heritage,train,2370,2016-07-24,2017-07-16,2017-07-23 00:00:00+00:00,2017-07-23,2017-10-08,demand-v2-provisional,provisional
KR,cultural_heritage,train,2371,2016-07-31,2017-07-23,2017-07-30 00:00:00+00:00,2017-07-30,2017-10-15,demand-v2-provisional,provisional
KR,cultural_heritage,train,2372,2016-08-07,2017-07-30,2017-08-06 00:00:00+00:00,2017-08-06,2017-10-22,demand-v2-provisional,provisional
KR,cultural_heritage,train,2373,2016-08-14,2017-08-06,2017-08-13 00:00:00+00:00,2017-08-13,2017-10-29,demand-v2-provisional,provisional
KR,cultural_heritage,train,2374,2016-08-21,2017-08-13,2017-08-20 00:00:00+00:00,2017-08-20,2017-11-05,demand-v2-provisional,provisional
KR,cultural_heritage,train,2375,2016-08-28,2017-08-20,2017-08-27 00:00:00+00:00,2017-08-27,2017-11-12,demand-v2-provisional,provisional
KR,cultural_heritage,train,2376,2016-09-04,2017-08-27,2017-09-03 00:00:00+00:00,2017-09-03,2017-11-19,demand-v2-provisional,provisional
KR,cultural_heritage,train,2377,2016-09-11,2017-09-03,2017-09-10 00:00:00+00:00,2017-09-10,2017-11-26,demand-v2-provisional,provisional
KR,cultural_heritage,train,2378,2016-09-18,2017-09-10,2017-09-17 00:00:00+00:00,2017-09-17,2017-12-03,demand-v2-provisional,provisional
KR,cultural_heritage,train,2379,2016-09-25,2017-09-17,2017-09-24 00:00:00+00:00,2017-09-24,2017-12-10,demand-v2-provisional,provisional
KR,cultural_heritage,train,2380,2016-10-02,2017-09-24,2017-10-01 00:00:00+00:00,2017-10-01,2017-12-17,demand-v2-provisional,provisional
KR,cultural_heritage,train,2381,2016-10-09,2017-10-01,2017-10-08 00:00:00+00:00,2017-10-08,2017-12-24,demand-v2-provisional,provisional
KR,cultural_heritage,train,2382,2016-10-16,2017-10-08,2017-10-15 00:00:00+00:00,2017-10-15,2017-12-31,demand-v2-provisional,provisional
KR,cultural_heritage,train,2383,2016-10-23,2017-10-15,2017-10-22 00:00:00+00:00,2017-10-22,2018-01-07,demand-v2-provisional,provisional
KR,cultural_heritage,train,2384,2016-10-30,2017-10-22,2017-10-29 00:00:00+00:00,2017-10-29,2018-01-14,demand-v2-provisional,provisional
KR,cultural_heritage,train,2385,2016-11-06,2017-10-29,2017-11-05 00:00:00+00:00,2017-11-05,2018-01-21,demand-v2-provisional,provisional
KR,cultural_heritage,train,2386,2016-11-13,2017-11-05,2017-11-12 00:00:00+00:00,2017-11-12,2018-01-28,demand-v2-provisional,provisional
KR,cultural_heritage,train,2387,2016-11-20,2017-11-12,2017-11-19 00:00:00+00:00,2017-11-19,2018-02-04,demand-v2-provisional,provisional
KR,cultural_heritage,train,2388,2016-11-27,2017-11-19,2017-11-26 00:00:00+00:00,2017-11-26,2018-02-11,demand-v2-provisional,provisional
KR,cultural_heritage,train,2389,2016-12-04,2017-11-26,2017-12-03 00:00:00+00:00,2017-12-03,2018-02-18,demand-v2-provisional,provisional
KR,cultural_heritage,train,2390,2016-12-11,2017-12-03,2017-12-10 00:00:00+00:00,2017-12-10,2018-02-25,demand-v2-provisional,provisional
KR,cultural_heritage,train,2391,2016-12-18,2017-12-10,2017-12-17 00:00:00+00:00,2017-12-17,2018-03-04,demand-v2-provisional,provisional
KR,cultural_heritage,train,2392,2016-12-25,2017-12-17,2017-12-24 00:00:00+00:00,2017-12-24,2018-03-11,demand-v2-provisional,provisional
KR,cultural_heritage,train,2393,2017-01-01,2017-12-24,2017-12-31 00:00:00+00:00,2017-12-31,2018-03-18,demand-v2-provisional,provisional
KR,cultural_heritage,train,2394,2017-01-08,2017-12-31,2018-01-07 00:00:00+00:00,2018-01-07,2018-03-25,demand-v2-provisional,provisional
KR,cultural_heritage,train,2395,2017-01-15,2018-01-07,2018-01-14 00:00:00+00:00,2018-01-14,2018-04-01,demand-v2-provisional,provisional
KR,cultural_heritage,train,2396,2017-01-22,2018-01-14,2018-01-21 00:00:00+00:00,2018-01-21,2018-04-08,demand-v2-provisional,provisional
KR,cultural_heritage,train,2397,2017-01-29,2018-01-21,2018-01-28 00:00:00+00:00,2018-01-28,2018-04-15,demand-v2-provisional,provisional
KR,cultural_heritage,train,2398,2017-02-05,2018-01-28,2018-02-04 00:00:00+00:00,2018-02-04,2018-04-22,demand-v2-provisional,provisional
KR,cultural_heritage,train,2399,2017-02-12,2018-02-04,2018-02-11 00:00:00+00:00,2018-02-11,2018-04-29,demand-v2-provisional,provisional
KR,cultural_heritage,train,2400,2017-02-19,2018-02-11,2018-02-18 00:00:00+00:00,2018-02-18,2018-05-06,demand-v2-provisional,provisional
KR,cultural_heritage,train,2401,2017-02-26,2018-02-18,2018-02-25 00:00:00+00:00,2018-02-25,2018-05-13,demand-v2-provisional,provisional
KR,cultural_heritage,train,2402,2017-03-05,2018-02-25,2018-03-04 00:00:00+00:00,2018-03-04,2018-05-20,demand-v2-provisional,provisional
KR,cultural_heritage,train,2403,2017-03-12,2018-03-04,2018-03-11 00:00:00+00:00,2018-03-11,2018-05-27,demand-v2-provisional,provisional
KR,cultural_heritage,train,2404,2017-03-19,2018-03-11,2018-03-18 00:00:00+00:00,2018-03-18,2018-06-03,demand-v2-provisional,provisional
KR,cultural_heritage,train,2405,2017-03-26,2018-03-18,2018-03-25 00:00:00+00:00,2018-03-25,2018-06-10,demand-v2-provisional,provisional
KR,cultural_heritage,train,2406,2017-04-02,2018-03-25,2018-04-01 00:00:00+00:00,2018-04-01,2018-06-17,demand-v2-provisional,provisional
KR,cultural_heritage,train,2407,2017-04-09,2018-04-01,2018-04-08 00:00:00+00:00,2018-04-08,2018-06-24,demand-v2-provisional,provisional
KR,cultural_heritage,train,2408,2017-04-16,2018-04-08,2018-04-15 00:00:00+00:00,2018-04-15,2018-07-01,demand-v2-provisional,provisional
KR,cultural_heritage,train,2409,2017-04-23,2018-04-15,2018-04-22 00:00:00+00:00,2018-04-22,2018-07-08,demand-v2-provisional,provisional
KR,cultural_heritage,train,2410,2017-04-30,2018-04-22,2018-04-29 00:00:00+00:00,2018-04-29,2018-07-15,demand-v2-provisional,provisional
KR,cultural_heritage,train,2411,2017-05-07,2018-04-29,2018-05-06 00:00:00+00:00,2018-05-06,2018-07-22,demand-v2-provisional,provisional
KR,cultural_heritage,train,2412,2017-05-14,2018-05-06,2018-05-13 00:00:00+00:00,2018-05-13,2018-07-29,demand-v2-provisional,provisional
KR,cultural_heritage,train,2413,2017-05-21,2018-05-13,2018-05-20 00:00:00+00:00,2018-05-20,2018-08-05,demand-v2-provisional,provisional
KR,cultural_heritage,train,2414,2017-05-28,2018-05-20,2018-05-27 00:00:00+00:00,2018-05-27,2018-08-12,demand-v2-provisional,provisional
KR,cultural_heritage,train,2415,2017-06-04,2018-05-27,2018-06-03 00:00:00+00:00,2018-06-03,2018-08-19,demand-v2-provisional,provisional
KR,cultural_heritage,train,2416,2017-06-11,2018-06-03,2018-06-10 00:00:00+00:00,2018-06-10,2018-08-26,demand-v2-provisional,provisional
KR,cultural_heritage,train,2417,2017-06-18,2018-06-10,2018-06-17 00:00:00+00:00,2018-06-17,2018-09-02,demand-v2-provisional,provisional
KR,cultural_heritage,train,2418,2017-06-25,2018-06-17,2018-06-24 00:00:00+00:00,2018-06-24,2018-09-09,demand-v2-provisional,provisional
KR,cultural_heritage,train,2419,2017-07-02,2018-06-24,2018-07-01 00:00:00+00:00,2018-07-01,2018-09-16,demand-v2-provisional,provisional
KR,cultural_heritage,train,2420,2017-07-09,2018-07-01,2018-07-08 00:00:00+00:00,2018-07-08,2018-09-23,demand-v2-provisional,provisional
KR,cultural_heritage,train,2421,2017-07-16,2018-07-08,2018-07-15 00:00:00+00:00,2018-07-15,2018-09-30,demand-v2-provisional,provisional
KR,cultural_heritage,train,2422,2017-07-23,2018-07-15,2018-07-22 00:00:00+00:00,2018-07-22,2018-10-07,demand-v2-provisional,provisional
KR,cultural_heritage,train,2423,2017-07-30,2018-07-22,2018-07-29 00:00:00+00:00,2018-07-29,2018-10-14,demand-v2-provisional,provisional
KR,cultural_heritage,train,2424,2017-08-06,2018-07-29,2018-08-05 00:00:00+00:00,2018-08-05,2018-10-21,demand-v2-provisional,provisional
KR,cultural_heritage,train,2425,2017-08-13,2018-08-05,2018-08-12 00:00:00+00:00,2018-08-12,2018-10-28,demand-v2-provisional,provisional
KR,cultural_heritage,train,2426,2017-08-20,2018-08-12,2018-08-19 00:00:00+00:00,2018-08-19,2018-11-04,demand-v2-provisional,provisional
KR,cultural_heritage,train,2427,2017-08-27,2018-08-19,2018-08-26 00:00:00+00:00,2018-08-26,2018-11-11,demand-v2-provisional,provisional
KR,cultural_heritage,train,2428,2017-09-03,2018-08-26,2018-09-02 00:00:00+00:00,2018-09-02,2018-11-18,demand-v2-provisional,provisional
KR,cultural_heritage,train,2429,2017-09-10,2018-09-02,2018-09-09 00:00:00+00:00,2018-09-09,2018-11-25,demand-v2-provisional,provisional
KR,cultural_heritage,train,2430,2017-09-17,2018-09-09,2018-09-16 00:00:00+00:00,2018-09-16,2018-12-02,demand-v2-provisional,provisional
KR,cultural_heritage,train,2431,2017-09-24,2018-09-16,2018-09-23 00:00:00+00:00,2018-09-23,2018-12-09,demand-v2-provisional,provisional
KR,cultural_heritage,train,2432,2017-10-01,2018-09-23,2018-09-30 00:00:00+00:00,2018-09-30,2018-12-16,demand-v2-provisional,provisional
KR,cultural_heritage,train,2433,2017-10-08,2018-09-30,2018-10-07 00:00:00+00:00,2018-10-07,2018-12-23,demand-v2-provisional,provisional
KR,cultural_heritage,train,2434,2017-10-15,2018-10-07,2018-10-14 00:00:00+00:00,2018-10-14,2018-12-30,demand-v2-provisional,provisional
KR,cultural_heritage,train,2435,2017-10-22,2018-10-14,2018-10-21 00:00:00+00:00,2018-10-21,2019-01-06,demand-v2-provisional,provisional
KR,cultural_heritage,train,2436,2017-10-29,2018-10-21,2018-10-28 00:00:00+00:00,2018-10-28,2019-01-13,demand-v2-provisional,provisional
KR,cultural_heritage,train,2437,2017-11-05,2018-10-28,2018-11-04 00:00:00+00:00,2018-11-04,2019-01-20,demand-v2-provisional,provisional
KR,cultural_heritage,train,2438,2017-11-12,2018-11-04,2018-11-11 00:00:00+00:00,2018-11-11,2019-01-27,demand-v2-provisional,provisional
KR,cultural_heritage,train,2439,2017-11-19,2018-11-11,2018-11-18 00:00:00+00:00,2018-11-18,2019-02-03,demand-v2-provisional,provisional
KR,cultural_heritage,train,2440,2017-11-26,2018-11-18,2018-11-25 00:00:00+00:00,2018-11-25,2019-02-10,demand-v2-provisional,provisional
KR,cultural_heritage,train,2441,2017-12-03,2018-11-25,2018-12-02 00:00:00+00:00,2018-12-02,2019-02-17,demand-v2-provisional,provisional
KR,cultural_heritage,train,2442,2017-12-10,2018-12-02,2018-12-09 00:00:00+00:00,2018-12-09,2019-02-24,demand-v2-provisional,provisional
KR,cultural_heritage,train,2443,2017-12-17,2018-12-09,2018-12-16 00:00:00+00:00,2018-12-16,2019-03-03,demand-v2-provisional,provisional
KR,cultural_heritage,train,2444,2017-12-24,2018-12-16,2018-12-23 00:00:00+00:00,2018-12-23,2019-03-10,demand-v2-provisional,provisional
KR,cultural_heritage,train,2445,2017-12-31,2018-12-23,2018-12-30 00:00:00+00:00,2018-12-30,2019-03-17,demand-v2-provisional,provisional
KR,cultural_heritage,train,2446,2018-01-07,2018-12-30,2019-01-06 00:00:00+00:00,2019-01-06,2019-03-24,demand-v2-provisional,provisional
KR,cultural_heritage,train,2447,2018-01-14,2019-01-06,2019-01-13 00:00:00+00:00,2019-01-13,2019-03-31,demand-v2-provisional,provisional
KR,cultural_heritage,train,2448,2018-01-21,2019-01-13,2019-01-20 00:00:00+00:00,2019-01-20,2019-04-07,demand-v2-provisional,provisional
KR,cultural_heritage,train,2449,2018-01-28,2019-01-20,2019-01-27 00:00:00+00:00,2019-01-27,2019-04-14,demand-v2-provisional,provisional
KR,cultural_heritage,train,2450,2018-02-04,2019-01-27,2019-02-03 00:00:00+00:00,2019-02-03,2019-04-21,demand-v2-provisional,provisional
KR,cultural_heritage,train,2451,2018-02-11,2019-02-03,2019-02-10 00:00:00+00:00,2019-02-10,2019-04-28,demand-v2-provisional,provisional
KR,cultural_heritage,train,2452,2018-02-18,2019-02-10,2019-02-17 00:00:00+00:00,2019-02-17,2019-05-05,demand-v2-provisional,provisional
KR,cultural_heritage,train,2453,2018-02-25,2019-02-17,2019-02-24 00:00:00+00:00,2019-02-24,2019-05-12,demand-v2-provisional,provisional
KR,cultural_heritage,train,2454,2018-03-04,2019-02-24,2019-03-03 00:00:00+00:00,2019-03-03,2019-05-19,demand-v2-provisional,provisional
KR,cultural_heritage,train,2455,2018-03-11,2019-03-03,2019-03-10 00:00:00+00:00,2019-03-10,2019-05-26,demand-v2-provisional,provisional
KR,cultural_heritage,train,2456,2018-03-18,2019-03-10,2019-03-17 00:00:00+00:00,2019-03-17,2019-06-02,demand-v2-provisional,provisional
KR,cultural_heritage,train,2457,2018-03-25,2019-03-17,2019-03-24 00:00:00+00:00,2019-03-24,2019-06-09,demand-v2-provisional,provisional
KR,cultural_heritage,train,2458,2018-04-01,2019-03-24,2019-03-31 00:00:00+00:00,2019-03-31,2019-06-16,demand-v2-provisional,provisional
KR,cultural_heritage,train,2459,2018-04-08,2019-03-31,2019-04-07 00:00:00+00:00,2019-04-07,2019-06-23,demand-v2-provisional,provisional
KR,cultural_heritage,train,2460,2018-04-15,2019-04-07,2019-04-14 00:00:00+00:00,2019-04-14,2019-06-30,demand-v2-provisional,provisional
KR,cultural_heritage,train,2461,2018-04-22,2019-04-14,2019-04-21 00:00:00+00:00,2019-04-21,2019-07-07,demand-v2-provisional,provisional
KR,cultural_heritage,train,2462,2018-04-29,2019-04-21,2019-04-28 00:00:00+00:00,2019-04-28,2019-07-14,demand-v2-provisional,provisional
KR,cultural_heritage,train,2463,2018-05-06,2019-04-28,2019-05-05 00:00:00+00:00,2019-05-05,2019-07-21,demand-v2-provisional,provisional
KR,cultural_heritage,train,2464,2018-05-13,2019-05-05,2019-05-12 00:00:00+00:00,2019-05-12,2019-07-28,demand-v2-provisional,provisional
KR,cultural_heritage,train,2465,2018-05-20,2019-05-12,2019-05-19 00:00:00+00:00,2019-05-19,2019-08-04,demand-v2-provisional,provisional
KR,cultural_heritage,train,2466,2018-05-27,2019-05-19,2019-05-26 00:00:00+00:00,2019-05-26,2019-08-11,demand-v2-provisional,provisional
KR,cultural_heritage,train,2467,2018-06-03,2019-05-26,2019-06-02 00:00:00+00:00,2019-06-02,2019-08-18,demand-v2-provisional,provisional
KR,cultural_heritage,train,2468,2018-06-10,2019-06-02,2019-06-09 00:00:00+00:00,2019-06-09,2019-08-25,demand-v2-provisional,provisional
KR,cultural_heritage,train,2469,2018-06-17,2019-06-09,2019-06-16 00:00:00+00:00,2019-06-16,2019-09-01,demand-v2-provisional,provisional
KR,cultural_heritage,train,2470,2018-06-24,2019-06-16,2019-06-23 00:00:00+00:00,2019-06-23,2019-09-08,demand-v2-provisional,provisional
KR,cultural_heritage,train,2471,2018-07-01,2019-06-23,2019-06-30 00:00:00+00:00,2019-06-30,2019-09-15,demand-v2-provisional,provisional
KR,cultural_heritage,train,2472,2018-07-08,2019-06-30,2019-07-07 00:00:00+00:00,2019-07-07,2019-09-22,demand-v2-provisional,provisional
KR,cultural_heritage,train,2473,2018-07-15,2019-07-07,2019-07-14 00:00:00+00:00,2019-07-14,2019-09-29,demand-v2-provisional,provisional
KR,cultural_heritage,train,2474,2018-07-22,2019-07-14,2019-07-21 00:00:00+00:00,2019-07-21,2019-10-06,demand-v2-provisional,provisional
KR,cultural_heritage,train,2475,2018-07-29,2019-07-21,2019-07-28 00:00:00+00:00,2019-07-28,2019-10-13,demand-v2-provisional,provisional
KR,cultural_heritage,train,2476,2018-08-05,2019-07-28,2019-08-04 00:00:00+00:00,2019-08-04,2019-10-20,demand-v2-provisional,provisional
KR,cultural_heritage,train,2477,2018-08-12,2019-08-04,2019-08-11 00:00:00+00:00,2019-08-11,2019-10-27,demand-v2-provisional,provisional
KR,cultural_heritage,train,2478,2018-08-19,2019-08-11,2019-08-18 00:00:00+00:00,2019-08-18,2019-11-03,demand-v2-provisional,provisional
KR,cultural_heritage,train,2479,2018-08-26,2019-08-18,2019-08-25 00:00:00+00:00,2019-08-25,2019-11-10,demand-v2-provisional,provisional
KR,cultural_heritage,train,2480,2018-09-02,2019-08-25,2019-09-01 00:00:00+00:00,2019-09-01,2019-11-17,demand-v2-provisional,provisional
KR,cultural_heritage,train,2481,2018-09-09,2019-09-01,2019-09-08 00:00:00+00:00,2019-09-08,2019-11-24,demand-v2-provisional,provisional
KR,cultural_heritage,train,2482,2018-09-16,2019-09-08,2019-09-15 00:00:00+00:00,2019-09-15,2019-12-01,demand-v2-provisional,provisional
KR,cultural_heritage,train,2483,2018-09-23,2019-09-15,2019-09-22 00:00:00+00:00,2019-09-22,2019-12-08,demand-v2-provisional,provisional
KR,cultural_heritage,train,2484,2018-09-30,2019-09-22,2019-09-29 00:00:00+00:00,2019-09-29,2019-12-15,demand-v2-provisional,provisional
KR,cultural_heritage,train,2485,2018-10-07,2019-09-29,2019-10-06 00:00:00+00:00,2019-10-06,2019-12-22,demand-v2-provisional,provisional
KR,cultural_heritage,train,2486,2023-01-01,2023-12-24,2023-12-31 00:00:00+00:00,2023-12-31,2024-03-17,demand-v2-provisional,provisional
KR,cultural_heritage,train,2487,2023-01-08,2023-12-31,2024-01-07 00:00:00+00:00,2024-01-07,2024-03-24,demand-v2-provisional,provisional
KR,cultural_heritage,train,2488,2023-01-15,2024-01-07,2024-01-14 00:00:00+00:00,2024-01-14,2024-03-31,demand-v2-provisional,provisional
KR,cultural_heritage,train,2489,2023-01-22,2024-01-14,2024-01-21 00:00:00+00:00,2024-01-21,2024-04-07,demand-v2-provisional,provisional
KR,cultural_heritage,train,2490,2023-01-29,2024-01-21,2024-01-28 00:00:00+00:00,2024-01-28,2024-04-14,demand-v2-provisional,provisional
KR,cultural_heritage,train,2491,2023-02-05,2024-01-28,2024-02-04 00:00:00+00:00,2024-02-04,2024-04-21,demand-v2-provisional,provisional
KR,cultural_heritage,train,2492,2023-02-12,2024-02-04,2024-02-11 00:00:00+00:00,2024-02-11,2024-04-28,demand-v2-provisional,provisional
KR,cultural_heritage,train,2493,2023-02-19,2024-02-11,2024-02-18 00:00:00+00:00,2024-02-18,2024-05-05,demand-v2-provisional,provisional
KR,cultural_heritage,train,2494,2023-02-26,2024-02-18,2024-02-25 00:00:00+00:00,2024-02-25,2024-05-12,demand-v2-provisional,provisional
KR,cultural_heritage,train,2495,2023-03-05,2024-02-25,2024-03-03 00:00:00+00:00,2024-03-03,2024-05-19,demand-v2-provisional,provisional
KR,cultural_heritage,validation,341,2023-05-28,2024-05-19,2024-05-26 00:00:00+00:00,2024-05-26,2024-08-11,demand-v2-provisional,provisional
KR,cultural_heritage,validation,342,2023-06-04,2024-05-26,2024-06-02 00:00:00+00:00,2024-06-02,2024-08-18,demand-v2-provisional,provisional
KR,cultural_heritage,validation,343,2023-06-11,2024-06-02,2024-06-09 00:00:00+00:00,2024-06-09,2024-08-25,demand-v2-provisional,provisional
KR,cultural_heritage,validation,344,2023-06-18,2024-06-09,2024-06-16 00:00:00+00:00,2024-06-16,2024-09-01,demand-v2-provisional,provisional
KR,cultural_heritage,validation,345,2023-06-25,2024-06-16,2024-06-23 00:00:00+00:00,2024-06-23,2024-09-08,demand-v2-provisional,provisional
KR,cultural_heritage,validation,346,2023-07-02,2024-06-23,2024-06-30 00:00:00+00:00,2024-06-30,2024-09-15,demand-v2-provisional,provisional
KR,cultural_heritage,validation,347,2023-07-09,2024-06-30,2024-07-07 00:00:00+00:00,2024-07-07,2024-09-22,demand-v2-provisional,provisional
KR,cultural_heritage,validation,348,2023-07-16,2024-07-07,2024-07-14 00:00:00+00:00,2024-07-14,2024-09-29,demand-v2-provisional,provisional
KR,cultural_heritage,validation,349,2023-07-23,2024-07-14,2024-07-21 00:00:00+00:00,2024-07-21,2024-10-06,demand-v2-provisional,provisional
KR,cultural_heritage,validation,350,2023-07-30,2024-07-21,2024-07-28 00:00:00+00:00,2024-07-28,2024-10-13,demand-v2-provisional,provisional
KR,cultural_heritage,validation,351,2023-08-06,2024-07-28,2024-08-04 00:00:00+00:00,2024-08-04,2024-10-20,demand-v2-provisional,provisional
KR,cultural_heritage,validation,352,2023-08-13,2024-08-04,2024-08-11 00:00:00+00:00,2024-08-11,2024-10-27,demand-v2-provisional,provisional
KR,cultural_heritage,validation,353,2023-08-20,2024-08-11,2024-08-18 00:00:00+00:00,2024-08-18,2024-11-03,demand-v2-provisional,provisional
KR,cultural_heritage,validation,354,2023-08-27,2024-08-18,2024-08-25 00:00:00+00:00,2024-08-25,2024-11-10,demand-v2-provisional,provisional
KR,cultural_heritage,validation,355,2023-09-03,2024-08-25,2024-09-01 00:00:00+00:00,2024-09-01,2024-11-17,demand-v2-provisional,provisional
KR,cultural_heritage,validation,356,2023-09-10,2024-09-01,2024-09-08 00:00:00+00:00,2024-09-08,2024-11-24,demand-v2-provisional,provisional
KR,cultural_heritage,validation,357,2023-09-17,2024-09-08,2024-09-15 00:00:00+00:00,2024-09-15,2024-12-01,demand-v2-provisional,provisional
KR,cultural_heritage,validation,358,2023-09-24,2024-09-15,2024-09-22 00:00:00+00:00,2024-09-22,2024-12-08,demand-v2-provisional,provisional
KR,cultural_heritage,validation,359,2023-10-01,2024-09-22,2024-09-29 00:00:00+00:00,2024-09-29,2024-12-15,demand-v2-provisional,provisional
KR,cultural_heritage,validation,360,2023-10-08,2024-09-29,2024-10-06 00:00:00+00:00,2024-10-06,2024-12-22,demand-v2-provisional,provisional
KR,cultural_heritage,validation,361,2023-10-15,2024-10-06,2024-10-13 00:00:00+00:00,2024-10-13,2024-12-29,demand-v2-provisional,provisional
KR,cultural_heritage,validation,362,2023-10-22,2024-10-13,2024-10-20 00:00:00+00:00,2024-10-20,2025-01-05,demand-v2-provisional,provisional
KR,cultural_heritage,validation,363,2023-10-29,2024-10-20,2024-10-27 00:00:00+00:00,2024-10-27,2025-01-12,demand-v2-provisional,provisional
KR,cultural_heritage,validation,364,2023-11-05,2024-10-27,2024-11-03 00:00:00+00:00,2024-11-03,2025-01-19,demand-v2-provisional,provisional
KR,cultural_heritage,validation,365,2023-11-12,2024-11-03,2024-11-10 00:00:00+00:00,2024-11-10,2025-01-26,demand-v2-provisional,provisional
KR,cultural_heritage,validation,366,2023-11-19,2024-11-10,2024-11-17 00:00:00+00:00,2024-11-17,2025-02-02,demand-v2-provisional,provisional
KR,cultural_heritage,validation,367,2023-11-26,2024-11-17,2024-11-24 00:00:00+00:00,2024-11-24,2025-02-09,demand-v2-provisional,provisional
KR,cultural_heritage,validation,368,2023-12-03,2024-11-24,2024-12-01 00:00:00+00:00,2024-12-01,2025-02-16,demand-v2-provisional,provisional
KR,cultural_heritage,validation,369,2023-12-10,2024-12-01,2024-12-08 00:00:00+00:00,2024-12-08,2025-02-23,demand-v2-provisional,provisional
KR,cultural_heritage,validation,370,2023-12-17,2024-12-08,2024-12-15 00:00:00+00:00,2024-12-15,2025-03-02,demand-v2-provisional,provisional
KR,cultural_heritage,validation,371,2023-12-24,2024-12-15,2024-12-22 00:00:00+00:00,2024-12-22,2025-03-09,demand-v2-provisional,provisional
KR,cultural_heritage,test,341,2024-03-17,2025-03-09,2025-03-16 00:00:00+00:00,2025-03-16,2025-06-01,demand-v2-provisional,provisional
KR,cultural_heritage,test,342,2024-03-24,2025-03-16,2025-03-23 00:00:00+00:00,2025-03-23,2025-06-08,demand-v2-provisional,provisional
KR,cultural_heritage,test,343,2024-03-31,2025-03-23,2025-03-30 00:00:00+00:00,2025-03-30,2025-06-15,demand-v2-provisional,provisional
KR,cultural_heritage,test,344,2024-04-07,2025-03-30,2025-04-06 00:00:00+00:00,2025-04-06,2025-06-22,demand-v2-provisional,provisional
KR,cultural_heritage,test,345,2024-04-14,2025-04-06,2025-04-13 00:00:00+00:00,2025-04-13,2025-06-29,demand-v2-provisional,provisional
KR,cultural_heritage,test,346,2024-04-21,2025-04-13,2025-04-20 00:00:00+00:00,2025-04-20,2025-07-06,demand-v2-provisional,provisional
KR,cultural_heritage,test,347,2024-04-28,2025-04-20,2025-04-27 00:00:00+00:00,2025-04-27,2025-07-13,demand-v2-provisional,provisional
KR,cultural_heritage,test,348,2024-05-05,2025-04-27,2025-05-04 00:00:00+00:00,2025-05-04,2025-07-20,demand-v2-provisional,provisional
KR,cultural_heritage,test,349,2024-05-12,2025-05-04,2025-05-11 00:00:00+00:00,2025-05-11,2025-07-27,demand-v2-provisional,provisional
KR,cultural_heritage,test,350,2024-05-19,2025-05-11,2025-05-18 00:00:00+00:00,2025-05-18,2025-08-03,demand-v2-provisional,provisional
KR,cultural_heritage,test,351,2024-05-26,2025-05-18,2025-05-25 00:00:00+00:00,2025-05-25,2025-08-10,demand-v2-provisional,provisional
KR,cultural_heritage,test,352,2024-06-02,2025-05-25,2025-06-01 00:00:00+00:00,2025-06-01,2025-08-17,demand-v2-provisional,provisional
KR,cultural_heritage,test,353,2024-06-09,2025-06-01,2025-06-08 00:00:00+00:00,2025-06-08,2025-08-24,demand-v2-provisional,provisional
KR,cultural_heritage,test,354,2024-06-16,2025-06-08,2025-06-15 00:00:00+00:00,2025-06-15,2025-08-31,demand-v2-provisional,provisional
KR,cultural_heritage,test,355,2024-06-23,2025-06-15,2025-06-22 00:00:00+00:00,2025-06-22,2025-09-07,demand-v2-provisional,provisional
KR,cultural_heritage,test,356,2024-06-30,2025-06-22,2025-06-29 00:00:00+00:00,2025-06-29,2025-09-14,demand-v2-provisional,provisional
KR,cultural_heritage,test,357,2024-07-07,2025-06-29,2025-07-06 00:00:00+00:00,2025-07-06,2025-09-21,demand-v2-provisional,provisional
KR,cultural_heritage,test,358,2024-07-14,2025-07-06,2025-07-13 00:00:00+00:00,2025-07-13,2025-09-28,demand-v2-provisional,provisional
KR,cultural_heritage,test,359,2024-07-21,2025-07-13,2025-07-20 00:00:00+00:00,2025-07-20,2025-10-05,demand-v2-provisional,provisional
KR,cultural_heritage,test,360,2024-07-28,2025-07-20,2025-07-27 00:00:00+00:00,2025-07-27,2025-10-12,demand-v2-provisional,provisional
KR,cultural_heritage,test,361,2024-08-04,2025-07-27,2025-08-03 00:00:00+00:00,2025-08-03,2025-10-19,demand-v2-provisional,provisional
KR,cultural_heritage,test,362,2024-08-11,2025-08-03,2025-08-10 00:00:00+00:00,2025-08-10,2025-10-26,demand-v2-provisional,provisional
KR,cultural_heritage,test,363,2024-08-18,2025-08-10,2025-08-17 00:00:00+00:00,2025-08-17,2025-11-02,demand-v2-provisional,provisional
KR,cultural_heritage,test,364,2024-08-25,2025-08-17,2025-08-24 00:00:00+00:00,2025-08-24,2025-11-09,demand-v2-provisional,provisional
KR,cultural_heritage,test,365,2024-09-01,2025-08-24,2025-08-31 00:00:00+00:00,2025-08-31,2025-11-16,demand-v2-provisional,provisional
KR,cultural_heritage,test,366,2024-09-08,2025-08-31,2025-09-07 00:00:00+00:00,2025-09-07,2025-11-23,demand-v2-provisional,provisional
KR,cultural_heritage,test,367,2024-09-15,2025-09-07,2025-09-14 00:00:00+00:00,2025-09-14,2025-11-30,demand-v2-provisional,provisional
KR,cultural_heritage,test,368,2024-09-22,2025-09-14,2025-09-21 00:00:00+00:00,2025-09-21,2025-12-07,demand-v2-provisional,provisional
KR,cultural_heritage,test,369,2024-09-29,2025-09-21,2025-09-28 00:00:00+00:00,2025-09-28,2025-12-14,demand-v2-provisional,provisional
KR,cultural_heritage,test,370,2024-10-06,2025-09-28,2025-10-05 00:00:00+00:00,2025-10-05,2025-12-21,demand-v2-provisional,provisional
KR,cultural_heritage,test,371,2024-10-13,2025-10-05,2025-10-12 00:00:00+00:00,2025-10-12,2025-12-28,demand-v2-provisional,provisional
KR,theme_parks_entertainment,train,2496,2014-12-28,2015-12-20,2015-12-27 00:00:00+00:00,2015-12-27,2016-03-13,demand-v2-provisional,provisional
KR,theme_parks_entertainment,train,2497,2015-01-04,2015-12-27,2016-01-03 00:00:00+00:00,2016-01-03,2016-03-20,demand-v2-provisional,provisional
KR,theme_parks_entertainment,train,2498,2015-01-11,2016-01-03,2016-01-10 00:00:00+00:00,2016-01-10,2016-03-27,demand-v2-provisional,provisional
KR,theme_parks_entertainment,train,2499,2015-01-18,2016-01-10,2016-01-17 00:00:00+00:00,2016-01-17,2016-04-03,demand-v2-provisional,provisional
KR,theme_parks_entertainment,train,2500,2015-01-25,2016-01-17,2016-01-24 00:00:00+00:00,2016-01-24,2016-04-10,demand-v2-provisional,provisional
KR,theme_parks_entertainment,train,2501,2015-02-01,2016-01-24,2016-01-31 00:00:00+00:00,2016-01-31,2016-04-17,demand-v2-provisional,provisional
KR,theme_parks_entertainment,train,2502,2015-02-08,2016-01-31,2016-02-07 00:00:00+00:00,2016-02-07,2016-04-24,demand-v2-provisional,provisional
KR,theme_parks_entertainment,train,2503,2015-02-15,2016-02-07,2016-02-14 00:00:00+00:00,2016-02-14,2016-05-01,demand-v2-provisional,provisional
KR,theme_parks_entertainment,train,2504,2015-02-22,2016-02-14,2016-02-21 00:00:00+00:00,2016-02-21,2016-05-08,demand-v2-provisional,provisional
KR,theme_parks_entertainment,train,2505,2015-03-01,2016-02-21,2016-02-28 00:00:00+00:00,2016-02-28,2016-05-15,demand-v2-provisional,provisional
KR,theme_parks_entertainment,train,2506,2015-03-08,2016-02-28,2016-03-06 00:00:00+00:00,2016-03-06,2016-05-22,demand-v2-provisional,provisional
KR,theme_parks_entertainment,train,2507,2015-03-15,2016-03-06,2016-03-13 00:00:00+00:00,2016-03-13,2016-05-29,demand-v2-provisional,provisional
KR,theme_parks_entertainment,train,2508,2015-03-22,2016-03-13,2016-03-20 00:00:00+00:00,2016-03-20,2016-06-05,demand-v2-provisional,provisional
KR,theme_parks_entertainment,train,2509,2015-03-29,2016-03-20,2016-03-27 00:00:00+00:00,2016-03-27,2016-06-12,demand-v2-provisional,provisional
KR,theme_parks_entertainment,train,2510,2015-04-05,2016-03-27,2016-04-03 00:00:00+00:00,2016-04-03,2016-06-19,demand-v2-provisional,provisional
KR,theme_parks_entertainment,train,2511,2015-04-12,2016-04-03,2016-04-10 00:00:00+00:00,2016-04-10,2016-06-26,demand-v2-provisional,provisional
KR,theme_parks_entertainment,train,2512,2015-04-19,2016-04-10,2016-04-17 00:00:00+00:00,2016-04-17,2016-07-03,demand-v2-provisional,provisional
KR,theme_parks_entertainment,train,2513,2015-04-26,2016-04-17,2016-04-24 00:00:00+00:00,2016-04-24,2016-07-10,demand-v2-provisional,provisional
KR,theme_parks_entertainment,train,2514,2015-05-03,2016-04-24,2016-05-01 00:00:00+00:00,2016-05-01,2016-07-17,demand-v2-provisional,provisional
KR,theme_parks_entertainment,train,2515,2015-05-10,2016-05-01,2016-05-08 00:00:00+00:00,2016-05-08,2016-07-24,demand-v2-provisional,provisional
KR,theme_parks_entertainment,train,2516,2015-05-17,2016-05-08,2016-05-15 00:00:00+00:00,2016-05-15,2016-07-31,demand-v2-provisional,provisional
KR,theme_parks_entertainment,train,2517,2015-05-24,2016-05-15,2016-05-22 00:00:00+00:00,2016-05-22,2016-08-07,demand-v2-provisional,provisional
KR,theme_parks_entertainment,train,2518,2015-05-31,2016-05-22,2016-05-29 00:00:00+00:00,2016-05-29,2016-08-14,demand-v2-provisional,provisional
KR,theme_parks_entertainment,train,2519,2015-06-07,2016-05-29,2016-06-05 00:00:00+00:00,2016-06-05,2016-08-21,demand-v2-provisional,provisional
KR,theme_parks_entertainment,train,2520,2015-06-14,2016-06-05,2016-06-12 00:00:00+00:00,2016-06-12,2016-08-28,demand-v2-provisional,provisional
KR,theme_parks_entertainment,train,2521,2015-06-21,2016-06-12,2016-06-19 00:00:00+00:00,2016-06-19,2016-09-04,demand-v2-provisional,provisional
KR,theme_parks_entertainment,train,2522,2015-06-28,2016-06-19,2016-06-26 00:00:00+00:00,2016-06-26,2016-09-11,demand-v2-provisional,provisional
KR,theme_parks_entertainment,train,2523,2015-07-05,2016-06-26,2016-07-03 00:00:00+00:00,2016-07-03,2016-09-18,demand-v2-provisional,provisional
KR,theme_parks_entertainment,train,2524,2015-07-12,2016-07-03,2016-07-10 00:00:00+00:00,2016-07-10,2016-09-25,demand-v2-provisional,provisional
KR,theme_parks_entertainment,train,2525,2015-07-19,2016-07-10,2016-07-17 00:00:00+00:00,2016-07-17,2016-10-02,demand-v2-provisional,provisional
KR,theme_parks_entertainment,train,2526,2015-07-26,2016-07-17,2016-07-24 00:00:00+00:00,2016-07-24,2016-10-09,demand-v2-provisional,provisional
KR,theme_parks_entertainment,train,2527,2015-08-02,2016-07-24,2016-07-31 00:00:00+00:00,2016-07-31,2016-10-16,demand-v2-provisional,provisional
KR,theme_parks_entertainment,train,2528,2015-08-09,2016-07-31,2016-08-07 00:00:00+00:00,2016-08-07,2016-10-23,demand-v2-provisional,provisional
KR,theme_parks_entertainment,train,2529,2015-08-16,2016-08-07,2016-08-14 00:00:00+00:00,2016-08-14,2016-10-30,demand-v2-provisional,provisional
KR,theme_parks_entertainment,train,2530,2015-08-23,2016-08-14,2016-08-21 00:00:00+00:00,2016-08-21,2016-11-06,demand-v2-provisional,provisional
KR,theme_parks_entertainment,train,2531,2015-08-30,2016-08-21,2016-08-28 00:00:00+00:00,2016-08-28,2016-11-13,demand-v2-provisional,provisional
KR,theme_parks_entertainment,train,2532,2015-09-06,2016-08-28,2016-09-04 00:00:00+00:00,2016-09-04,2016-11-20,demand-v2-provisional,provisional
KR,theme_parks_entertainment,train,2533,2015-09-13,2016-09-04,2016-09-11 00:00:00+00:00,2016-09-11,2016-11-27,demand-v2-provisional,provisional
KR,theme_parks_entertainment,train,2534,2015-09-20,2016-09-11,2016-09-18 00:00:00+00:00,2016-09-18,2016-12-04,demand-v2-provisional,provisional
KR,theme_parks_entertainment,train,2535,2015-09-27,2016-09-18,2016-09-25 00:00:00+00:00,2016-09-25,2016-12-11,demand-v2-provisional,provisional
KR,theme_parks_entertainment,train,2536,2015-10-04,2016-09-25,2016-10-02 00:00:00+00:00,2016-10-02,2016-12-18,demand-v2-provisional,provisional
KR,theme_parks_entertainment,train,2537,2015-10-11,2016-10-02,2016-10-09 00:00:00+00:00,2016-10-09,2016-12-25,demand-v2-provisional,provisional
KR,theme_parks_entertainment,train,2538,2015-10-18,2016-10-09,2016-10-16 00:00:00+00:00,2016-10-16,2017-01-01,demand-v2-provisional,provisional
KR,theme_parks_entertainment,train,2539,2015-10-25,2016-10-16,2016-10-23 00:00:00+00:00,2016-10-23,2017-01-08,demand-v2-provisional,provisional
KR,theme_parks_entertainment,train,2540,2015-11-01,2016-10-23,2016-10-30 00:00:00+00:00,2016-10-30,2017-01-15,demand-v2-provisional,provisional
KR,theme_parks_entertainment,train,2541,2015-11-08,2016-10-30,2016-11-06 00:00:00+00:00,2016-11-06,2017-01-22,demand-v2-provisional,provisional
KR,theme_parks_entertainment,train,2542,2015-11-15,2016-11-06,2016-11-13 00:00:00+00:00,2016-11-13,2017-01-29,demand-v2-provisional,provisional
KR,theme_parks_entertainment,train,2543,2015-11-22,2016-11-13,2016-11-20 00:00:00+00:00,2016-11-20,2017-02-05,demand-v2-provisional,provisional
KR,theme_parks_entertainment,train,2544,2015-11-29,2016-11-20,2016-11-27 00:00:00+00:00,2016-11-27,2017-02-12,demand-v2-provisional,provisional
KR,theme_parks_entertainment,train,2545,2015-12-06,2016-11-27,2016-12-04 00:00:00+00:00,2016-12-04,2017-02-19,demand-v2-provisional,provisional
KR,theme_parks_entertainment,train,2546,2015-12-13,2016-12-04,2016-12-11 00:00:00+00:00,2016-12-11,2017-02-26,demand-v2-provisional,provisional
KR,theme_parks_entertainment,train,2547,2015-12-20,2016-12-11,2016-12-18 00:00:00+00:00,2016-12-18,2017-03-05,demand-v2-provisional,provisional
KR,theme_parks_entertainment,train,2548,2015-12-27,2016-12-18,2016-12-25 00:00:00+00:00,2016-12-25,2017-03-12,demand-v2-provisional,provisional
KR,theme_parks_entertainment,train,2549,2016-01-03,2016-12-25,2017-01-01 00:00:00+00:00,2017-01-01,2017-03-19,demand-v2-provisional,provisional
KR,theme_parks_entertainment,train,2550,2016-01-10,2017-01-01,2017-01-08 00:00:00+00:00,2017-01-08,2017-03-26,demand-v2-provisional,provisional
KR,theme_parks_entertainment,train,2551,2016-01-17,2017-01-08,2017-01-15 00:00:00+00:00,2017-01-15,2017-04-02,demand-v2-provisional,provisional
KR,theme_parks_entertainment,train,2552,2016-01-24,2017-01-15,2017-01-22 00:00:00+00:00,2017-01-22,2017-04-09,demand-v2-provisional,provisional
KR,theme_parks_entertainment,train,2553,2016-01-31,2017-01-22,2017-01-29 00:00:00+00:00,2017-01-29,2017-04-16,demand-v2-provisional,provisional
KR,theme_parks_entertainment,train,2554,2016-02-07,2017-01-29,2017-02-05 00:00:00+00:00,2017-02-05,2017-04-23,demand-v2-provisional,provisional
KR,theme_parks_entertainment,train,2555,2016-02-14,2017-02-05,2017-02-12 00:00:00+00:00,2017-02-12,2017-04-30,demand-v2-provisional,provisional
KR,theme_parks_entertainment,train,2556,2016-02-21,2017-02-12,2017-02-19 00:00:00+00:00,2017-02-19,2017-05-07,demand-v2-provisional,provisional
KR,theme_parks_entertainment,train,2557,2016-02-28,2017-02-19,2017-02-26 00:00:00+00:00,2017-02-26,2017-05-14,demand-v2-provisional,provisional
KR,theme_parks_entertainment,train,2558,2016-03-06,2017-02-26,2017-03-05 00:00:00+00:00,2017-03-05,2017-05-21,demand-v2-provisional,provisional
KR,theme_parks_entertainment,train,2559,2016-03-13,2017-03-05,2017-03-12 00:00:00+00:00,2017-03-12,2017-05-28,demand-v2-provisional,provisional
KR,theme_parks_entertainment,train,2560,2016-03-20,2017-03-12,2017-03-19 00:00:00+00:00,2017-03-19,2017-06-04,demand-v2-provisional,provisional
KR,theme_parks_entertainment,train,2561,2016-03-27,2017-03-19,2017-03-26 00:00:00+00:00,2017-03-26,2017-06-11,demand-v2-provisional,provisional
KR,theme_parks_entertainment,train,2562,2016-04-03,2017-03-26,2017-04-02 00:00:00+00:00,2017-04-02,2017-06-18,demand-v2-provisional,provisional
KR,theme_parks_entertainment,train,2563,2016-04-10,2017-04-02,2017-04-09 00:00:00+00:00,2017-04-09,2017-06-25,demand-v2-provisional,provisional
KR,theme_parks_entertainment,train,2564,2016-04-17,2017-04-09,2017-04-16 00:00:00+00:00,2017-04-16,2017-07-02,demand-v2-provisional,provisional
KR,theme_parks_entertainment,train,2565,2016-04-24,2017-04-16,2017-04-23 00:00:00+00:00,2017-04-23,2017-07-09,demand-v2-provisional,provisional
KR,theme_parks_entertainment,train,2566,2016-05-01,2017-04-23,2017-04-30 00:00:00+00:00,2017-04-30,2017-07-16,demand-v2-provisional,provisional
KR,theme_parks_entertainment,train,2567,2016-05-08,2017-04-30,2017-05-07 00:00:00+00:00,2017-05-07,2017-07-23,demand-v2-provisional,provisional
KR,theme_parks_entertainment,train,2568,2016-05-15,2017-05-07,2017-05-14 00:00:00+00:00,2017-05-14,2017-07-30,demand-v2-provisional,provisional
KR,theme_parks_entertainment,train,2569,2016-05-22,2017-05-14,2017-05-21 00:00:00+00:00,2017-05-21,2017-08-06,demand-v2-provisional,provisional
KR,theme_parks_entertainment,train,2570,2016-05-29,2017-05-21,2017-05-28 00:00:00+00:00,2017-05-28,2017-08-13,demand-v2-provisional,provisional
KR,theme_parks_entertainment,train,2571,2016-06-05,2017-05-28,2017-06-04 00:00:00+00:00,2017-06-04,2017-08-20,demand-v2-provisional,provisional
KR,theme_parks_entertainment,train,2572,2016-06-12,2017-06-04,2017-06-11 00:00:00+00:00,2017-06-11,2017-08-27,demand-v2-provisional,provisional
KR,theme_parks_entertainment,train,2573,2016-06-19,2017-06-11,2017-06-18 00:00:00+00:00,2017-06-18,2017-09-03,demand-v2-provisional,provisional
KR,theme_parks_entertainment,train,2574,2016-06-26,2017-06-18,2017-06-25 00:00:00+00:00,2017-06-25,2017-09-10,demand-v2-provisional,provisional
KR,theme_parks_entertainment,train,2575,2016-07-03,2017-06-25,2017-07-02 00:00:00+00:00,2017-07-02,2017-09-17,demand-v2-provisional,provisional
KR,theme_parks_entertainment,train,2576,2016-07-10,2017-07-02,2017-07-09 00:00:00+00:00,2017-07-09,2017-09-24,demand-v2-provisional,provisional
KR,theme_parks_entertainment,train,2577,2016-07-17,2017-07-09,2017-07-16 00:00:00+00:00,2017-07-16,2017-10-01,demand-v2-provisional,provisional
KR,theme_parks_entertainment,train,2578,2016-07-24,2017-07-16,2017-07-23 00:00:00+00:00,2017-07-23,2017-10-08,demand-v2-provisional,provisional
KR,theme_parks_entertainment,train,2579,2016-07-31,2017-07-23,2017-07-30 00:00:00+00:00,2017-07-30,2017-10-15,demand-v2-provisional,provisional
KR,theme_parks_entertainment,train,2580,2016-08-07,2017-07-30,2017-08-06 00:00:00+00:00,2017-08-06,2017-10-22,demand-v2-provisional,provisional
KR,theme_parks_entertainment,train,2581,2016-08-14,2017-08-06,2017-08-13 00:00:00+00:00,2017-08-13,2017-10-29,demand-v2-provisional,provisional
KR,theme_parks_entertainment,train,2582,2016-08-21,2017-08-13,2017-08-20 00:00:00+00:00,2017-08-20,2017-11-05,demand-v2-provisional,provisional
KR,theme_parks_entertainment,train,2583,2016-08-28,2017-08-20,2017-08-27 00:00:00+00:00,2017-08-27,2017-11-12,demand-v2-provisional,provisional
KR,theme_parks_entertainment,train,2584,2016-09-04,2017-08-27,2017-09-03 00:00:00+00:00,2017-09-03,2017-11-19,demand-v2-provisional,provisional
KR,theme_parks_entertainment,train,2585,2016-09-11,2017-09-03,2017-09-10 00:00:00+00:00,2017-09-10,2017-11-26,demand-v2-provisional,provisional
KR,theme_parks_entertainment,train,2586,2016-09-18,2017-09-10,2017-09-17 00:00:00+00:00,2017-09-17,2017-12-03,demand-v2-provisional,provisional
KR,theme_parks_entertainment,train,2587,2016-09-25,2017-09-17,2017-09-24 00:00:00+00:00,2017-09-24,2017-12-10,demand-v2-provisional,provisional
KR,theme_parks_entertainment,train,2588,2016-10-02,2017-09-24,2017-10-01 00:00:00+00:00,2017-10-01,2017-12-17,demand-v2-provisional,provisional
KR,theme_parks_entertainment,train,2589,2016-10-09,2017-10-01,2017-10-08 00:00:00+00:00,2017-10-08,2017-12-24,demand-v2-provisional,provisional
KR,theme_parks_entertainment,train,2590,2016-10-16,2017-10-08,2017-10-15 00:00:00+00:00,2017-10-15,2017-12-31,demand-v2-provisional,provisional
KR,theme_parks_entertainment,train,2591,2016-10-23,2017-10-15,2017-10-22 00:00:00+00:00,2017-10-22,2018-01-07,demand-v2-provisional,provisional
KR,theme_parks_entertainment,train,2592,2016-10-30,2017-10-22,2017-10-29 00:00:00+00:00,2017-10-29,2018-01-14,demand-v2-provisional,provisional
KR,theme_parks_entertainment,train,2593,2016-11-06,2017-10-29,2017-11-05 00:00:00+00:00,2017-11-05,2018-01-21,demand-v2-provisional,provisional
KR,theme_parks_entertainment,train,2594,2016-11-13,2017-11-05,2017-11-12 00:00:00+00:00,2017-11-12,2018-01-28,demand-v2-provisional,provisional
KR,theme_parks_entertainment,train,2595,2016-11-20,2017-11-12,2017-11-19 00:00:00+00:00,2017-11-19,2018-02-04,demand-v2-provisional,provisional
KR,theme_parks_entertainment,train,2596,2016-11-27,2017-11-19,2017-11-26 00:00:00+00:00,2017-11-26,2018-02-11,demand-v2-provisional,provisional
KR,theme_parks_entertainment,train,2597,2016-12-04,2017-11-26,2017-12-03 00:00:00+00:00,2017-12-03,2018-02-18,demand-v2-provisional,provisional
KR,theme_parks_entertainment,train,2598,2016-12-11,2017-12-03,2017-12-10 00:00:00+00:00,2017-12-10,2018-02-25,demand-v2-provisional,provisional
KR,theme_parks_entertainment,train,2599,2016-12-18,2017-12-10,2017-12-17 00:00:00+00:00,2017-12-17,2018-03-04,demand-v2-provisional,provisional
KR,theme_parks_entertainment,train,2600,2016-12-25,2017-12-17,2017-12-24 00:00:00+00:00,2017-12-24,2018-03-11,demand-v2-provisional,provisional
KR,theme_parks_entertainment,train,2601,2017-01-01,2017-12-24,2017-12-31 00:00:00+00:00,2017-12-31,2018-03-18,demand-v2-provisional,provisional
KR,theme_parks_entertainment,train,2602,2017-01-08,2017-12-31,2018-01-07 00:00:00+00:00,2018-01-07,2018-03-25,demand-v2-provisional,provisional
KR,theme_parks_entertainment,train,2603,2017-01-15,2018-01-07,2018-01-14 00:00:00+00:00,2018-01-14,2018-04-01,demand-v2-provisional,provisional
KR,theme_parks_entertainment,train,2604,2017-01-22,2018-01-14,2018-01-21 00:00:00+00:00,2018-01-21,2018-04-08,demand-v2-provisional,provisional
KR,theme_parks_entertainment,train,2605,2017-01-29,2018-01-21,2018-01-28 00:00:00+00:00,2018-01-28,2018-04-15,demand-v2-provisional,provisional
KR,theme_parks_entertainment,train,2606,2017-02-05,2018-01-28,2018-02-04 00:00:00+00:00,2018-02-04,2018-04-22,demand-v2-provisional,provisional
KR,theme_parks_entertainment,train,2607,2017-02-12,2018-02-04,2018-02-11 00:00:00+00:00,2018-02-11,2018-04-29,demand-v2-provisional,provisional
KR,theme_parks_entertainment,train,2608,2017-02-19,2018-02-11,2018-02-18 00:00:00+00:00,2018-02-18,2018-05-06,demand-v2-provisional,provisional
KR,theme_parks_entertainment,train,2609,2017-02-26,2018-02-18,2018-02-25 00:00:00+00:00,2018-02-25,2018-05-13,demand-v2-provisional,provisional
KR,theme_parks_entertainment,train,2610,2017-03-05,2018-02-25,2018-03-04 00:00:00+00:00,2018-03-04,2018-05-20,demand-v2-provisional,provisional
KR,theme_parks_entertainment,train,2611,2017-03-12,2018-03-04,2018-03-11 00:00:00+00:00,2018-03-11,2018-05-27,demand-v2-provisional,provisional
KR,theme_parks_entertainment,train,2612,2017-03-19,2018-03-11,2018-03-18 00:00:00+00:00,2018-03-18,2018-06-03,demand-v2-provisional,provisional
KR,theme_parks_entertainment,train,2613,2017-03-26,2018-03-18,2018-03-25 00:00:00+00:00,2018-03-25,2018-06-10,demand-v2-provisional,provisional
KR,theme_parks_entertainment,train,2614,2017-04-02,2018-03-25,2018-04-01 00:00:00+00:00,2018-04-01,2018-06-17,demand-v2-provisional,provisional
KR,theme_parks_entertainment,train,2615,2017-04-09,2018-04-01,2018-04-08 00:00:00+00:00,2018-04-08,2018-06-24,demand-v2-provisional,provisional
KR,theme_parks_entertainment,train,2616,2017-04-16,2018-04-08,2018-04-15 00:00:00+00:00,2018-04-15,2018-07-01,demand-v2-provisional,provisional
KR,theme_parks_entertainment,train,2617,2017-04-23,2018-04-15,2018-04-22 00:00:00+00:00,2018-04-22,2018-07-08,demand-v2-provisional,provisional
KR,theme_parks_entertainment,train,2618,2017-04-30,2018-04-22,2018-04-29 00:00:00+00:00,2018-04-29,2018-07-15,demand-v2-provisional,provisional
KR,theme_parks_entertainment,train,2619,2017-05-07,2018-04-29,2018-05-06 00:00:00+00:00,2018-05-06,2018-07-22,demand-v2-provisional,provisional
KR,theme_parks_entertainment,train,2620,2017-05-14,2018-05-06,2018-05-13 00:00:00+00:00,2018-05-13,2018-07-29,demand-v2-provisional,provisional
KR,theme_parks_entertainment,train,2621,2017-05-21,2018-05-13,2018-05-20 00:00:00+00:00,2018-05-20,2018-08-05,demand-v2-provisional,provisional
KR,theme_parks_entertainment,train,2622,2017-05-28,2018-05-20,2018-05-27 00:00:00+00:00,2018-05-27,2018-08-12,demand-v2-provisional,provisional
KR,theme_parks_entertainment,train,2623,2017-06-04,2018-05-27,2018-06-03 00:00:00+00:00,2018-06-03,2018-08-19,demand-v2-provisional,provisional
KR,theme_parks_entertainment,train,2624,2017-06-11,2018-06-03,2018-06-10 00:00:00+00:00,2018-06-10,2018-08-26,demand-v2-provisional,provisional
KR,theme_parks_entertainment,train,2625,2017-06-18,2018-06-10,2018-06-17 00:00:00+00:00,2018-06-17,2018-09-02,demand-v2-provisional,provisional
KR,theme_parks_entertainment,train,2626,2017-06-25,2018-06-17,2018-06-24 00:00:00+00:00,2018-06-24,2018-09-09,demand-v2-provisional,provisional
KR,theme_parks_entertainment,train,2627,2017-07-02,2018-06-24,2018-07-01 00:00:00+00:00,2018-07-01,2018-09-16,demand-v2-provisional,provisional
KR,theme_parks_entertainment,train,2628,2017-07-09,2018-07-01,2018-07-08 00:00:00+00:00,2018-07-08,2018-09-23,demand-v2-provisional,provisional
KR,theme_parks_entertainment,train,2629,2017-07-16,2018-07-08,2018-07-15 00:00:00+00:00,2018-07-15,2018-09-30,demand-v2-provisional,provisional
KR,theme_parks_entertainment,train,2630,2017-07-23,2018-07-15,2018-07-22 00:00:00+00:00,2018-07-22,2018-10-07,demand-v2-provisional,provisional
KR,theme_parks_entertainment,train,2631,2017-07-30,2018-07-22,2018-07-29 00:00:00+00:00,2018-07-29,2018-10-14,demand-v2-provisional,provisional
KR,theme_parks_entertainment,train,2632,2017-08-06,2018-07-29,2018-08-05 00:00:00+00:00,2018-08-05,2018-10-21,demand-v2-provisional,provisional
KR,theme_parks_entertainment,train,2633,2017-08-13,2018-08-05,2018-08-12 00:00:00+00:00,2018-08-12,2018-10-28,demand-v2-provisional,provisional
KR,theme_parks_entertainment,train,2634,2017-08-20,2018-08-12,2018-08-19 00:00:00+00:00,2018-08-19,2018-11-04,demand-v2-provisional,provisional
KR,theme_parks_entertainment,train,2635,2017-08-27,2018-08-19,2018-08-26 00:00:00+00:00,2018-08-26,2018-11-11,demand-v2-provisional,provisional
KR,theme_parks_entertainment,train,2636,2017-09-03,2018-08-26,2018-09-02 00:00:00+00:00,2018-09-02,2018-11-18,demand-v2-provisional,provisional
KR,theme_parks_entertainment,train,2637,2017-09-10,2018-09-02,2018-09-09 00:00:00+00:00,2018-09-09,2018-11-25,demand-v2-provisional,provisional
KR,theme_parks_entertainment,train,2638,2017-09-17,2018-09-09,2018-09-16 00:00:00+00:00,2018-09-16,2018-12-02,demand-v2-provisional,provisional
KR,theme_parks_entertainment,train,2639,2017-09-24,2018-09-16,2018-09-23 00:00:00+00:00,2018-09-23,2018-12-09,demand-v2-provisional,provisional
KR,theme_parks_entertainment,train,2640,2017-10-01,2018-09-23,2018-09-30 00:00:00+00:00,2018-09-30,2018-12-16,demand-v2-provisional,provisional
KR,theme_parks_entertainment,train,2641,2017-10-08,2018-09-30,2018-10-07 00:00:00+00:00,2018-10-07,2018-12-23,demand-v2-provisional,provisional
KR,theme_parks_entertainment,train,2642,2017-10-15,2018-10-07,2018-10-14 00:00:00+00:00,2018-10-14,2018-12-30,demand-v2-provisional,provisional
KR,theme_parks_entertainment,train,2643,2017-10-22,2018-10-14,2018-10-21 00:00:00+00:00,2018-10-21,2019-01-06,demand-v2-provisional,provisional
KR,theme_parks_entertainment,train,2644,2017-10-29,2018-10-21,2018-10-28 00:00:00+00:00,2018-10-28,2019-01-13,demand-v2-provisional,provisional
KR,theme_parks_entertainment,train,2645,2017-11-05,2018-10-28,2018-11-04 00:00:00+00:00,2018-11-04,2019-01-20,demand-v2-provisional,provisional
KR,theme_parks_entertainment,train,2646,2017-11-12,2018-11-04,2018-11-11 00:00:00+00:00,2018-11-11,2019-01-27,demand-v2-provisional,provisional
KR,theme_parks_entertainment,train,2647,2017-11-19,2018-11-11,2018-11-18 00:00:00+00:00,2018-11-18,2019-02-03,demand-v2-provisional,provisional
KR,theme_parks_entertainment,train,2648,2017-11-26,2018-11-18,2018-11-25 00:00:00+00:00,2018-11-25,2019-02-10,demand-v2-provisional,provisional
KR,theme_parks_entertainment,train,2649,2017-12-03,2018-11-25,2018-12-02 00:00:00+00:00,2018-12-02,2019-02-17,demand-v2-provisional,provisional
KR,theme_parks_entertainment,train,2650,2017-12-10,2018-12-02,2018-12-09 00:00:00+00:00,2018-12-09,2019-02-24,demand-v2-provisional,provisional
KR,theme_parks_entertainment,train,2651,2017-12-17,2018-12-09,2018-12-16 00:00:00+00:00,2018-12-16,2019-03-03,demand-v2-provisional,provisional
KR,theme_parks_entertainment,train,2652,2017-12-24,2018-12-16,2018-12-23 00:00:00+00:00,2018-12-23,2019-03-10,demand-v2-provisional,provisional
KR,theme_parks_entertainment,train,2653,2017-12-31,2018-12-23,2018-12-30 00:00:00+00:00,2018-12-30,2019-03-17,demand-v2-provisional,provisional
KR,theme_parks_entertainment,train,2654,2018-01-07,2018-12-30,2019-01-06 00:00:00+00:00,2019-01-06,2019-03-24,demand-v2-provisional,provisional
KR,theme_parks_entertainment,train,2655,2018-01-14,2019-01-06,2019-01-13 00:00:00+00:00,2019-01-13,2019-03-31,demand-v2-provisional,provisional
KR,theme_parks_entertainment,train,2656,2018-01-21,2019-01-13,2019-01-20 00:00:00+00:00,2019-01-20,2019-04-07,demand-v2-provisional,provisional
KR,theme_parks_entertainment,train,2657,2018-01-28,2019-01-20,2019-01-27 00:00:00+00:00,2019-01-27,2019-04-14,demand-v2-provisional,provisional
KR,theme_parks_entertainment,train,2658,2018-02-04,2019-01-27,2019-02-03 00:00:00+00:00,2019-02-03,2019-04-21,demand-v2-provisional,provisional
KR,theme_parks_entertainment,train,2659,2018-02-11,2019-02-03,2019-02-10 00:00:00+00:00,2019-02-10,2019-04-28,demand-v2-provisional,provisional
KR,theme_parks_entertainment,train,2660,2018-02-18,2019-02-10,2019-02-17 00:00:00+00:00,2019-02-17,2019-05-05,demand-v2-provisional,provisional
KR,theme_parks_entertainment,train,2661,2018-02-25,2019-02-17,2019-02-24 00:00:00+00:00,2019-02-24,2019-05-12,demand-v2-provisional,provisional
KR,theme_parks_entertainment,train,2662,2018-03-04,2019-02-24,2019-03-03 00:00:00+00:00,2019-03-03,2019-05-19,demand-v2-provisional,provisional
KR,theme_parks_entertainment,train,2663,2018-03-11,2019-03-03,2019-03-10 00:00:00+00:00,2019-03-10,2019-05-26,demand-v2-provisional,provisional
KR,theme_parks_entertainment,train,2664,2018-03-18,2019-03-10,2019-03-17 00:00:00+00:00,2019-03-17,2019-06-02,demand-v2-provisional,provisional
KR,theme_parks_entertainment,train,2665,2018-03-25,2019-03-17,2019-03-24 00:00:00+00:00,2019-03-24,2019-06-09,demand-v2-provisional,provisional
KR,theme_parks_entertainment,train,2666,2018-04-01,2019-03-24,2019-03-31 00:00:00+00:00,2019-03-31,2019-06-16,demand-v2-provisional,provisional
KR,theme_parks_entertainment,train,2667,2018-04-08,2019-03-31,2019-04-07 00:00:00+00:00,2019-04-07,2019-06-23,demand-v2-provisional,provisional
KR,theme_parks_entertainment,train,2668,2018-04-15,2019-04-07,2019-04-14 00:00:00+00:00,2019-04-14,2019-06-30,demand-v2-provisional,provisional
KR,theme_parks_entertainment,train,2669,2018-04-22,2019-04-14,2019-04-21 00:00:00+00:00,2019-04-21,2019-07-07,demand-v2-provisional,provisional
KR,theme_parks_entertainment,train,2670,2018-04-29,2019-04-21,2019-04-28 00:00:00+00:00,2019-04-28,2019-07-14,demand-v2-provisional,provisional
KR,theme_parks_entertainment,train,2671,2018-05-06,2019-04-28,2019-05-05 00:00:00+00:00,2019-05-05,2019-07-21,demand-v2-provisional,provisional
KR,theme_parks_entertainment,train,2672,2018-05-13,2019-05-05,2019-05-12 00:00:00+00:00,2019-05-12,2019-07-28,demand-v2-provisional,provisional
KR,theme_parks_entertainment,train,2673,2018-05-20,2019-05-12,2019-05-19 00:00:00+00:00,2019-05-19,2019-08-04,demand-v2-provisional,provisional
KR,theme_parks_entertainment,train,2674,2018-05-27,2019-05-19,2019-05-26 00:00:00+00:00,2019-05-26,2019-08-11,demand-v2-provisional,provisional
KR,theme_parks_entertainment,train,2675,2018-06-03,2019-05-26,2019-06-02 00:00:00+00:00,2019-06-02,2019-08-18,demand-v2-provisional,provisional
KR,theme_parks_entertainment,train,2676,2018-06-10,2019-06-02,2019-06-09 00:00:00+00:00,2019-06-09,2019-08-25,demand-v2-provisional,provisional
KR,theme_parks_entertainment,train,2677,2018-06-17,2019-06-09,2019-06-16 00:00:00+00:00,2019-06-16,2019-09-01,demand-v2-provisional,provisional
KR,theme_parks_entertainment,train,2678,2018-06-24,2019-06-16,2019-06-23 00:00:00+00:00,2019-06-23,2019-09-08,demand-v2-provisional,provisional
KR,theme_parks_entertainment,train,2679,2018-07-01,2019-06-23,2019-06-30 00:00:00+00:00,2019-06-30,2019-09-15,demand-v2-provisional,provisional
KR,theme_parks_entertainment,train,2680,2018-07-08,2019-06-30,2019-07-07 00:00:00+00:00,2019-07-07,2019-09-22,demand-v2-provisional,provisional
KR,theme_parks_entertainment,train,2681,2018-07-15,2019-07-07,2019-07-14 00:00:00+00:00,2019-07-14,2019-09-29,demand-v2-provisional,provisional
KR,theme_parks_entertainment,train,2682,2018-07-22,2019-07-14,2019-07-21 00:00:00+00:00,2019-07-21,2019-10-06,demand-v2-provisional,provisional
KR,theme_parks_entertainment,train,2683,2018-07-29,2019-07-21,2019-07-28 00:00:00+00:00,2019-07-28,2019-10-13,demand-v2-provisional,provisional
KR,theme_parks_entertainment,train,2684,2018-08-05,2019-07-28,2019-08-04 00:00:00+00:00,2019-08-04,2019-10-20,demand-v2-provisional,provisional
KR,theme_parks_entertainment,train,2685,2018-08-12,2019-08-04,2019-08-11 00:00:00+00:00,2019-08-11,2019-10-27,demand-v2-provisional,provisional
KR,theme_parks_entertainment,train,2686,2018-08-19,2019-08-11,2019-08-18 00:00:00+00:00,2019-08-18,2019-11-03,demand-v2-provisional,provisional
KR,theme_parks_entertainment,train,2687,2018-08-26,2019-08-18,2019-08-25 00:00:00+00:00,2019-08-25,2019-11-10,demand-v2-provisional,provisional
KR,theme_parks_entertainment,train,2688,2018-09-02,2019-08-25,2019-09-01 00:00:00+00:00,2019-09-01,2019-11-17,demand-v2-provisional,provisional
KR,theme_parks_entertainment,train,2689,2018-09-09,2019-09-01,2019-09-08 00:00:00+00:00,2019-09-08,2019-11-24,demand-v2-provisional,provisional
KR,theme_parks_entertainment,train,2690,2018-09-16,2019-09-08,2019-09-15 00:00:00+00:00,2019-09-15,2019-12-01,demand-v2-provisional,provisional
KR,theme_parks_entertainment,train,2691,2018-09-23,2019-09-15,2019-09-22 00:00:00+00:00,2019-09-22,2019-12-08,demand-v2-provisional,provisional
KR,theme_parks_entertainment,train,2692,2018-09-30,2019-09-22,2019-09-29 00:00:00+00:00,2019-09-29,2019-12-15,demand-v2-provisional,provisional
KR,theme_parks_entertainment,train,2693,2018-10-07,2019-09-29,2019-10-06 00:00:00+00:00,2019-10-06,2019-12-22,demand-v2-provisional,provisional
KR,theme_parks_entertainment,train,2694,2023-01-01,2023-12-24,2023-12-31 00:00:00+00:00,2023-12-31,2024-03-17,demand-v2-provisional,provisional
KR,theme_parks_entertainment,train,2695,2023-01-08,2023-12-31,2024-01-07 00:00:00+00:00,2024-01-07,2024-03-24,demand-v2-provisional,provisional
KR,theme_parks_entertainment,train,2696,2023-01-15,2024-01-07,2024-01-14 00:00:00+00:00,2024-01-14,2024-03-31,demand-v2-provisional,provisional
KR,theme_parks_entertainment,train,2697,2023-01-22,2024-01-14,2024-01-21 00:00:00+00:00,2024-01-21,2024-04-07,demand-v2-provisional,provisional
KR,theme_parks_entertainment,train,2698,2023-01-29,2024-01-21,2024-01-28 00:00:00+00:00,2024-01-28,2024-04-14,demand-v2-provisional,provisional
KR,theme_parks_entertainment,train,2699,2023-02-05,2024-01-28,2024-02-04 00:00:00+00:00,2024-02-04,2024-04-21,demand-v2-provisional,provisional
KR,theme_parks_entertainment,train,2700,2023-02-12,2024-02-04,2024-02-11 00:00:00+00:00,2024-02-11,2024-04-28,demand-v2-provisional,provisional
KR,theme_parks_entertainment,train,2701,2023-02-19,2024-02-11,2024-02-18 00:00:00+00:00,2024-02-18,2024-05-05,demand-v2-provisional,provisional
KR,theme_parks_entertainment,train,2702,2023-02-26,2024-02-18,2024-02-25 00:00:00+00:00,2024-02-25,2024-05-12,demand-v2-provisional,provisional
KR,theme_parks_entertainment,train,2703,2023-03-05,2024-02-25,2024-03-03 00:00:00+00:00,2024-03-03,2024-05-19,demand-v2-provisional,provisional
KR,theme_parks_entertainment,validation,372,2023-05-28,2024-05-19,2024-05-26 00:00:00+00:00,2024-05-26,2024-08-11,demand-v2-provisional,provisional
KR,theme_parks_entertainment,validation,373,2023-06-04,2024-05-26,2024-06-02 00:00:00+00:00,2024-06-02,2024-08-18,demand-v2-provisional,provisional
KR,theme_parks_entertainment,validation,374,2023-06-11,2024-06-02,2024-06-09 00:00:00+00:00,2024-06-09,2024-08-25,demand-v2-provisional,provisional
KR,theme_parks_entertainment,validation,375,2023-06-18,2024-06-09,2024-06-16 00:00:00+00:00,2024-06-16,2024-09-01,demand-v2-provisional,provisional
KR,theme_parks_entertainment,validation,376,2023-06-25,2024-06-16,2024-06-23 00:00:00+00:00,2024-06-23,2024-09-08,demand-v2-provisional,provisional
KR,theme_parks_entertainment,validation,377,2023-07-02,2024-06-23,2024-06-30 00:00:00+00:00,2024-06-30,2024-09-15,demand-v2-provisional,provisional
KR,theme_parks_entertainment,validation,378,2023-07-09,2024-06-30,2024-07-07 00:00:00+00:00,2024-07-07,2024-09-22,demand-v2-provisional,provisional
KR,theme_parks_entertainment,validation,379,2023-07-16,2024-07-07,2024-07-14 00:00:00+00:00,2024-07-14,2024-09-29,demand-v2-provisional,provisional
KR,theme_parks_entertainment,validation,380,2023-07-23,2024-07-14,2024-07-21 00:00:00+00:00,2024-07-21,2024-10-06,demand-v2-provisional,provisional
KR,theme_parks_entertainment,validation,381,2023-07-30,2024-07-21,2024-07-28 00:00:00+00:00,2024-07-28,2024-10-13,demand-v2-provisional,provisional
KR,theme_parks_entertainment,validation,382,2023-08-06,2024-07-28,2024-08-04 00:00:00+00:00,2024-08-04,2024-10-20,demand-v2-provisional,provisional
KR,theme_parks_entertainment,validation,383,2023-08-13,2024-08-04,2024-08-11 00:00:00+00:00,2024-08-11,2024-10-27,demand-v2-provisional,provisional
KR,theme_parks_entertainment,validation,384,2023-08-20,2024-08-11,2024-08-18 00:00:00+00:00,2024-08-18,2024-11-03,demand-v2-provisional,provisional
KR,theme_parks_entertainment,validation,385,2023-08-27,2024-08-18,2024-08-25 00:00:00+00:00,2024-08-25,2024-11-10,demand-v2-provisional,provisional
KR,theme_parks_entertainment,validation,386,2023-09-03,2024-08-25,2024-09-01 00:00:00+00:00,2024-09-01,2024-11-17,demand-v2-provisional,provisional
KR,theme_parks_entertainment,validation,387,2023-09-10,2024-09-01,2024-09-08 00:00:00+00:00,2024-09-08,2024-11-24,demand-v2-provisional,provisional
KR,theme_parks_entertainment,validation,388,2023-09-17,2024-09-08,2024-09-15 00:00:00+00:00,2024-09-15,2024-12-01,demand-v2-provisional,provisional
KR,theme_parks_entertainment,validation,389,2023-09-24,2024-09-15,2024-09-22 00:00:00+00:00,2024-09-22,2024-12-08,demand-v2-provisional,provisional
KR,theme_parks_entertainment,validation,390,2023-10-01,2024-09-22,2024-09-29 00:00:00+00:00,2024-09-29,2024-12-15,demand-v2-provisional,provisional
KR,theme_parks_entertainment,validation,391,2023-10-08,2024-09-29,2024-10-06 00:00:00+00:00,2024-10-06,2024-12-22,demand-v2-provisional,provisional
KR,theme_parks_entertainment,validation,392,2023-10-15,2024-10-06,2024-10-13 00:00:00+00:00,2024-10-13,2024-12-29,demand-v2-provisional,provisional
KR,theme_parks_entertainment,validation,393,2023-10-22,2024-10-13,2024-10-20 00:00:00+00:00,2024-10-20,2025-01-05,demand-v2-provisional,provisional
KR,theme_parks_entertainment,validation,394,2023-10-29,2024-10-20,2024-10-27 00:00:00+00:00,2024-10-27,2025-01-12,demand-v2-provisional,provisional
KR,theme_parks_entertainment,validation,395,2023-11-05,2024-10-27,2024-11-03 00:00:00+00:00,2024-11-03,2025-01-19,demand-v2-provisional,provisional
KR,theme_parks_entertainment,validation,396,2023-11-12,2024-11-03,2024-11-10 00:00:00+00:00,2024-11-10,2025-01-26,demand-v2-provisional,provisional
KR,theme_parks_entertainment,validation,397,2023-11-19,2024-11-10,2024-11-17 00:00:00+00:00,2024-11-17,2025-02-02,demand-v2-provisional,provisional
KR,theme_parks_entertainment,validation,398,2023-11-26,2024-11-17,2024-11-24 00:00:00+00:00,2024-11-24,2025-02-09,demand-v2-provisional,provisional
KR,theme_parks_entertainment,validation,399,2023-12-03,2024-11-24,2024-12-01 00:00:00+00:00,2024-12-01,2025-02-16,demand-v2-provisional,provisional
KR,theme_parks_entertainment,validation,400,2023-12-10,2024-12-01,2024-12-08 00:00:00+00:00,2024-12-08,2025-02-23,demand-v2-provisional,provisional
KR,theme_parks_entertainment,validation,401,2023-12-17,2024-12-08,2024-12-15 00:00:00+00:00,2024-12-15,2025-03-02,demand-v2-provisional,provisional
KR,theme_parks_entertainment,validation,402,2023-12-24,2024-12-15,2024-12-22 00:00:00+00:00,2024-12-22,2025-03-09,demand-v2-provisional,provisional
KR,theme_parks_entertainment,test,372,2024-03-17,2025-03-09,2025-03-16 00:00:00+00:00,2025-03-16,2025-06-01,demand-v2-provisional,provisional
KR,theme_parks_entertainment,test,373,2024-03-24,2025-03-16,2025-03-23 00:00:00+00:00,2025-03-23,2025-06-08,demand-v2-provisional,provisional
KR,theme_parks_entertainment,test,374,2024-03-31,2025-03-23,2025-03-30 00:00:00+00:00,2025-03-30,2025-06-15,demand-v2-provisional,provisional
KR,theme_parks_entertainment,test,375,2024-04-07,2025-03-30,2025-04-06 00:00:00+00:00,2025-04-06,2025-06-22,demand-v2-provisional,provisional
KR,theme_parks_entertainment,test,376,2024-04-14,2025-04-06,2025-04-13 00:00:00+00:00,2025-04-13,2025-06-29,demand-v2-provisional,provisional
KR,theme_parks_entertainment,test,377,2024-04-21,2025-04-13,2025-04-20 00:00:00+00:00,2025-04-20,2025-07-06,demand-v2-provisional,provisional
KR,theme_parks_entertainment,test,378,2024-04-28,2025-04-20,2025-04-27 00:00:00+00:00,2025-04-27,2025-07-13,demand-v2-provisional,provisional
KR,theme_parks_entertainment,test,379,2024-05-05,2025-04-27,2025-05-04 00:00:00+00:00,2025-05-04,2025-07-20,demand-v2-provisional,provisional
KR,theme_parks_entertainment,test,380,2024-05-12,2025-05-04,2025-05-11 00:00:00+00:00,2025-05-11,2025-07-27,demand-v2-provisional,provisional
KR,theme_parks_entertainment,test,381,2024-05-19,2025-05-11,2025-05-18 00:00:00+00:00,2025-05-18,2025-08-03,demand-v2-provisional,provisional
KR,theme_parks_entertainment,test,382,2024-05-26,2025-05-18,2025-05-25 00:00:00+00:00,2025-05-25,2025-08-10,demand-v2-provisional,provisional
KR,theme_parks_entertainment,test,383,2024-06-02,2025-05-25,2025-06-01 00:00:00+00:00,2025-06-01,2025-08-17,demand-v2-provisional,provisional
KR,theme_parks_entertainment,test,384,2024-06-09,2025-06-01,2025-06-08 00:00:00+00:00,2025-06-08,2025-08-24,demand-v2-provisional,provisional
KR,theme_parks_entertainment,test,385,2024-06-16,2025-06-08,2025-06-15 00:00:00+00:00,2025-06-15,2025-08-31,demand-v2-provisional,provisional
KR,theme_parks_entertainment,test,386,2024-06-23,2025-06-15,2025-06-22 00:00:00+00:00,2025-06-22,2025-09-07,demand-v2-provisional,provisional
KR,theme_parks_entertainment,test,387,2024-06-30,2025-06-22,2025-06-29 00:00:00+00:00,2025-06-29,2025-09-14,demand-v2-provisional,provisional
KR,theme_parks_entertainment,test,388,2024-07-07,2025-06-29,2025-07-06 00:00:00+00:00,2025-07-06,2025-09-21,demand-v2-provisional,provisional
KR,theme_parks_entertainment,test,389,2024-07-14,2025-07-06,2025-07-13 00:00:00+00:00,2025-07-13,2025-09-28,demand-v2-provisional,provisional
KR,theme_parks_entertainment,test,390,2024-07-21,2025-07-13,2025-07-20 00:00:00+00:00,2025-07-20,2025-10-05,demand-v2-provisional,provisional
KR,theme_parks_entertainment,test,391,2024-07-28,2025-07-20,2025-07-27 00:00:00+00:00,2025-07-27,2025-10-12,demand-v2-provisional,provisional
KR,theme_parks_entertainment,test,392,2024-08-04,2025-07-27,2025-08-03 00:00:00+00:00,2025-08-03,2025-10-19,demand-v2-provisional,provisional
KR,theme_parks_entertainment,test,393,2024-08-11,2025-08-03,2025-08-10 00:00:00+00:00,2025-08-10,2025-10-26,demand-v2-provisional,provisional
KR,theme_parks_entertainment,test,394,2024-08-18,2025-08-10,2025-08-17 00:00:00+00:00,2025-08-17,2025-11-02,demand-v2-provisional,provisional
KR,theme_parks_entertainment,test,395,2024-08-25,2025-08-17,2025-08-24 00:00:00+00:00,2025-08-24,2025-11-09,demand-v2-provisional,provisional
KR,theme_parks_entertainment,test,396,2024-09-01,2025-08-24,2025-08-31 00:00:00+00:00,2025-08-31,2025-11-16,demand-v2-provisional,provisional
KR,theme_parks_entertainment,test,397,2024-09-08,2025-08-31,2025-09-07 00:00:00+00:00,2025-09-07,2025-11-23,demand-v2-provisional,provisional
KR,theme_parks_entertainment,test,398,2024-09-15,2025-09-07,2025-09-14 00:00:00+00:00,2025-09-14,2025-11-30,demand-v2-provisional,provisional
KR,theme_parks_entertainment,test,399,2024-09-22,2025-09-14,2025-09-21 00:00:00+00:00,2025-09-21,2025-12-07,demand-v2-provisional,provisional
KR,theme_parks_entertainment,test,400,2024-09-29,2025-09-21,2025-09-28 00:00:00+00:00,2025-09-28,2025-12-14,demand-v2-provisional,provisional
KR,theme_parks_entertainment,test,401,2024-10-06,2025-09-28,2025-10-05 00:00:00+00:00,2025-10-05,2025-12-21,demand-v2-provisional,provisional
KR,theme_parks_entertainment,test,402,2024-10-13,2025-10-05,2025-10-12 00:00:00+00:00,2025-10-12,2025-12-28,demand-v2-provisional,provisional
KR,urban_city,train,2704,2014-12-28,2015-12-20,2015-12-27 00:00:00+00:00,2015-12-27,2016-03-13,demand-v2-provisional,provisional
KR,urban_city,train,2705,2015-01-04,2015-12-27,2016-01-03 00:00:00+00:00,2016-01-03,2016-03-20,demand-v2-provisional,provisional
KR,urban_city,train,2706,2015-01-11,2016-01-03,2016-01-10 00:00:00+00:00,2016-01-10,2016-03-27,demand-v2-provisional,provisional
KR,urban_city,train,2707,2015-01-18,2016-01-10,2016-01-17 00:00:00+00:00,2016-01-17,2016-04-03,demand-v2-provisional,provisional
KR,urban_city,train,2708,2015-01-25,2016-01-17,2016-01-24 00:00:00+00:00,2016-01-24,2016-04-10,demand-v2-provisional,provisional
KR,urban_city,train,2709,2015-02-01,2016-01-24,2016-01-31 00:00:00+00:00,2016-01-31,2016-04-17,demand-v2-provisional,provisional
KR,urban_city,train,2710,2015-02-08,2016-01-31,2016-02-07 00:00:00+00:00,2016-02-07,2016-04-24,demand-v2-provisional,provisional
KR,urban_city,train,2711,2015-02-15,2016-02-07,2016-02-14 00:00:00+00:00,2016-02-14,2016-05-01,demand-v2-provisional,provisional
KR,urban_city,train,2712,2015-02-22,2016-02-14,2016-02-21 00:00:00+00:00,2016-02-21,2016-05-08,demand-v2-provisional,provisional
KR,urban_city,train,2713,2015-03-01,2016-02-21,2016-02-28 00:00:00+00:00,2016-02-28,2016-05-15,demand-v2-provisional,provisional
KR,urban_city,train,2714,2015-03-08,2016-02-28,2016-03-06 00:00:00+00:00,2016-03-06,2016-05-22,demand-v2-provisional,provisional
KR,urban_city,train,2715,2015-03-15,2016-03-06,2016-03-13 00:00:00+00:00,2016-03-13,2016-05-29,demand-v2-provisional,provisional
KR,urban_city,train,2716,2015-03-22,2016-03-13,2016-03-20 00:00:00+00:00,2016-03-20,2016-06-05,demand-v2-provisional,provisional
KR,urban_city,train,2717,2015-03-29,2016-03-20,2016-03-27 00:00:00+00:00,2016-03-27,2016-06-12,demand-v2-provisional,provisional
KR,urban_city,train,2718,2015-04-05,2016-03-27,2016-04-03 00:00:00+00:00,2016-04-03,2016-06-19,demand-v2-provisional,provisional
KR,urban_city,train,2719,2015-04-12,2016-04-03,2016-04-10 00:00:00+00:00,2016-04-10,2016-06-26,demand-v2-provisional,provisional
KR,urban_city,train,2720,2015-04-19,2016-04-10,2016-04-17 00:00:00+00:00,2016-04-17,2016-07-03,demand-v2-provisional,provisional
KR,urban_city,train,2721,2015-04-26,2016-04-17,2016-04-24 00:00:00+00:00,2016-04-24,2016-07-10,demand-v2-provisional,provisional
KR,urban_city,train,2722,2015-05-03,2016-04-24,2016-05-01 00:00:00+00:00,2016-05-01,2016-07-17,demand-v2-provisional,provisional
KR,urban_city,train,2723,2015-05-10,2016-05-01,2016-05-08 00:00:00+00:00,2016-05-08,2016-07-24,demand-v2-provisional,provisional
KR,urban_city,train,2724,2015-05-17,2016-05-08,2016-05-15 00:00:00+00:00,2016-05-15,2016-07-31,demand-v2-provisional,provisional
KR,urban_city,train,2725,2015-05-24,2016-05-15,2016-05-22 00:00:00+00:00,2016-05-22,2016-08-07,demand-v2-provisional,provisional
KR,urban_city,train,2726,2015-05-31,2016-05-22,2016-05-29 00:00:00+00:00,2016-05-29,2016-08-14,demand-v2-provisional,provisional
KR,urban_city,train,2727,2015-06-07,2016-05-29,2016-06-05 00:00:00+00:00,2016-06-05,2016-08-21,demand-v2-provisional,provisional
KR,urban_city,train,2728,2015-06-14,2016-06-05,2016-06-12 00:00:00+00:00,2016-06-12,2016-08-28,demand-v2-provisional,provisional
KR,urban_city,train,2729,2015-06-21,2016-06-12,2016-06-19 00:00:00+00:00,2016-06-19,2016-09-04,demand-v2-provisional,provisional
KR,urban_city,train,2730,2015-06-28,2016-06-19,2016-06-26 00:00:00+00:00,2016-06-26,2016-09-11,demand-v2-provisional,provisional
KR,urban_city,train,2731,2015-07-05,2016-06-26,2016-07-03 00:00:00+00:00,2016-07-03,2016-09-18,demand-v2-provisional,provisional
KR,urban_city,train,2732,2015-07-12,2016-07-03,2016-07-10 00:00:00+00:00,2016-07-10,2016-09-25,demand-v2-provisional,provisional
KR,urban_city,train,2733,2015-07-19,2016-07-10,2016-07-17 00:00:00+00:00,2016-07-17,2016-10-02,demand-v2-provisional,provisional
KR,urban_city,train,2734,2015-07-26,2016-07-17,2016-07-24 00:00:00+00:00,2016-07-24,2016-10-09,demand-v2-provisional,provisional
KR,urban_city,train,2735,2015-08-02,2016-07-24,2016-07-31 00:00:00+00:00,2016-07-31,2016-10-16,demand-v2-provisional,provisional
KR,urban_city,train,2736,2015-08-09,2016-07-31,2016-08-07 00:00:00+00:00,2016-08-07,2016-10-23,demand-v2-provisional,provisional
KR,urban_city,train,2737,2015-08-16,2016-08-07,2016-08-14 00:00:00+00:00,2016-08-14,2016-10-30,demand-v2-provisional,provisional
KR,urban_city,train,2738,2015-08-23,2016-08-14,2016-08-21 00:00:00+00:00,2016-08-21,2016-11-06,demand-v2-provisional,provisional
KR,urban_city,train,2739,2015-08-30,2016-08-21,2016-08-28 00:00:00+00:00,2016-08-28,2016-11-13,demand-v2-provisional,provisional
KR,urban_city,train,2740,2015-09-06,2016-08-28,2016-09-04 00:00:00+00:00,2016-09-04,2016-11-20,demand-v2-provisional,provisional
KR,urban_city,train,2741,2015-09-13,2016-09-04,2016-09-11 00:00:00+00:00,2016-09-11,2016-11-27,demand-v2-provisional,provisional
KR,urban_city,train,2742,2015-09-20,2016-09-11,2016-09-18 00:00:00+00:00,2016-09-18,2016-12-04,demand-v2-provisional,provisional
KR,urban_city,train,2743,2015-09-27,2016-09-18,2016-09-25 00:00:00+00:00,2016-09-25,2016-12-11,demand-v2-provisional,provisional
KR,urban_city,train,2744,2015-10-04,2016-09-25,2016-10-02 00:00:00+00:00,2016-10-02,2016-12-18,demand-v2-provisional,provisional
KR,urban_city,train,2745,2015-10-11,2016-10-02,2016-10-09 00:00:00+00:00,2016-10-09,2016-12-25,demand-v2-provisional,provisional
KR,urban_city,train,2746,2015-10-18,2016-10-09,2016-10-16 00:00:00+00:00,2016-10-16,2017-01-01,demand-v2-provisional,provisional
KR,urban_city,train,2747,2015-10-25,2016-10-16,2016-10-23 00:00:00+00:00,2016-10-23,2017-01-08,demand-v2-provisional,provisional
KR,urban_city,train,2748,2015-11-01,2016-10-23,2016-10-30 00:00:00+00:00,2016-10-30,2017-01-15,demand-v2-provisional,provisional
KR,urban_city,train,2749,2015-11-08,2016-10-30,2016-11-06 00:00:00+00:00,2016-11-06,2017-01-22,demand-v2-provisional,provisional
KR,urban_city,train,2750,2015-11-15,2016-11-06,2016-11-13 00:00:00+00:00,2016-11-13,2017-01-29,demand-v2-provisional,provisional
KR,urban_city,train,2751,2015-11-22,2016-11-13,2016-11-20 00:00:00+00:00,2016-11-20,2017-02-05,demand-v2-provisional,provisional
KR,urban_city,train,2752,2015-11-29,2016-11-20,2016-11-27 00:00:00+00:00,2016-11-27,2017-02-12,demand-v2-provisional,provisional
KR,urban_city,train,2753,2015-12-06,2016-11-27,2016-12-04 00:00:00+00:00,2016-12-04,2017-02-19,demand-v2-provisional,provisional
KR,urban_city,train,2754,2015-12-13,2016-12-04,2016-12-11 00:00:00+00:00,2016-12-11,2017-02-26,demand-v2-provisional,provisional
KR,urban_city,train,2755,2015-12-20,2016-12-11,2016-12-18 00:00:00+00:00,2016-12-18,2017-03-05,demand-v2-provisional,provisional
KR,urban_city,train,2756,2015-12-27,2016-12-18,2016-12-25 00:00:00+00:00,2016-12-25,2017-03-12,demand-v2-provisional,provisional
KR,urban_city,train,2757,2016-01-03,2016-12-25,2017-01-01 00:00:00+00:00,2017-01-01,2017-03-19,demand-v2-provisional,provisional
KR,urban_city,train,2758,2016-01-10,2017-01-01,2017-01-08 00:00:00+00:00,2017-01-08,2017-03-26,demand-v2-provisional,provisional
KR,urban_city,train,2759,2016-01-17,2017-01-08,2017-01-15 00:00:00+00:00,2017-01-15,2017-04-02,demand-v2-provisional,provisional
KR,urban_city,train,2760,2016-01-24,2017-01-15,2017-01-22 00:00:00+00:00,2017-01-22,2017-04-09,demand-v2-provisional,provisional
KR,urban_city,train,2761,2016-01-31,2017-01-22,2017-01-29 00:00:00+00:00,2017-01-29,2017-04-16,demand-v2-provisional,provisional
KR,urban_city,train,2762,2016-02-07,2017-01-29,2017-02-05 00:00:00+00:00,2017-02-05,2017-04-23,demand-v2-provisional,provisional
KR,urban_city,train,2763,2016-02-14,2017-02-05,2017-02-12 00:00:00+00:00,2017-02-12,2017-04-30,demand-v2-provisional,provisional
KR,urban_city,train,2764,2016-02-21,2017-02-12,2017-02-19 00:00:00+00:00,2017-02-19,2017-05-07,demand-v2-provisional,provisional
KR,urban_city,train,2765,2016-02-28,2017-02-19,2017-02-26 00:00:00+00:00,2017-02-26,2017-05-14,demand-v2-provisional,provisional
KR,urban_city,train,2766,2016-03-06,2017-02-26,2017-03-05 00:00:00+00:00,2017-03-05,2017-05-21,demand-v2-provisional,provisional
KR,urban_city,train,2767,2016-03-13,2017-03-05,2017-03-12 00:00:00+00:00,2017-03-12,2017-05-28,demand-v2-provisional,provisional
KR,urban_city,train,2768,2016-03-20,2017-03-12,2017-03-19 00:00:00+00:00,2017-03-19,2017-06-04,demand-v2-provisional,provisional
KR,urban_city,train,2769,2016-03-27,2017-03-19,2017-03-26 00:00:00+00:00,2017-03-26,2017-06-11,demand-v2-provisional,provisional
KR,urban_city,train,2770,2016-04-03,2017-03-26,2017-04-02 00:00:00+00:00,2017-04-02,2017-06-18,demand-v2-provisional,provisional
KR,urban_city,train,2771,2016-04-10,2017-04-02,2017-04-09 00:00:00+00:00,2017-04-09,2017-06-25,demand-v2-provisional,provisional
KR,urban_city,train,2772,2016-04-17,2017-04-09,2017-04-16 00:00:00+00:00,2017-04-16,2017-07-02,demand-v2-provisional,provisional
KR,urban_city,train,2773,2016-04-24,2017-04-16,2017-04-23 00:00:00+00:00,2017-04-23,2017-07-09,demand-v2-provisional,provisional
KR,urban_city,train,2774,2016-05-01,2017-04-23,2017-04-30 00:00:00+00:00,2017-04-30,2017-07-16,demand-v2-provisional,provisional
KR,urban_city,train,2775,2016-05-08,2017-04-30,2017-05-07 00:00:00+00:00,2017-05-07,2017-07-23,demand-v2-provisional,provisional
KR,urban_city,train,2776,2016-05-15,2017-05-07,2017-05-14 00:00:00+00:00,2017-05-14,2017-07-30,demand-v2-provisional,provisional
KR,urban_city,train,2777,2016-05-22,2017-05-14,2017-05-21 00:00:00+00:00,2017-05-21,2017-08-06,demand-v2-provisional,provisional
KR,urban_city,train,2778,2016-05-29,2017-05-21,2017-05-28 00:00:00+00:00,2017-05-28,2017-08-13,demand-v2-provisional,provisional
KR,urban_city,train,2779,2016-06-05,2017-05-28,2017-06-04 00:00:00+00:00,2017-06-04,2017-08-20,demand-v2-provisional,provisional
KR,urban_city,train,2780,2016-06-12,2017-06-04,2017-06-11 00:00:00+00:00,2017-06-11,2017-08-27,demand-v2-provisional,provisional
KR,urban_city,train,2781,2016-06-19,2017-06-11,2017-06-18 00:00:00+00:00,2017-06-18,2017-09-03,demand-v2-provisional,provisional
KR,urban_city,train,2782,2016-06-26,2017-06-18,2017-06-25 00:00:00+00:00,2017-06-25,2017-09-10,demand-v2-provisional,provisional
KR,urban_city,train,2783,2016-07-03,2017-06-25,2017-07-02 00:00:00+00:00,2017-07-02,2017-09-17,demand-v2-provisional,provisional
KR,urban_city,train,2784,2016-07-10,2017-07-02,2017-07-09 00:00:00+00:00,2017-07-09,2017-09-24,demand-v2-provisional,provisional
KR,urban_city,train,2785,2016-07-17,2017-07-09,2017-07-16 00:00:00+00:00,2017-07-16,2017-10-01,demand-v2-provisional,provisional
KR,urban_city,train,2786,2016-07-24,2017-07-16,2017-07-23 00:00:00+00:00,2017-07-23,2017-10-08,demand-v2-provisional,provisional
KR,urban_city,train,2787,2016-07-31,2017-07-23,2017-07-30 00:00:00+00:00,2017-07-30,2017-10-15,demand-v2-provisional,provisional
KR,urban_city,train,2788,2016-08-07,2017-07-30,2017-08-06 00:00:00+00:00,2017-08-06,2017-10-22,demand-v2-provisional,provisional
KR,urban_city,train,2789,2016-08-14,2017-08-06,2017-08-13 00:00:00+00:00,2017-08-13,2017-10-29,demand-v2-provisional,provisional
KR,urban_city,train,2790,2016-08-21,2017-08-13,2017-08-20 00:00:00+00:00,2017-08-20,2017-11-05,demand-v2-provisional,provisional
KR,urban_city,train,2791,2016-08-28,2017-08-20,2017-08-27 00:00:00+00:00,2017-08-27,2017-11-12,demand-v2-provisional,provisional
KR,urban_city,train,2792,2016-09-04,2017-08-27,2017-09-03 00:00:00+00:00,2017-09-03,2017-11-19,demand-v2-provisional,provisional
KR,urban_city,train,2793,2016-09-11,2017-09-03,2017-09-10 00:00:00+00:00,2017-09-10,2017-11-26,demand-v2-provisional,provisional
KR,urban_city,train,2794,2016-09-18,2017-09-10,2017-09-17 00:00:00+00:00,2017-09-17,2017-12-03,demand-v2-provisional,provisional
KR,urban_city,train,2795,2016-09-25,2017-09-17,2017-09-24 00:00:00+00:00,2017-09-24,2017-12-10,demand-v2-provisional,provisional
KR,urban_city,train,2796,2016-10-02,2017-09-24,2017-10-01 00:00:00+00:00,2017-10-01,2017-12-17,demand-v2-provisional,provisional
KR,urban_city,train,2797,2016-10-09,2017-10-01,2017-10-08 00:00:00+00:00,2017-10-08,2017-12-24,demand-v2-provisional,provisional
KR,urban_city,train,2798,2016-10-16,2017-10-08,2017-10-15 00:00:00+00:00,2017-10-15,2017-12-31,demand-v2-provisional,provisional
KR,urban_city,train,2799,2016-10-23,2017-10-15,2017-10-22 00:00:00+00:00,2017-10-22,2018-01-07,demand-v2-provisional,provisional
KR,urban_city,train,2800,2016-10-30,2017-10-22,2017-10-29 00:00:00+00:00,2017-10-29,2018-01-14,demand-v2-provisional,provisional
KR,urban_city,train,2801,2016-11-06,2017-10-29,2017-11-05 00:00:00+00:00,2017-11-05,2018-01-21,demand-v2-provisional,provisional
KR,urban_city,train,2802,2016-11-13,2017-11-05,2017-11-12 00:00:00+00:00,2017-11-12,2018-01-28,demand-v2-provisional,provisional
KR,urban_city,train,2803,2016-11-20,2017-11-12,2017-11-19 00:00:00+00:00,2017-11-19,2018-02-04,demand-v2-provisional,provisional
KR,urban_city,train,2804,2016-11-27,2017-11-19,2017-11-26 00:00:00+00:00,2017-11-26,2018-02-11,demand-v2-provisional,provisional
KR,urban_city,train,2805,2016-12-04,2017-11-26,2017-12-03 00:00:00+00:00,2017-12-03,2018-02-18,demand-v2-provisional,provisional
KR,urban_city,train,2806,2016-12-11,2017-12-03,2017-12-10 00:00:00+00:00,2017-12-10,2018-02-25,demand-v2-provisional,provisional
KR,urban_city,train,2807,2016-12-18,2017-12-10,2017-12-17 00:00:00+00:00,2017-12-17,2018-03-04,demand-v2-provisional,provisional
KR,urban_city,train,2808,2016-12-25,2017-12-17,2017-12-24 00:00:00+00:00,2017-12-24,2018-03-11,demand-v2-provisional,provisional
KR,urban_city,train,2809,2017-01-01,2017-12-24,2017-12-31 00:00:00+00:00,2017-12-31,2018-03-18,demand-v2-provisional,provisional
KR,urban_city,train,2810,2017-01-08,2017-12-31,2018-01-07 00:00:00+00:00,2018-01-07,2018-03-25,demand-v2-provisional,provisional
KR,urban_city,train,2811,2017-01-15,2018-01-07,2018-01-14 00:00:00+00:00,2018-01-14,2018-04-01,demand-v2-provisional,provisional
KR,urban_city,train,2812,2017-01-22,2018-01-14,2018-01-21 00:00:00+00:00,2018-01-21,2018-04-08,demand-v2-provisional,provisional
KR,urban_city,train,2813,2017-01-29,2018-01-21,2018-01-28 00:00:00+00:00,2018-01-28,2018-04-15,demand-v2-provisional,provisional
KR,urban_city,train,2814,2017-02-05,2018-01-28,2018-02-04 00:00:00+00:00,2018-02-04,2018-04-22,demand-v2-provisional,provisional
KR,urban_city,train,2815,2017-02-12,2018-02-04,2018-02-11 00:00:00+00:00,2018-02-11,2018-04-29,demand-v2-provisional,provisional
KR,urban_city,train,2816,2017-02-19,2018-02-11,2018-02-18 00:00:00+00:00,2018-02-18,2018-05-06,demand-v2-provisional,provisional
KR,urban_city,train,2817,2017-02-26,2018-02-18,2018-02-25 00:00:00+00:00,2018-02-25,2018-05-13,demand-v2-provisional,provisional
KR,urban_city,train,2818,2017-03-05,2018-02-25,2018-03-04 00:00:00+00:00,2018-03-04,2018-05-20,demand-v2-provisional,provisional
KR,urban_city,train,2819,2017-03-12,2018-03-04,2018-03-11 00:00:00+00:00,2018-03-11,2018-05-27,demand-v2-provisional,provisional
KR,urban_city,train,2820,2017-03-19,2018-03-11,2018-03-18 00:00:00+00:00,2018-03-18,2018-06-03,demand-v2-provisional,provisional
KR,urban_city,train,2821,2017-03-26,2018-03-18,2018-03-25 00:00:00+00:00,2018-03-25,2018-06-10,demand-v2-provisional,provisional
KR,urban_city,train,2822,2017-04-02,2018-03-25,2018-04-01 00:00:00+00:00,2018-04-01,2018-06-17,demand-v2-provisional,provisional
KR,urban_city,train,2823,2017-04-09,2018-04-01,2018-04-08 00:00:00+00:00,2018-04-08,2018-06-24,demand-v2-provisional,provisional
KR,urban_city,train,2824,2017-04-16,2018-04-08,2018-04-15 00:00:00+00:00,2018-04-15,2018-07-01,demand-v2-provisional,provisional
KR,urban_city,train,2825,2017-04-23,2018-04-15,2018-04-22 00:00:00+00:00,2018-04-22,2018-07-08,demand-v2-provisional,provisional
KR,urban_city,train,2826,2017-04-30,2018-04-22,2018-04-29 00:00:00+00:00,2018-04-29,2018-07-15,demand-v2-provisional,provisional
KR,urban_city,train,2827,2017-05-07,2018-04-29,2018-05-06 00:00:00+00:00,2018-05-06,2018-07-22,demand-v2-provisional,provisional
KR,urban_city,train,2828,2017-05-14,2018-05-06,2018-05-13 00:00:00+00:00,2018-05-13,2018-07-29,demand-v2-provisional,provisional
KR,urban_city,train,2829,2017-05-21,2018-05-13,2018-05-20 00:00:00+00:00,2018-05-20,2018-08-05,demand-v2-provisional,provisional
KR,urban_city,train,2830,2017-05-28,2018-05-20,2018-05-27 00:00:00+00:00,2018-05-27,2018-08-12,demand-v2-provisional,provisional
KR,urban_city,train,2831,2017-06-04,2018-05-27,2018-06-03 00:00:00+00:00,2018-06-03,2018-08-19,demand-v2-provisional,provisional
KR,urban_city,train,2832,2017-06-11,2018-06-03,2018-06-10 00:00:00+00:00,2018-06-10,2018-08-26,demand-v2-provisional,provisional
KR,urban_city,train,2833,2017-06-18,2018-06-10,2018-06-17 00:00:00+00:00,2018-06-17,2018-09-02,demand-v2-provisional,provisional
KR,urban_city,train,2834,2017-06-25,2018-06-17,2018-06-24 00:00:00+00:00,2018-06-24,2018-09-09,demand-v2-provisional,provisional
KR,urban_city,train,2835,2017-07-02,2018-06-24,2018-07-01 00:00:00+00:00,2018-07-01,2018-09-16,demand-v2-provisional,provisional
KR,urban_city,train,2836,2017-07-09,2018-07-01,2018-07-08 00:00:00+00:00,2018-07-08,2018-09-23,demand-v2-provisional,provisional
KR,urban_city,train,2837,2017-07-16,2018-07-08,2018-07-15 00:00:00+00:00,2018-07-15,2018-09-30,demand-v2-provisional,provisional
KR,urban_city,train,2838,2017-07-23,2018-07-15,2018-07-22 00:00:00+00:00,2018-07-22,2018-10-07,demand-v2-provisional,provisional
KR,urban_city,train,2839,2017-07-30,2018-07-22,2018-07-29 00:00:00+00:00,2018-07-29,2018-10-14,demand-v2-provisional,provisional
KR,urban_city,train,2840,2017-08-06,2018-07-29,2018-08-05 00:00:00+00:00,2018-08-05,2018-10-21,demand-v2-provisional,provisional
KR,urban_city,train,2841,2017-08-13,2018-08-05,2018-08-12 00:00:00+00:00,2018-08-12,2018-10-28,demand-v2-provisional,provisional
KR,urban_city,train,2842,2017-08-20,2018-08-12,2018-08-19 00:00:00+00:00,2018-08-19,2018-11-04,demand-v2-provisional,provisional
KR,urban_city,train,2843,2017-08-27,2018-08-19,2018-08-26 00:00:00+00:00,2018-08-26,2018-11-11,demand-v2-provisional,provisional
KR,urban_city,train,2844,2017-09-03,2018-08-26,2018-09-02 00:00:00+00:00,2018-09-02,2018-11-18,demand-v2-provisional,provisional
KR,urban_city,train,2845,2017-09-10,2018-09-02,2018-09-09 00:00:00+00:00,2018-09-09,2018-11-25,demand-v2-provisional,provisional
KR,urban_city,train,2846,2017-09-17,2018-09-09,2018-09-16 00:00:00+00:00,2018-09-16,2018-12-02,demand-v2-provisional,provisional
KR,urban_city,train,2847,2017-09-24,2018-09-16,2018-09-23 00:00:00+00:00,2018-09-23,2018-12-09,demand-v2-provisional,provisional
KR,urban_city,train,2848,2017-10-01,2018-09-23,2018-09-30 00:00:00+00:00,2018-09-30,2018-12-16,demand-v2-provisional,provisional
KR,urban_city,train,2849,2017-10-08,2018-09-30,2018-10-07 00:00:00+00:00,2018-10-07,2018-12-23,demand-v2-provisional,provisional
KR,urban_city,train,2850,2017-10-15,2018-10-07,2018-10-14 00:00:00+00:00,2018-10-14,2018-12-30,demand-v2-provisional,provisional
KR,urban_city,train,2851,2017-10-22,2018-10-14,2018-10-21 00:00:00+00:00,2018-10-21,2019-01-06,demand-v2-provisional,provisional
KR,urban_city,train,2852,2017-10-29,2018-10-21,2018-10-28 00:00:00+00:00,2018-10-28,2019-01-13,demand-v2-provisional,provisional
KR,urban_city,train,2853,2017-11-05,2018-10-28,2018-11-04 00:00:00+00:00,2018-11-04,2019-01-20,demand-v2-provisional,provisional
KR,urban_city,train,2854,2017-11-12,2018-11-04,2018-11-11 00:00:00+00:00,2018-11-11,2019-01-27,demand-v2-provisional,provisional
KR,urban_city,train,2855,2017-11-19,2018-11-11,2018-11-18 00:00:00+00:00,2018-11-18,2019-02-03,demand-v2-provisional,provisional
KR,urban_city,train,2856,2017-11-26,2018-11-18,2018-11-25 00:00:00+00:00,2018-11-25,2019-02-10,demand-v2-provisional,provisional
KR,urban_city,train,2857,2017-12-03,2018-11-25,2018-12-02 00:00:00+00:00,2018-12-02,2019-02-17,demand-v2-provisional,provisional
KR,urban_city,train,2858,2017-12-10,2018-12-02,2018-12-09 00:00:00+00:00,2018-12-09,2019-02-24,demand-v2-provisional,provisional
KR,urban_city,train,2859,2017-12-17,2018-12-09,2018-12-16 00:00:00+00:00,2018-12-16,2019-03-03,demand-v2-provisional,provisional
KR,urban_city,train,2860,2017-12-24,2018-12-16,2018-12-23 00:00:00+00:00,2018-12-23,2019-03-10,demand-v2-provisional,provisional
KR,urban_city,train,2861,2017-12-31,2018-12-23,2018-12-30 00:00:00+00:00,2018-12-30,2019-03-17,demand-v2-provisional,provisional
KR,urban_city,train,2862,2018-01-07,2018-12-30,2019-01-06 00:00:00+00:00,2019-01-06,2019-03-24,demand-v2-provisional,provisional
KR,urban_city,train,2863,2018-01-14,2019-01-06,2019-01-13 00:00:00+00:00,2019-01-13,2019-03-31,demand-v2-provisional,provisional
KR,urban_city,train,2864,2018-01-21,2019-01-13,2019-01-20 00:00:00+00:00,2019-01-20,2019-04-07,demand-v2-provisional,provisional
KR,urban_city,train,2865,2018-01-28,2019-01-20,2019-01-27 00:00:00+00:00,2019-01-27,2019-04-14,demand-v2-provisional,provisional
KR,urban_city,train,2866,2018-02-04,2019-01-27,2019-02-03 00:00:00+00:00,2019-02-03,2019-04-21,demand-v2-provisional,provisional
KR,urban_city,train,2867,2018-02-11,2019-02-03,2019-02-10 00:00:00+00:00,2019-02-10,2019-04-28,demand-v2-provisional,provisional
KR,urban_city,train,2868,2018-02-18,2019-02-10,2019-02-17 00:00:00+00:00,2019-02-17,2019-05-05,demand-v2-provisional,provisional
KR,urban_city,train,2869,2018-02-25,2019-02-17,2019-02-24 00:00:00+00:00,2019-02-24,2019-05-12,demand-v2-provisional,provisional
KR,urban_city,train,2870,2018-03-04,2019-02-24,2019-03-03 00:00:00+00:00,2019-03-03,2019-05-19,demand-v2-provisional,provisional
KR,urban_city,train,2871,2018-03-11,2019-03-03,2019-03-10 00:00:00+00:00,2019-03-10,2019-05-26,demand-v2-provisional,provisional
KR,urban_city,train,2872,2018-03-18,2019-03-10,2019-03-17 00:00:00+00:00,2019-03-17,2019-06-02,demand-v2-provisional,provisional
KR,urban_city,train,2873,2018-03-25,2019-03-17,2019-03-24 00:00:00+00:00,2019-03-24,2019-06-09,demand-v2-provisional,provisional
KR,urban_city,train,2874,2018-04-01,2019-03-24,2019-03-31 00:00:00+00:00,2019-03-31,2019-06-16,demand-v2-provisional,provisional
KR,urban_city,train,2875,2018-04-08,2019-03-31,2019-04-07 00:00:00+00:00,2019-04-07,2019-06-23,demand-v2-provisional,provisional
KR,urban_city,train,2876,2018-04-15,2019-04-07,2019-04-14 00:00:00+00:00,2019-04-14,2019-06-30,demand-v2-provisional,provisional
KR,urban_city,train,2877,2018-04-22,2019-04-14,2019-04-21 00:00:00+00:00,2019-04-21,2019-07-07,demand-v2-provisional,provisional
KR,urban_city,train,2878,2018-04-29,2019-04-21,2019-04-28 00:00:00+00:00,2019-04-28,2019-07-14,demand-v2-provisional,provisional
KR,urban_city,train,2879,2018-05-06,2019-04-28,2019-05-05 00:00:00+00:00,2019-05-05,2019-07-21,demand-v2-provisional,provisional
KR,urban_city,train,2880,2018-05-13,2019-05-05,2019-05-12 00:00:00+00:00,2019-05-12,2019-07-28,demand-v2-provisional,provisional
KR,urban_city,train,2881,2018-05-20,2019-05-12,2019-05-19 00:00:00+00:00,2019-05-19,2019-08-04,demand-v2-provisional,provisional
KR,urban_city,train,2882,2018-05-27,2019-05-19,2019-05-26 00:00:00+00:00,2019-05-26,2019-08-11,demand-v2-provisional,provisional
KR,urban_city,train,2883,2018-06-03,2019-05-26,2019-06-02 00:00:00+00:00,2019-06-02,2019-08-18,demand-v2-provisional,provisional
KR,urban_city,train,2884,2018-06-10,2019-06-02,2019-06-09 00:00:00+00:00,2019-06-09,2019-08-25,demand-v2-provisional,provisional
KR,urban_city,train,2885,2018-06-17,2019-06-09,2019-06-16 00:00:00+00:00,2019-06-16,2019-09-01,demand-v2-provisional,provisional
KR,urban_city,train,2886,2018-06-24,2019-06-16,2019-06-23 00:00:00+00:00,2019-06-23,2019-09-08,demand-v2-provisional,provisional
KR,urban_city,train,2887,2018-07-01,2019-06-23,2019-06-30 00:00:00+00:00,2019-06-30,2019-09-15,demand-v2-provisional,provisional
KR,urban_city,train,2888,2018-07-08,2019-06-30,2019-07-07 00:00:00+00:00,2019-07-07,2019-09-22,demand-v2-provisional,provisional
KR,urban_city,train,2889,2018-07-15,2019-07-07,2019-07-14 00:00:00+00:00,2019-07-14,2019-09-29,demand-v2-provisional,provisional
KR,urban_city,train,2890,2018-07-22,2019-07-14,2019-07-21 00:00:00+00:00,2019-07-21,2019-10-06,demand-v2-provisional,provisional
KR,urban_city,train,2891,2018-07-29,2019-07-21,2019-07-28 00:00:00+00:00,2019-07-28,2019-10-13,demand-v2-provisional,provisional
KR,urban_city,train,2892,2018-08-05,2019-07-28,2019-08-04 00:00:00+00:00,2019-08-04,2019-10-20,demand-v2-provisional,provisional
KR,urban_city,train,2893,2018-08-12,2019-08-04,2019-08-11 00:00:00+00:00,2019-08-11,2019-10-27,demand-v2-provisional,provisional
KR,urban_city,train,2894,2018-08-19,2019-08-11,2019-08-18 00:00:00+00:00,2019-08-18,2019-11-03,demand-v2-provisional,provisional
KR,urban_city,train,2895,2018-08-26,2019-08-18,2019-08-25 00:00:00+00:00,2019-08-25,2019-11-10,demand-v2-provisional,provisional
KR,urban_city,train,2896,2018-09-02,2019-08-25,2019-09-01 00:00:00+00:00,2019-09-01,2019-11-17,demand-v2-provisional,provisional
KR,urban_city,train,2897,2018-09-09,2019-09-01,2019-09-08 00:00:00+00:00,2019-09-08,2019-11-24,demand-v2-provisional,provisional
KR,urban_city,train,2898,2018-09-16,2019-09-08,2019-09-15 00:00:00+00:00,2019-09-15,2019-12-01,demand-v2-provisional,provisional
KR,urban_city,train,2899,2018-09-23,2019-09-15,2019-09-22 00:00:00+00:00,2019-09-22,2019-12-08,demand-v2-provisional,provisional
KR,urban_city,train,2900,2018-09-30,2019-09-22,2019-09-29 00:00:00+00:00,2019-09-29,2019-12-15,demand-v2-provisional,provisional
KR,urban_city,train,2901,2018-10-07,2019-09-29,2019-10-06 00:00:00+00:00,2019-10-06,2019-12-22,demand-v2-provisional,provisional
KR,urban_city,train,2902,2023-01-01,2023-12-24,2023-12-31 00:00:00+00:00,2023-12-31,2024-03-17,demand-v2-provisional,provisional
KR,urban_city,train,2903,2023-01-08,2023-12-31,2024-01-07 00:00:00+00:00,2024-01-07,2024-03-24,demand-v2-provisional,provisional
KR,urban_city,train,2904,2023-01-15,2024-01-07,2024-01-14 00:00:00+00:00,2024-01-14,2024-03-31,demand-v2-provisional,provisional
KR,urban_city,train,2905,2023-01-22,2024-01-14,2024-01-21 00:00:00+00:00,2024-01-21,2024-04-07,demand-v2-provisional,provisional
KR,urban_city,train,2906,2023-01-29,2024-01-21,2024-01-28 00:00:00+00:00,2024-01-28,2024-04-14,demand-v2-provisional,provisional
KR,urban_city,train,2907,2023-02-05,2024-01-28,2024-02-04 00:00:00+00:00,2024-02-04,2024-04-21,demand-v2-provisional,provisional
KR,urban_city,train,2908,2023-02-12,2024-02-04,2024-02-11 00:00:00+00:00,2024-02-11,2024-04-28,demand-v2-provisional,provisional
KR,urban_city,train,2909,2023-02-19,2024-02-11,2024-02-18 00:00:00+00:00,2024-02-18,2024-05-05,demand-v2-provisional,provisional
KR,urban_city,train,2910,2023-02-26,2024-02-18,2024-02-25 00:00:00+00:00,2024-02-25,2024-05-12,demand-v2-provisional,provisional
KR,urban_city,train,2911,2023-03-05,2024-02-25,2024-03-03 00:00:00+00:00,2024-03-03,2024-05-19,demand-v2-provisional,provisional
KR,urban_city,validation,403,2023-05-28,2024-05-19,2024-05-26 00:00:00+00:00,2024-05-26,2024-08-11,demand-v2-provisional,provisional
KR,urban_city,validation,404,2023-06-04,2024-05-26,2024-06-02 00:00:00+00:00,2024-06-02,2024-08-18,demand-v2-provisional,provisional
KR,urban_city,validation,405,2023-06-11,2024-06-02,2024-06-09 00:00:00+00:00,2024-06-09,2024-08-25,demand-v2-provisional,provisional
KR,urban_city,validation,406,2023-06-18,2024-06-09,2024-06-16 00:00:00+00:00,2024-06-16,2024-09-01,demand-v2-provisional,provisional
KR,urban_city,validation,407,2023-06-25,2024-06-16,2024-06-23 00:00:00+00:00,2024-06-23,2024-09-08,demand-v2-provisional,provisional
KR,urban_city,validation,408,2023-07-02,2024-06-23,2024-06-30 00:00:00+00:00,2024-06-30,2024-09-15,demand-v2-provisional,provisional
KR,urban_city,validation,409,2023-07-09,2024-06-30,2024-07-07 00:00:00+00:00,2024-07-07,2024-09-22,demand-v2-provisional,provisional
KR,urban_city,validation,410,2023-07-16,2024-07-07,2024-07-14 00:00:00+00:00,2024-07-14,2024-09-29,demand-v2-provisional,provisional
KR,urban_city,validation,411,2023-07-23,2024-07-14,2024-07-21 00:00:00+00:00,2024-07-21,2024-10-06,demand-v2-provisional,provisional
KR,urban_city,validation,412,2023-07-30,2024-07-21,2024-07-28 00:00:00+00:00,2024-07-28,2024-10-13,demand-v2-provisional,provisional
KR,urban_city,validation,413,2023-08-06,2024-07-28,2024-08-04 00:00:00+00:00,2024-08-04,2024-10-20,demand-v2-provisional,provisional
KR,urban_city,validation,414,2023-08-13,2024-08-04,2024-08-11 00:00:00+00:00,2024-08-11,2024-10-27,demand-v2-provisional,provisional
KR,urban_city,validation,415,2023-08-20,2024-08-11,2024-08-18 00:00:00+00:00,2024-08-18,2024-11-03,demand-v2-provisional,provisional
KR,urban_city,validation,416,2023-08-27,2024-08-18,2024-08-25 00:00:00+00:00,2024-08-25,2024-11-10,demand-v2-provisional,provisional
KR,urban_city,validation,417,2023-09-03,2024-08-25,2024-09-01 00:00:00+00:00,2024-09-01,2024-11-17,demand-v2-provisional,provisional
KR,urban_city,validation,418,2023-09-10,2024-09-01,2024-09-08 00:00:00+00:00,2024-09-08,2024-11-24,demand-v2-provisional,provisional
KR,urban_city,validation,419,2023-09-17,2024-09-08,2024-09-15 00:00:00+00:00,2024-09-15,2024-12-01,demand-v2-provisional,provisional
KR,urban_city,validation,420,2023-09-24,2024-09-15,2024-09-22 00:00:00+00:00,2024-09-22,2024-12-08,demand-v2-provisional,provisional
KR,urban_city,validation,421,2023-10-01,2024-09-22,2024-09-29 00:00:00+00:00,2024-09-29,2024-12-15,demand-v2-provisional,provisional
KR,urban_city,validation,422,2023-10-08,2024-09-29,2024-10-06 00:00:00+00:00,2024-10-06,2024-12-22,demand-v2-provisional,provisional
KR,urban_city,validation,423,2023-10-15,2024-10-06,2024-10-13 00:00:00+00:00,2024-10-13,2024-12-29,demand-v2-provisional,provisional
KR,urban_city,validation,424,2023-10-22,2024-10-13,2024-10-20 00:00:00+00:00,2024-10-20,2025-01-05,demand-v2-provisional,provisional
KR,urban_city,validation,425,2023-10-29,2024-10-20,2024-10-27 00:00:00+00:00,2024-10-27,2025-01-12,demand-v2-provisional,provisional
KR,urban_city,validation,426,2023-11-05,2024-10-27,2024-11-03 00:00:00+00:00,2024-11-03,2025-01-19,demand-v2-provisional,provisional
KR,urban_city,validation,427,2023-11-12,2024-11-03,2024-11-10 00:00:00+00:00,2024-11-10,2025-01-26,demand-v2-provisional,provisional
KR,urban_city,validation,428,2023-11-19,2024-11-10,2024-11-17 00:00:00+00:00,2024-11-17,2025-02-02,demand-v2-provisional,provisional
KR,urban_city,validation,429,2023-11-26,2024-11-17,2024-11-24 00:00:00+00:00,2024-11-24,2025-02-09,demand-v2-provisional,provisional
KR,urban_city,validation,430,2023-12-03,2024-11-24,2024-12-01 00:00:00+00:00,2024-12-01,2025-02-16,demand-v2-provisional,provisional
KR,urban_city,validation,431,2023-12-10,2024-12-01,2024-12-08 00:00:00+00:00,2024-12-08,2025-02-23,demand-v2-provisional,provisional
KR,urban_city,validation,432,2023-12-17,2024-12-08,2024-12-15 00:00:00+00:00,2024-12-15,2025-03-02,demand-v2-provisional,provisional
KR,urban_city,validation,433,2023-12-24,2024-12-15,2024-12-22 00:00:00+00:00,2024-12-22,2025-03-09,demand-v2-provisional,provisional
KR,urban_city,test,403,2024-03-17,2025-03-09,2025-03-16 00:00:00+00:00,2025-03-16,2025-06-01,demand-v2-provisional,provisional
KR,urban_city,test,404,2024-03-24,2025-03-16,2025-03-23 00:00:00+00:00,2025-03-23,2025-06-08,demand-v2-provisional,provisional
KR,urban_city,test,405,2024-03-31,2025-03-23,2025-03-30 00:00:00+00:00,2025-03-30,2025-06-15,demand-v2-provisional,provisional
KR,urban_city,test,406,2024-04-07,2025-03-30,2025-04-06 00:00:00+00:00,2025-04-06,2025-06-22,demand-v2-provisional,provisional
KR,urban_city,test,407,2024-04-14,2025-04-06,2025-04-13 00:00:00+00:00,2025-04-13,2025-06-29,demand-v2-provisional,provisional
KR,urban_city,test,408,2024-04-21,2025-04-13,2025-04-20 00:00:00+00:00,2025-04-20,2025-07-06,demand-v2-provisional,provisional
KR,urban_city,test,409,2024-04-28,2025-04-20,2025-04-27 00:00:00+00:00,2025-04-27,2025-07-13,demand-v2-provisional,provisional
KR,urban_city,test,410,2024-05-05,2025-04-27,2025-05-04 00:00:00+00:00,2025-05-04,2025-07-20,demand-v2-provisional,provisional
KR,urban_city,test,411,2024-05-12,2025-05-04,2025-05-11 00:00:00+00:00,2025-05-11,2025-07-27,demand-v2-provisional,provisional
KR,urban_city,test,412,2024-05-19,2025-05-11,2025-05-18 00:00:00+00:00,2025-05-18,2025-08-03,demand-v2-provisional,provisional
KR,urban_city,test,413,2024-05-26,2025-05-18,2025-05-25 00:00:00+00:00,2025-05-25,2025-08-10,demand-v2-provisional,provisional
KR,urban_city,test,414,2024-06-02,2025-05-25,2025-06-01 00:00:00+00:00,2025-06-01,2025-08-17,demand-v2-provisional,provisional
KR,urban_city,test,415,2024-06-09,2025-06-01,2025-06-08 00:00:00+00:00,2025-06-08,2025-08-24,demand-v2-provisional,provisional
KR,urban_city,test,416,2024-06-16,2025-06-08,2025-06-15 00:00:00+00:00,2025-06-15,2025-08-31,demand-v2-provisional,provisional
KR,urban_city,test,417,2024-06-23,2025-06-15,2025-06-22 00:00:00+00:00,2025-06-22,2025-09-07,demand-v2-provisional,provisional
KR,urban_city,test,418,2024-06-30,2025-06-22,2025-06-29 00:00:00+00:00,2025-06-29,2025-09-14,demand-v2-provisional,provisional
KR,urban_city,test,419,2024-07-07,2025-06-29,2025-07-06 00:00:00+00:00,2025-07-06,2025-09-21,demand-v2-provisional,provisional
KR,urban_city,test,420,2024-07-14,2025-07-06,2025-07-13 00:00:00+00:00,2025-07-13,2025-09-28,demand-v2-provisional,provisional
KR,urban_city,test,421,2024-07-21,2025-07-13,2025-07-20 00:00:00+00:00,2025-07-20,2025-10-05,demand-v2-provisional,provisional
KR,urban_city,test,422,2024-07-28,2025-07-20,2025-07-27 00:00:00+00:00,2025-07-27,2025-10-12,demand-v2-provisional,provisional
KR,urban_city,test,423,2024-08-04,2025-07-27,2025-08-03 00:00:00+00:00,2025-08-03,2025-10-19,demand-v2-provisional,provisional
KR,urban_city,test,424,2024-08-11,2025-08-03,2025-08-10 00:00:00+00:00,2025-08-10,2025-10-26,demand-v2-provisional,provisional
KR,urban_city,test,425,2024-08-18,2025-08-10,2025-08-17 00:00:00+00:00,2025-08-17,2025-11-02,demand-v2-provisional,provisional
KR,urban_city,test,426,2024-08-25,2025-08-17,2025-08-24 00:00:00+00:00,2025-08-24,2025-11-09,demand-v2-provisional,provisional
KR,urban_city,test,427,2024-09-01,2025-08-24,2025-08-31 00:00:00+00:00,2025-08-31,2025-11-16,demand-v2-provisional,provisional
KR,urban_city,test,428,2024-09-08,2025-08-31,2025-09-07 00:00:00+00:00,2025-09-07,2025-11-23,demand-v2-provisional,provisional
KR,urban_city,test,429,2024-09-15,2025-09-07,2025-09-14 00:00:00+00:00,2025-09-14,2025-11-30,demand-v2-provisional,provisional
KR,urban_city,test,430,2024-09-22,2025-09-14,2025-09-21 00:00:00+00:00,2025-09-21,2025-12-07,demand-v2-provisional,provisional
KR,urban_city,test,431,2024-09-29,2025-09-21,2025-09-28 00:00:00+00:00,2025-09-28,2025-12-14,demand-v2-provisional,provisional
KR,urban_city,test,432,2024-10-06,2025-09-28,2025-10-05 00:00:00+00:00,2025-10-05,2025-12-21,demand-v2-provisional,provisional
KR,urban_city,test,433,2024-10-13,2025-10-05,2025-10-12 00:00:00+00:00,2025-10-12,2025-12-28,demand-v2-provisional,provisional
US,accommodation_staycation,train,2912,2014-12-28,2015-12-20,2015-12-27 00:00:00+00:00,2015-12-27,2016-03-13,demand-v2-provisional,provisional
US,accommodation_staycation,train,2913,2015-01-04,2015-12-27,2016-01-03 00:00:00+00:00,2016-01-03,2016-03-20,demand-v2-provisional,provisional
US,accommodation_staycation,train,2914,2015-01-11,2016-01-03,2016-01-10 00:00:00+00:00,2016-01-10,2016-03-27,demand-v2-provisional,provisional
US,accommodation_staycation,train,2915,2015-01-18,2016-01-10,2016-01-17 00:00:00+00:00,2016-01-17,2016-04-03,demand-v2-provisional,provisional
US,accommodation_staycation,train,2916,2015-01-25,2016-01-17,2016-01-24 00:00:00+00:00,2016-01-24,2016-04-10,demand-v2-provisional,provisional
US,accommodation_staycation,train,2917,2015-02-01,2016-01-24,2016-01-31 00:00:00+00:00,2016-01-31,2016-04-17,demand-v2-provisional,provisional
US,accommodation_staycation,train,2918,2015-02-08,2016-01-31,2016-02-07 00:00:00+00:00,2016-02-07,2016-04-24,demand-v2-provisional,provisional
US,accommodation_staycation,train,2919,2015-02-15,2016-02-07,2016-02-14 00:00:00+00:00,2016-02-14,2016-05-01,demand-v2-provisional,provisional
US,accommodation_staycation,train,2920,2015-02-22,2016-02-14,2016-02-21 00:00:00+00:00,2016-02-21,2016-05-08,demand-v2-provisional,provisional
US,accommodation_staycation,train,2921,2015-03-01,2016-02-21,2016-02-28 00:00:00+00:00,2016-02-28,2016-05-15,demand-v2-provisional,provisional
US,accommodation_staycation,train,2922,2015-03-08,2016-02-28,2016-03-06 00:00:00+00:00,2016-03-06,2016-05-22,demand-v2-provisional,provisional
US,accommodation_staycation,train,2923,2015-03-15,2016-03-06,2016-03-13 00:00:00+00:00,2016-03-13,2016-05-29,demand-v2-provisional,provisional
US,accommodation_staycation,train,2924,2015-03-22,2016-03-13,2016-03-20 00:00:00+00:00,2016-03-20,2016-06-05,demand-v2-provisional,provisional
US,accommodation_staycation,train,2925,2015-03-29,2016-03-20,2016-03-27 00:00:00+00:00,2016-03-27,2016-06-12,demand-v2-provisional,provisional
US,accommodation_staycation,train,2926,2015-04-05,2016-03-27,2016-04-03 00:00:00+00:00,2016-04-03,2016-06-19,demand-v2-provisional,provisional
US,accommodation_staycation,train,2927,2015-04-12,2016-04-03,2016-04-10 00:00:00+00:00,2016-04-10,2016-06-26,demand-v2-provisional,provisional
US,accommodation_staycation,train,2928,2015-04-19,2016-04-10,2016-04-17 00:00:00+00:00,2016-04-17,2016-07-03,demand-v2-provisional,provisional
US,accommodation_staycation,train,2929,2015-04-26,2016-04-17,2016-04-24 00:00:00+00:00,2016-04-24,2016-07-10,demand-v2-provisional,provisional
US,accommodation_staycation,train,2930,2015-05-03,2016-04-24,2016-05-01 00:00:00+00:00,2016-05-01,2016-07-17,demand-v2-provisional,provisional
US,accommodation_staycation,train,2931,2015-05-10,2016-05-01,2016-05-08 00:00:00+00:00,2016-05-08,2016-07-24,demand-v2-provisional,provisional
US,accommodation_staycation,train,2932,2015-05-17,2016-05-08,2016-05-15 00:00:00+00:00,2016-05-15,2016-07-31,demand-v2-provisional,provisional
US,accommodation_staycation,train,2933,2015-05-24,2016-05-15,2016-05-22 00:00:00+00:00,2016-05-22,2016-08-07,demand-v2-provisional,provisional
US,accommodation_staycation,train,2934,2015-05-31,2016-05-22,2016-05-29 00:00:00+00:00,2016-05-29,2016-08-14,demand-v2-provisional,provisional
US,accommodation_staycation,train,2935,2015-06-07,2016-05-29,2016-06-05 00:00:00+00:00,2016-06-05,2016-08-21,demand-v2-provisional,provisional
US,accommodation_staycation,train,2936,2015-06-14,2016-06-05,2016-06-12 00:00:00+00:00,2016-06-12,2016-08-28,demand-v2-provisional,provisional
US,accommodation_staycation,train,2937,2015-06-21,2016-06-12,2016-06-19 00:00:00+00:00,2016-06-19,2016-09-04,demand-v2-provisional,provisional
US,accommodation_staycation,train,2938,2015-06-28,2016-06-19,2016-06-26 00:00:00+00:00,2016-06-26,2016-09-11,demand-v2-provisional,provisional
US,accommodation_staycation,train,2939,2015-07-05,2016-06-26,2016-07-03 00:00:00+00:00,2016-07-03,2016-09-18,demand-v2-provisional,provisional
US,accommodation_staycation,train,2940,2015-07-12,2016-07-03,2016-07-10 00:00:00+00:00,2016-07-10,2016-09-25,demand-v2-provisional,provisional
US,accommodation_staycation,train,2941,2015-07-19,2016-07-10,2016-07-17 00:00:00+00:00,2016-07-17,2016-10-02,demand-v2-provisional,provisional
US,accommodation_staycation,train,2942,2015-07-26,2016-07-17,2016-07-24 00:00:00+00:00,2016-07-24,2016-10-09,demand-v2-provisional,provisional
US,accommodation_staycation,train,2943,2015-08-02,2016-07-24,2016-07-31 00:00:00+00:00,2016-07-31,2016-10-16,demand-v2-provisional,provisional
US,accommodation_staycation,train,2944,2015-08-09,2016-07-31,2016-08-07 00:00:00+00:00,2016-08-07,2016-10-23,demand-v2-provisional,provisional
US,accommodation_staycation,train,2945,2015-08-16,2016-08-07,2016-08-14 00:00:00+00:00,2016-08-14,2016-10-30,demand-v2-provisional,provisional
US,accommodation_staycation,train,2946,2015-08-23,2016-08-14,2016-08-21 00:00:00+00:00,2016-08-21,2016-11-06,demand-v2-provisional,provisional
US,accommodation_staycation,train,2947,2015-08-30,2016-08-21,2016-08-28 00:00:00+00:00,2016-08-28,2016-11-13,demand-v2-provisional,provisional
US,accommodation_staycation,train,2948,2015-09-06,2016-08-28,2016-09-04 00:00:00+00:00,2016-09-04,2016-11-20,demand-v2-provisional,provisional
US,accommodation_staycation,train,2949,2015-09-13,2016-09-04,2016-09-11 00:00:00+00:00,2016-09-11,2016-11-27,demand-v2-provisional,provisional
US,accommodation_staycation,train,2950,2015-09-20,2016-09-11,2016-09-18 00:00:00+00:00,2016-09-18,2016-12-04,demand-v2-provisional,provisional
US,accommodation_staycation,train,2951,2015-09-27,2016-09-18,2016-09-25 00:00:00+00:00,2016-09-25,2016-12-11,demand-v2-provisional,provisional
US,accommodation_staycation,train,2952,2015-10-04,2016-09-25,2016-10-02 00:00:00+00:00,2016-10-02,2016-12-18,demand-v2-provisional,provisional
US,accommodation_staycation,train,2953,2015-10-11,2016-10-02,2016-10-09 00:00:00+00:00,2016-10-09,2016-12-25,demand-v2-provisional,provisional
US,accommodation_staycation,train,2954,2015-10-18,2016-10-09,2016-10-16 00:00:00+00:00,2016-10-16,2017-01-01,demand-v2-provisional,provisional
US,accommodation_staycation,train,2955,2015-10-25,2016-10-16,2016-10-23 00:00:00+00:00,2016-10-23,2017-01-08,demand-v2-provisional,provisional
US,accommodation_staycation,train,2956,2015-11-01,2016-10-23,2016-10-30 00:00:00+00:00,2016-10-30,2017-01-15,demand-v2-provisional,provisional
US,accommodation_staycation,train,2957,2015-11-08,2016-10-30,2016-11-06 00:00:00+00:00,2016-11-06,2017-01-22,demand-v2-provisional,provisional
US,accommodation_staycation,train,2958,2015-11-15,2016-11-06,2016-11-13 00:00:00+00:00,2016-11-13,2017-01-29,demand-v2-provisional,provisional
US,accommodation_staycation,train,2959,2015-11-22,2016-11-13,2016-11-20 00:00:00+00:00,2016-11-20,2017-02-05,demand-v2-provisional,provisional
US,accommodation_staycation,train,2960,2015-11-29,2016-11-20,2016-11-27 00:00:00+00:00,2016-11-27,2017-02-12,demand-v2-provisional,provisional
US,accommodation_staycation,train,2961,2015-12-06,2016-11-27,2016-12-04 00:00:00+00:00,2016-12-04,2017-02-19,demand-v2-provisional,provisional
US,accommodation_staycation,train,2962,2015-12-13,2016-12-04,2016-12-11 00:00:00+00:00,2016-12-11,2017-02-26,demand-v2-provisional,provisional
US,accommodation_staycation,train,2963,2015-12-20,2016-12-11,2016-12-18 00:00:00+00:00,2016-12-18,2017-03-05,demand-v2-provisional,provisional
US,accommodation_staycation,train,2964,2015-12-27,2016-12-18,2016-12-25 00:00:00+00:00,2016-12-25,2017-03-12,demand-v2-provisional,provisional
US,accommodation_staycation,train,2965,2016-01-03,2016-12-25,2017-01-01 00:00:00+00:00,2017-01-01,2017-03-19,demand-v2-provisional,provisional
US,accommodation_staycation,train,2966,2016-01-10,2017-01-01,2017-01-08 00:00:00+00:00,2017-01-08,2017-03-26,demand-v2-provisional,provisional
US,accommodation_staycation,train,2967,2016-01-17,2017-01-08,2017-01-15 00:00:00+00:00,2017-01-15,2017-04-02,demand-v2-provisional,provisional
US,accommodation_staycation,train,2968,2016-01-24,2017-01-15,2017-01-22 00:00:00+00:00,2017-01-22,2017-04-09,demand-v2-provisional,provisional
US,accommodation_staycation,train,2969,2016-01-31,2017-01-22,2017-01-29 00:00:00+00:00,2017-01-29,2017-04-16,demand-v2-provisional,provisional
US,accommodation_staycation,train,2970,2016-02-07,2017-01-29,2017-02-05 00:00:00+00:00,2017-02-05,2017-04-23,demand-v2-provisional,provisional
US,accommodation_staycation,train,2971,2016-02-14,2017-02-05,2017-02-12 00:00:00+00:00,2017-02-12,2017-04-30,demand-v2-provisional,provisional
US,accommodation_staycation,train,2972,2016-02-21,2017-02-12,2017-02-19 00:00:00+00:00,2017-02-19,2017-05-07,demand-v2-provisional,provisional
US,accommodation_staycation,train,2973,2016-02-28,2017-02-19,2017-02-26 00:00:00+00:00,2017-02-26,2017-05-14,demand-v2-provisional,provisional
US,accommodation_staycation,train,2974,2016-03-06,2017-02-26,2017-03-05 00:00:00+00:00,2017-03-05,2017-05-21,demand-v2-provisional,provisional
US,accommodation_staycation,train,2975,2016-03-13,2017-03-05,2017-03-12 00:00:00+00:00,2017-03-12,2017-05-28,demand-v2-provisional,provisional
US,accommodation_staycation,train,2976,2016-03-20,2017-03-12,2017-03-19 00:00:00+00:00,2017-03-19,2017-06-04,demand-v2-provisional,provisional
US,accommodation_staycation,train,2977,2016-03-27,2017-03-19,2017-03-26 00:00:00+00:00,2017-03-26,2017-06-11,demand-v2-provisional,provisional
US,accommodation_staycation,train,2978,2016-04-03,2017-03-26,2017-04-02 00:00:00+00:00,2017-04-02,2017-06-18,demand-v2-provisional,provisional
US,accommodation_staycation,train,2979,2016-04-10,2017-04-02,2017-04-09 00:00:00+00:00,2017-04-09,2017-06-25,demand-v2-provisional,provisional
US,accommodation_staycation,train,2980,2016-04-17,2017-04-09,2017-04-16 00:00:00+00:00,2017-04-16,2017-07-02,demand-v2-provisional,provisional
US,accommodation_staycation,train,2981,2016-04-24,2017-04-16,2017-04-23 00:00:00+00:00,2017-04-23,2017-07-09,demand-v2-provisional,provisional
US,accommodation_staycation,train,2982,2016-05-01,2017-04-23,2017-04-30 00:00:00+00:00,2017-04-30,2017-07-16,demand-v2-provisional,provisional
US,accommodation_staycation,train,2983,2016-05-08,2017-04-30,2017-05-07 00:00:00+00:00,2017-05-07,2017-07-23,demand-v2-provisional,provisional
US,accommodation_staycation,train,2984,2016-05-15,2017-05-07,2017-05-14 00:00:00+00:00,2017-05-14,2017-07-30,demand-v2-provisional,provisional
US,accommodation_staycation,train,2985,2016-05-22,2017-05-14,2017-05-21 00:00:00+00:00,2017-05-21,2017-08-06,demand-v2-provisional,provisional
US,accommodation_staycation,train,2986,2016-05-29,2017-05-21,2017-05-28 00:00:00+00:00,2017-05-28,2017-08-13,demand-v2-provisional,provisional
US,accommodation_staycation,train,2987,2016-06-05,2017-05-28,2017-06-04 00:00:00+00:00,2017-06-04,2017-08-20,demand-v2-provisional,provisional
US,accommodation_staycation,train,2988,2016-06-12,2017-06-04,2017-06-11 00:00:00+00:00,2017-06-11,2017-08-27,demand-v2-provisional,provisional
US,accommodation_staycation,train,2989,2016-06-19,2017-06-11,2017-06-18 00:00:00+00:00,2017-06-18,2017-09-03,demand-v2-provisional,provisional
US,accommodation_staycation,train,2990,2016-06-26,2017-06-18,2017-06-25 00:00:00+00:00,2017-06-25,2017-09-10,demand-v2-provisional,provisional
US,accommodation_staycation,train,2991,2016-07-03,2017-06-25,2017-07-02 00:00:00+00:00,2017-07-02,2017-09-17,demand-v2-provisional,provisional
US,accommodation_staycation,train,2992,2016-07-10,2017-07-02,2017-07-09 00:00:00+00:00,2017-07-09,2017-09-24,demand-v2-provisional,provisional
US,accommodation_staycation,train,2993,2016-07-17,2017-07-09,2017-07-16 00:00:00+00:00,2017-07-16,2017-10-01,demand-v2-provisional,provisional
US,accommodation_staycation,train,2994,2016-07-24,2017-07-16,2017-07-23 00:00:00+00:00,2017-07-23,2017-10-08,demand-v2-provisional,provisional
US,accommodation_staycation,train,2995,2016-07-31,2017-07-23,2017-07-30 00:00:00+00:00,2017-07-30,2017-10-15,demand-v2-provisional,provisional
US,accommodation_staycation,train,2996,2016-08-07,2017-07-30,2017-08-06 00:00:00+00:00,2017-08-06,2017-10-22,demand-v2-provisional,provisional
US,accommodation_staycation,train,2997,2016-08-14,2017-08-06,2017-08-13 00:00:00+00:00,2017-08-13,2017-10-29,demand-v2-provisional,provisional
US,accommodation_staycation,train,2998,2016-08-21,2017-08-13,2017-08-20 00:00:00+00:00,2017-08-20,2017-11-05,demand-v2-provisional,provisional
US,accommodation_staycation,train,2999,2016-08-28,2017-08-20,2017-08-27 00:00:00+00:00,2017-08-27,2017-11-12,demand-v2-provisional,provisional
US,accommodation_staycation,train,3000,2016-09-04,2017-08-27,2017-09-03 00:00:00+00:00,2017-09-03,2017-11-19,demand-v2-provisional,provisional
US,accommodation_staycation,train,3001,2016-09-11,2017-09-03,2017-09-10 00:00:00+00:00,2017-09-10,2017-11-26,demand-v2-provisional,provisional
US,accommodation_staycation,train,3002,2016-09-18,2017-09-10,2017-09-17 00:00:00+00:00,2017-09-17,2017-12-03,demand-v2-provisional,provisional
US,accommodation_staycation,train,3003,2016-09-25,2017-09-17,2017-09-24 00:00:00+00:00,2017-09-24,2017-12-10,demand-v2-provisional,provisional
US,accommodation_staycation,train,3004,2016-10-02,2017-09-24,2017-10-01 00:00:00+00:00,2017-10-01,2017-12-17,demand-v2-provisional,provisional
US,accommodation_staycation,train,3005,2016-10-09,2017-10-01,2017-10-08 00:00:00+00:00,2017-10-08,2017-12-24,demand-v2-provisional,provisional
US,accommodation_staycation,train,3006,2016-10-16,2017-10-08,2017-10-15 00:00:00+00:00,2017-10-15,2017-12-31,demand-v2-provisional,provisional
US,accommodation_staycation,train,3007,2016-10-23,2017-10-15,2017-10-22 00:00:00+00:00,2017-10-22,2018-01-07,demand-v2-provisional,provisional
US,accommodation_staycation,train,3008,2016-10-30,2017-10-22,2017-10-29 00:00:00+00:00,2017-10-29,2018-01-14,demand-v2-provisional,provisional
US,accommodation_staycation,train,3009,2016-11-06,2017-10-29,2017-11-05 00:00:00+00:00,2017-11-05,2018-01-21,demand-v2-provisional,provisional
US,accommodation_staycation,train,3010,2016-11-13,2017-11-05,2017-11-12 00:00:00+00:00,2017-11-12,2018-01-28,demand-v2-provisional,provisional
US,accommodation_staycation,train,3011,2016-11-20,2017-11-12,2017-11-19 00:00:00+00:00,2017-11-19,2018-02-04,demand-v2-provisional,provisional
US,accommodation_staycation,train,3012,2016-11-27,2017-11-19,2017-11-26 00:00:00+00:00,2017-11-26,2018-02-11,demand-v2-provisional,provisional
US,accommodation_staycation,train,3013,2016-12-04,2017-11-26,2017-12-03 00:00:00+00:00,2017-12-03,2018-02-18,demand-v2-provisional,provisional
US,accommodation_staycation,train,3014,2016-12-11,2017-12-03,2017-12-10 00:00:00+00:00,2017-12-10,2018-02-25,demand-v2-provisional,provisional
US,accommodation_staycation,train,3015,2016-12-18,2017-12-10,2017-12-17 00:00:00+00:00,2017-12-17,2018-03-04,demand-v2-provisional,provisional
US,accommodation_staycation,train,3016,2016-12-25,2017-12-17,2017-12-24 00:00:00+00:00,2017-12-24,2018-03-11,demand-v2-provisional,provisional
US,accommodation_staycation,train,3017,2017-01-01,2017-12-24,2017-12-31 00:00:00+00:00,2017-12-31,2018-03-18,demand-v2-provisional,provisional
US,accommodation_staycation,train,3018,2017-01-08,2017-12-31,2018-01-07 00:00:00+00:00,2018-01-07,2018-03-25,demand-v2-provisional,provisional
US,accommodation_staycation,train,3019,2017-01-15,2018-01-07,2018-01-14 00:00:00+00:00,2018-01-14,2018-04-01,demand-v2-provisional,provisional
US,accommodation_staycation,train,3020,2017-01-22,2018-01-14,2018-01-21 00:00:00+00:00,2018-01-21,2018-04-08,demand-v2-provisional,provisional
US,accommodation_staycation,train,3021,2017-01-29,2018-01-21,2018-01-28 00:00:00+00:00,2018-01-28,2018-04-15,demand-v2-provisional,provisional
US,accommodation_staycation,train,3022,2017-02-05,2018-01-28,2018-02-04 00:00:00+00:00,2018-02-04,2018-04-22,demand-v2-provisional,provisional
US,accommodation_staycation,train,3023,2017-02-12,2018-02-04,2018-02-11 00:00:00+00:00,2018-02-11,2018-04-29,demand-v2-provisional,provisional
US,accommodation_staycation,train,3024,2017-02-19,2018-02-11,2018-02-18 00:00:00+00:00,2018-02-18,2018-05-06,demand-v2-provisional,provisional
US,accommodation_staycation,train,3025,2017-02-26,2018-02-18,2018-02-25 00:00:00+00:00,2018-02-25,2018-05-13,demand-v2-provisional,provisional
US,accommodation_staycation,train,3026,2017-03-05,2018-02-25,2018-03-04 00:00:00+00:00,2018-03-04,2018-05-20,demand-v2-provisional,provisional
US,accommodation_staycation,train,3027,2017-03-12,2018-03-04,2018-03-11 00:00:00+00:00,2018-03-11,2018-05-27,demand-v2-provisional,provisional
US,accommodation_staycation,train,3028,2017-03-19,2018-03-11,2018-03-18 00:00:00+00:00,2018-03-18,2018-06-03,demand-v2-provisional,provisional
US,accommodation_staycation,train,3029,2017-03-26,2018-03-18,2018-03-25 00:00:00+00:00,2018-03-25,2018-06-10,demand-v2-provisional,provisional
US,accommodation_staycation,train,3030,2017-04-02,2018-03-25,2018-04-01 00:00:00+00:00,2018-04-01,2018-06-17,demand-v2-provisional,provisional
US,accommodation_staycation,train,3031,2017-04-09,2018-04-01,2018-04-08 00:00:00+00:00,2018-04-08,2018-06-24,demand-v2-provisional,provisional
US,accommodation_staycation,train,3032,2017-04-16,2018-04-08,2018-04-15 00:00:00+00:00,2018-04-15,2018-07-01,demand-v2-provisional,provisional
US,accommodation_staycation,train,3033,2017-04-23,2018-04-15,2018-04-22 00:00:00+00:00,2018-04-22,2018-07-08,demand-v2-provisional,provisional
US,accommodation_staycation,train,3034,2017-04-30,2018-04-22,2018-04-29 00:00:00+00:00,2018-04-29,2018-07-15,demand-v2-provisional,provisional
US,accommodation_staycation,train,3035,2017-05-07,2018-04-29,2018-05-06 00:00:00+00:00,2018-05-06,2018-07-22,demand-v2-provisional,provisional
US,accommodation_staycation,train,3036,2017-05-14,2018-05-06,2018-05-13 00:00:00+00:00,2018-05-13,2018-07-29,demand-v2-provisional,provisional
US,accommodation_staycation,train,3037,2017-05-21,2018-05-13,2018-05-20 00:00:00+00:00,2018-05-20,2018-08-05,demand-v2-provisional,provisional
US,accommodation_staycation,train,3038,2017-05-28,2018-05-20,2018-05-27 00:00:00+00:00,2018-05-27,2018-08-12,demand-v2-provisional,provisional
US,accommodation_staycation,train,3039,2017-06-04,2018-05-27,2018-06-03 00:00:00+00:00,2018-06-03,2018-08-19,demand-v2-provisional,provisional
US,accommodation_staycation,train,3040,2017-06-11,2018-06-03,2018-06-10 00:00:00+00:00,2018-06-10,2018-08-26,demand-v2-provisional,provisional
US,accommodation_staycation,train,3041,2017-06-18,2018-06-10,2018-06-17 00:00:00+00:00,2018-06-17,2018-09-02,demand-v2-provisional,provisional
US,accommodation_staycation,train,3042,2017-06-25,2018-06-17,2018-06-24 00:00:00+00:00,2018-06-24,2018-09-09,demand-v2-provisional,provisional
US,accommodation_staycation,train,3043,2017-07-02,2018-06-24,2018-07-01 00:00:00+00:00,2018-07-01,2018-09-16,demand-v2-provisional,provisional
US,accommodation_staycation,train,3044,2017-07-09,2018-07-01,2018-07-08 00:00:00+00:00,2018-07-08,2018-09-23,demand-v2-provisional,provisional
US,accommodation_staycation,train,3045,2017-07-16,2018-07-08,2018-07-15 00:00:00+00:00,2018-07-15,2018-09-30,demand-v2-provisional,provisional
US,accommodation_staycation,train,3046,2017-07-23,2018-07-15,2018-07-22 00:00:00+00:00,2018-07-22,2018-10-07,demand-v2-provisional,provisional
US,accommodation_staycation,train,3047,2017-07-30,2018-07-22,2018-07-29 00:00:00+00:00,2018-07-29,2018-10-14,demand-v2-provisional,provisional
US,accommodation_staycation,train,3048,2017-08-06,2018-07-29,2018-08-05 00:00:00+00:00,2018-08-05,2018-10-21,demand-v2-provisional,provisional
US,accommodation_staycation,train,3049,2017-08-13,2018-08-05,2018-08-12 00:00:00+00:00,2018-08-12,2018-10-28,demand-v2-provisional,provisional
US,accommodation_staycation,train,3050,2017-08-20,2018-08-12,2018-08-19 00:00:00+00:00,2018-08-19,2018-11-04,demand-v2-provisional,provisional
US,accommodation_staycation,train,3051,2017-08-27,2018-08-19,2018-08-26 00:00:00+00:00,2018-08-26,2018-11-11,demand-v2-provisional,provisional
US,accommodation_staycation,train,3052,2017-09-03,2018-08-26,2018-09-02 00:00:00+00:00,2018-09-02,2018-11-18,demand-v2-provisional,provisional
US,accommodation_staycation,train,3053,2017-09-10,2018-09-02,2018-09-09 00:00:00+00:00,2018-09-09,2018-11-25,demand-v2-provisional,provisional
US,accommodation_staycation,train,3054,2017-09-17,2018-09-09,2018-09-16 00:00:00+00:00,2018-09-16,2018-12-02,demand-v2-provisional,provisional
US,accommodation_staycation,train,3055,2017-09-24,2018-09-16,2018-09-23 00:00:00+00:00,2018-09-23,2018-12-09,demand-v2-provisional,provisional
US,accommodation_staycation,train,3056,2017-10-01,2018-09-23,2018-09-30 00:00:00+00:00,2018-09-30,2018-12-16,demand-v2-provisional,provisional
US,accommodation_staycation,train,3057,2017-10-08,2018-09-30,2018-10-07 00:00:00+00:00,2018-10-07,2018-12-23,demand-v2-provisional,provisional
US,accommodation_staycation,train,3058,2017-10-15,2018-10-07,2018-10-14 00:00:00+00:00,2018-10-14,2018-12-30,demand-v2-provisional,provisional
US,accommodation_staycation,train,3059,2017-10-22,2018-10-14,2018-10-21 00:00:00+00:00,2018-10-21,2019-01-06,demand-v2-provisional,provisional
US,accommodation_staycation,train,3060,2017-10-29,2018-10-21,2018-10-28 00:00:00+00:00,2018-10-28,2019-01-13,demand-v2-provisional,provisional
US,accommodation_staycation,train,3061,2017-11-05,2018-10-28,2018-11-04 00:00:00+00:00,2018-11-04,2019-01-20,demand-v2-provisional,provisional
US,accommodation_staycation,train,3062,2017-11-12,2018-11-04,2018-11-11 00:00:00+00:00,2018-11-11,2019-01-27,demand-v2-provisional,provisional
US,accommodation_staycation,train,3063,2017-11-19,2018-11-11,2018-11-18 00:00:00+00:00,2018-11-18,2019-02-03,demand-v2-provisional,provisional
US,accommodation_staycation,train,3064,2017-11-26,2018-11-18,2018-11-25 00:00:00+00:00,2018-11-25,2019-02-10,demand-v2-provisional,provisional
US,accommodation_staycation,train,3065,2017-12-03,2018-11-25,2018-12-02 00:00:00+00:00,2018-12-02,2019-02-17,demand-v2-provisional,provisional
US,accommodation_staycation,train,3066,2017-12-10,2018-12-02,2018-12-09 00:00:00+00:00,2018-12-09,2019-02-24,demand-v2-provisional,provisional
US,accommodation_staycation,train,3067,2017-12-17,2018-12-09,2018-12-16 00:00:00+00:00,2018-12-16,2019-03-03,demand-v2-provisional,provisional
US,accommodation_staycation,train,3068,2017-12-24,2018-12-16,2018-12-23 00:00:00+00:00,2018-12-23,2019-03-10,demand-v2-provisional,provisional
US,accommodation_staycation,train,3069,2017-12-31,2018-12-23,2018-12-30 00:00:00+00:00,2018-12-30,2019-03-17,demand-v2-provisional,provisional
US,accommodation_staycation,train,3070,2018-01-07,2018-12-30,2019-01-06 00:00:00+00:00,2019-01-06,2019-03-24,demand-v2-provisional,provisional
US,accommodation_staycation,train,3071,2018-01-14,2019-01-06,2019-01-13 00:00:00+00:00,2019-01-13,2019-03-31,demand-v2-provisional,provisional
US,accommodation_staycation,train,3072,2018-01-21,2019-01-13,2019-01-20 00:00:00+00:00,2019-01-20,2019-04-07,demand-v2-provisional,provisional
US,accommodation_staycation,train,3073,2018-01-28,2019-01-20,2019-01-27 00:00:00+00:00,2019-01-27,2019-04-14,demand-v2-provisional,provisional
US,accommodation_staycation,train,3074,2018-02-04,2019-01-27,2019-02-03 00:00:00+00:00,2019-02-03,2019-04-21,demand-v2-provisional,provisional
US,accommodation_staycation,train,3075,2018-02-11,2019-02-03,2019-02-10 00:00:00+00:00,2019-02-10,2019-04-28,demand-v2-provisional,provisional
US,accommodation_staycation,train,3076,2018-02-18,2019-02-10,2019-02-17 00:00:00+00:00,2019-02-17,2019-05-05,demand-v2-provisional,provisional
US,accommodation_staycation,train,3077,2018-02-25,2019-02-17,2019-02-24 00:00:00+00:00,2019-02-24,2019-05-12,demand-v2-provisional,provisional
US,accommodation_staycation,train,3078,2018-03-04,2019-02-24,2019-03-03 00:00:00+00:00,2019-03-03,2019-05-19,demand-v2-provisional,provisional
US,accommodation_staycation,train,3079,2018-03-11,2019-03-03,2019-03-10 00:00:00+00:00,2019-03-10,2019-05-26,demand-v2-provisional,provisional
US,accommodation_staycation,train,3080,2018-03-18,2019-03-10,2019-03-17 00:00:00+00:00,2019-03-17,2019-06-02,demand-v2-provisional,provisional
US,accommodation_staycation,train,3081,2018-03-25,2019-03-17,2019-03-24 00:00:00+00:00,2019-03-24,2019-06-09,demand-v2-provisional,provisional
US,accommodation_staycation,train,3082,2018-04-01,2019-03-24,2019-03-31 00:00:00+00:00,2019-03-31,2019-06-16,demand-v2-provisional,provisional
US,accommodation_staycation,train,3083,2018-04-08,2019-03-31,2019-04-07 00:00:00+00:00,2019-04-07,2019-06-23,demand-v2-provisional,provisional
US,accommodation_staycation,train,3084,2018-04-15,2019-04-07,2019-04-14 00:00:00+00:00,2019-04-14,2019-06-30,demand-v2-provisional,provisional
US,accommodation_staycation,train,3085,2018-04-22,2019-04-14,2019-04-21 00:00:00+00:00,2019-04-21,2019-07-07,demand-v2-provisional,provisional
US,accommodation_staycation,train,3086,2018-04-29,2019-04-21,2019-04-28 00:00:00+00:00,2019-04-28,2019-07-14,demand-v2-provisional,provisional
US,accommodation_staycation,train,3087,2018-05-06,2019-04-28,2019-05-05 00:00:00+00:00,2019-05-05,2019-07-21,demand-v2-provisional,provisional
US,accommodation_staycation,train,3088,2018-05-13,2019-05-05,2019-05-12 00:00:00+00:00,2019-05-12,2019-07-28,demand-v2-provisional,provisional
US,accommodation_staycation,train,3089,2018-05-20,2019-05-12,2019-05-19 00:00:00+00:00,2019-05-19,2019-08-04,demand-v2-provisional,provisional
US,accommodation_staycation,train,3090,2018-05-27,2019-05-19,2019-05-26 00:00:00+00:00,2019-05-26,2019-08-11,demand-v2-provisional,provisional
US,accommodation_staycation,train,3091,2018-06-03,2019-05-26,2019-06-02 00:00:00+00:00,2019-06-02,2019-08-18,demand-v2-provisional,provisional
US,accommodation_staycation,train,3092,2018-06-10,2019-06-02,2019-06-09 00:00:00+00:00,2019-06-09,2019-08-25,demand-v2-provisional,provisional
US,accommodation_staycation,train,3093,2018-06-17,2019-06-09,2019-06-16 00:00:00+00:00,2019-06-16,2019-09-01,demand-v2-provisional,provisional
US,accommodation_staycation,train,3094,2018-06-24,2019-06-16,2019-06-23 00:00:00+00:00,2019-06-23,2019-09-08,demand-v2-provisional,provisional
US,accommodation_staycation,train,3095,2018-07-01,2019-06-23,2019-06-30 00:00:00+00:00,2019-06-30,2019-09-15,demand-v2-provisional,provisional
US,accommodation_staycation,train,3096,2018-07-08,2019-06-30,2019-07-07 00:00:00+00:00,2019-07-07,2019-09-22,demand-v2-provisional,provisional
US,accommodation_staycation,train,3097,2018-07-15,2019-07-07,2019-07-14 00:00:00+00:00,2019-07-14,2019-09-29,demand-v2-provisional,provisional
US,accommodation_staycation,train,3098,2018-07-22,2019-07-14,2019-07-21 00:00:00+00:00,2019-07-21,2019-10-06,demand-v2-provisional,provisional
US,accommodation_staycation,train,3099,2018-07-29,2019-07-21,2019-07-28 00:00:00+00:00,2019-07-28,2019-10-13,demand-v2-provisional,provisional
US,accommodation_staycation,train,3100,2018-08-05,2019-07-28,2019-08-04 00:00:00+00:00,2019-08-04,2019-10-20,demand-v2-provisional,provisional
US,accommodation_staycation,train,3101,2018-08-12,2019-08-04,2019-08-11 00:00:00+00:00,2019-08-11,2019-10-27,demand-v2-provisional,provisional
US,accommodation_staycation,train,3102,2018-08-19,2019-08-11,2019-08-18 00:00:00+00:00,2019-08-18,2019-11-03,demand-v2-provisional,provisional
US,accommodation_staycation,train,3103,2018-08-26,2019-08-18,2019-08-25 00:00:00+00:00,2019-08-25,2019-11-10,demand-v2-provisional,provisional
US,accommodation_staycation,train,3104,2018-09-02,2019-08-25,2019-09-01 00:00:00+00:00,2019-09-01,2019-11-17,demand-v2-provisional,provisional
US,accommodation_staycation,train,3105,2018-09-09,2019-09-01,2019-09-08 00:00:00+00:00,2019-09-08,2019-11-24,demand-v2-provisional,provisional
US,accommodation_staycation,train,3106,2018-09-16,2019-09-08,2019-09-15 00:00:00+00:00,2019-09-15,2019-12-01,demand-v2-provisional,provisional
US,accommodation_staycation,train,3107,2018-09-23,2019-09-15,2019-09-22 00:00:00+00:00,2019-09-22,2019-12-08,demand-v2-provisional,provisional
US,accommodation_staycation,train,3108,2018-09-30,2019-09-22,2019-09-29 00:00:00+00:00,2019-09-29,2019-12-15,demand-v2-provisional,provisional
US,accommodation_staycation,train,3109,2018-10-07,2019-09-29,2019-10-06 00:00:00+00:00,2019-10-06,2019-12-22,demand-v2-provisional,provisional
US,accommodation_staycation,train,3110,2023-01-01,2023-12-24,2023-12-31 00:00:00+00:00,2023-12-31,2024-03-17,demand-v2-provisional,provisional
US,accommodation_staycation,train,3111,2023-01-08,2023-12-31,2024-01-07 00:00:00+00:00,2024-01-07,2024-03-24,demand-v2-provisional,provisional
US,accommodation_staycation,train,3112,2023-01-15,2024-01-07,2024-01-14 00:00:00+00:00,2024-01-14,2024-03-31,demand-v2-provisional,provisional
US,accommodation_staycation,train,3113,2023-01-22,2024-01-14,2024-01-21 00:00:00+00:00,2024-01-21,2024-04-07,demand-v2-provisional,provisional
US,accommodation_staycation,train,3114,2023-01-29,2024-01-21,2024-01-28 00:00:00+00:00,2024-01-28,2024-04-14,demand-v2-provisional,provisional
US,accommodation_staycation,train,3115,2023-02-05,2024-01-28,2024-02-04 00:00:00+00:00,2024-02-04,2024-04-21,demand-v2-provisional,provisional
US,accommodation_staycation,train,3116,2023-02-12,2024-02-04,2024-02-11 00:00:00+00:00,2024-02-11,2024-04-28,demand-v2-provisional,provisional
US,accommodation_staycation,train,3117,2023-02-19,2024-02-11,2024-02-18 00:00:00+00:00,2024-02-18,2024-05-05,demand-v2-provisional,provisional
US,accommodation_staycation,train,3118,2023-02-26,2024-02-18,2024-02-25 00:00:00+00:00,2024-02-25,2024-05-12,demand-v2-provisional,provisional
US,accommodation_staycation,train,3119,2023-03-05,2024-02-25,2024-03-03 00:00:00+00:00,2024-03-03,2024-05-19,demand-v2-provisional,provisional
US,accommodation_staycation,validation,434,2023-05-28,2024-05-19,2024-05-26 00:00:00+00:00,2024-05-26,2024-08-11,demand-v2-provisional,provisional
US,accommodation_staycation,validation,435,2023-06-04,2024-05-26,2024-06-02 00:00:00+00:00,2024-06-02,2024-08-18,demand-v2-provisional,provisional
US,accommodation_staycation,validation,436,2023-06-11,2024-06-02,2024-06-09 00:00:00+00:00,2024-06-09,2024-08-25,demand-v2-provisional,provisional
US,accommodation_staycation,validation,437,2023-06-18,2024-06-09,2024-06-16 00:00:00+00:00,2024-06-16,2024-09-01,demand-v2-provisional,provisional
US,accommodation_staycation,validation,438,2023-06-25,2024-06-16,2024-06-23 00:00:00+00:00,2024-06-23,2024-09-08,demand-v2-provisional,provisional
US,accommodation_staycation,validation,439,2023-07-02,2024-06-23,2024-06-30 00:00:00+00:00,2024-06-30,2024-09-15,demand-v2-provisional,provisional
US,accommodation_staycation,validation,440,2023-07-09,2024-06-30,2024-07-07 00:00:00+00:00,2024-07-07,2024-09-22,demand-v2-provisional,provisional
US,accommodation_staycation,validation,441,2023-07-16,2024-07-07,2024-07-14 00:00:00+00:00,2024-07-14,2024-09-29,demand-v2-provisional,provisional
US,accommodation_staycation,validation,442,2023-07-23,2024-07-14,2024-07-21 00:00:00+00:00,2024-07-21,2024-10-06,demand-v2-provisional,provisional
US,accommodation_staycation,validation,443,2023-07-30,2024-07-21,2024-07-28 00:00:00+00:00,2024-07-28,2024-10-13,demand-v2-provisional,provisional
US,accommodation_staycation,validation,444,2023-08-06,2024-07-28,2024-08-04 00:00:00+00:00,2024-08-04,2024-10-20,demand-v2-provisional,provisional
US,accommodation_staycation,validation,445,2023-08-13,2024-08-04,2024-08-11 00:00:00+00:00,2024-08-11,2024-10-27,demand-v2-provisional,provisional
US,accommodation_staycation,validation,446,2023-08-20,2024-08-11,2024-08-18 00:00:00+00:00,2024-08-18,2024-11-03,demand-v2-provisional,provisional
US,accommodation_staycation,validation,447,2023-08-27,2024-08-18,2024-08-25 00:00:00+00:00,2024-08-25,2024-11-10,demand-v2-provisional,provisional
US,accommodation_staycation,validation,448,2023-09-03,2024-08-25,2024-09-01 00:00:00+00:00,2024-09-01,2024-11-17,demand-v2-provisional,provisional
US,accommodation_staycation,validation,449,2023-09-10,2024-09-01,2024-09-08 00:00:00+00:00,2024-09-08,2024-11-24,demand-v2-provisional,provisional
US,accommodation_staycation,validation,450,2023-09-17,2024-09-08,2024-09-15 00:00:00+00:00,2024-09-15,2024-12-01,demand-v2-provisional,provisional
US,accommodation_staycation,validation,451,2023-09-24,2024-09-15,2024-09-22 00:00:00+00:00,2024-09-22,2024-12-08,demand-v2-provisional,provisional
US,accommodation_staycation,validation,452,2023-10-01,2024-09-22,2024-09-29 00:00:00+00:00,2024-09-29,2024-12-15,demand-v2-provisional,provisional
US,accommodation_staycation,validation,453,2023-10-08,2024-09-29,2024-10-06 00:00:00+00:00,2024-10-06,2024-12-22,demand-v2-provisional,provisional
US,accommodation_staycation,validation,454,2023-10-15,2024-10-06,2024-10-13 00:00:00+00:00,2024-10-13,2024-12-29,demand-v2-provisional,provisional
US,accommodation_staycation,validation,455,2023-10-22,2024-10-13,2024-10-20 00:00:00+00:00,2024-10-20,2025-01-05,demand-v2-provisional,provisional
US,accommodation_staycation,validation,456,2023-10-29,2024-10-20,2024-10-27 00:00:00+00:00,2024-10-27,2025-01-12,demand-v2-provisional,provisional
US,accommodation_staycation,validation,457,2023-11-05,2024-10-27,2024-11-03 00:00:00+00:00,2024-11-03,2025-01-19,demand-v2-provisional,provisional
US,accommodation_staycation,validation,458,2023-11-12,2024-11-03,2024-11-10 00:00:00+00:00,2024-11-10,2025-01-26,demand-v2-provisional,provisional
US,accommodation_staycation,validation,459,2023-11-19,2024-11-10,2024-11-17 00:00:00+00:00,2024-11-17,2025-02-02,demand-v2-provisional,provisional
US,accommodation_staycation,validation,460,2023-11-26,2024-11-17,2024-11-24 00:00:00+00:00,2024-11-24,2025-02-09,demand-v2-provisional,provisional
US,accommodation_staycation,validation,461,2023-12-03,2024-11-24,2024-12-01 00:00:00+00:00,2024-12-01,2025-02-16,demand-v2-provisional,provisional
US,accommodation_staycation,validation,462,2023-12-10,2024-12-01,2024-12-08 00:00:00+00:00,2024-12-08,2025-02-23,demand-v2-provisional,provisional
US,accommodation_staycation,validation,463,2023-12-17,2024-12-08,2024-12-15 00:00:00+00:00,2024-12-15,2025-03-02,demand-v2-provisional,provisional
US,accommodation_staycation,validation,464,2023-12-24,2024-12-15,2024-12-22 00:00:00+00:00,2024-12-22,2025-03-09,demand-v2-provisional,provisional
US,accommodation_staycation,test,434,2024-03-17,2025-03-09,2025-03-16 00:00:00+00:00,2025-03-16,2025-06-01,demand-v2-provisional,provisional
US,accommodation_staycation,test,435,2024-03-24,2025-03-16,2025-03-23 00:00:00+00:00,2025-03-23,2025-06-08,demand-v2-provisional,provisional
US,accommodation_staycation,test,436,2024-03-31,2025-03-23,2025-03-30 00:00:00+00:00,2025-03-30,2025-06-15,demand-v2-provisional,provisional
US,accommodation_staycation,test,437,2024-04-07,2025-03-30,2025-04-06 00:00:00+00:00,2025-04-06,2025-06-22,demand-v2-provisional,provisional
US,accommodation_staycation,test,438,2024-04-14,2025-04-06,2025-04-13 00:00:00+00:00,2025-04-13,2025-06-29,demand-v2-provisional,provisional
US,accommodation_staycation,test,439,2024-04-21,2025-04-13,2025-04-20 00:00:00+00:00,2025-04-20,2025-07-06,demand-v2-provisional,provisional
US,accommodation_staycation,test,440,2024-04-28,2025-04-20,2025-04-27 00:00:00+00:00,2025-04-27,2025-07-13,demand-v2-provisional,provisional
US,accommodation_staycation,test,441,2024-05-05,2025-04-27,2025-05-04 00:00:00+00:00,2025-05-04,2025-07-20,demand-v2-provisional,provisional
US,accommodation_staycation,test,442,2024-05-12,2025-05-04,2025-05-11 00:00:00+00:00,2025-05-11,2025-07-27,demand-v2-provisional,provisional
US,accommodation_staycation,test,443,2024-05-19,2025-05-11,2025-05-18 00:00:00+00:00,2025-05-18,2025-08-03,demand-v2-provisional,provisional
US,accommodation_staycation,test,444,2024-05-26,2025-05-18,2025-05-25 00:00:00+00:00,2025-05-25,2025-08-10,demand-v2-provisional,provisional
US,accommodation_staycation,test,445,2024-06-02,2025-05-25,2025-06-01 00:00:00+00:00,2025-06-01,2025-08-17,demand-v2-provisional,provisional
US,accommodation_staycation,test,446,2024-06-09,2025-06-01,2025-06-08 00:00:00+00:00,2025-06-08,2025-08-24,demand-v2-provisional,provisional
US,accommodation_staycation,test,447,2024-06-16,2025-06-08,2025-06-15 00:00:00+00:00,2025-06-15,2025-08-31,demand-v2-provisional,provisional
US,accommodation_staycation,test,448,2024-06-23,2025-06-15,2025-06-22 00:00:00+00:00,2025-06-22,2025-09-07,demand-v2-provisional,provisional
US,accommodation_staycation,test,449,2024-06-30,2025-06-22,2025-06-29 00:00:00+00:00,2025-06-29,2025-09-14,demand-v2-provisional,provisional
US,accommodation_staycation,test,450,2024-07-07,2025-06-29,2025-07-06 00:00:00+00:00,2025-07-06,2025-09-21,demand-v2-provisional,provisional
US,accommodation_staycation,test,451,2024-07-14,2025-07-06,2025-07-13 00:00:00+00:00,2025-07-13,2025-09-28,demand-v2-provisional,provisional
US,accommodation_staycation,test,452,2024-07-21,2025-07-13,2025-07-20 00:00:00+00:00,2025-07-20,2025-10-05,demand-v2-provisional,provisional
US,accommodation_staycation,test,453,2024-07-28,2025-07-20,2025-07-27 00:00:00+00:00,2025-07-27,2025-10-12,demand-v2-provisional,provisional
US,accommodation_staycation,test,454,2024-08-04,2025-07-27,2025-08-03 00:00:00+00:00,2025-08-03,2025-10-19,demand-v2-provisional,provisional
US,accommodation_staycation,test,455,2024-08-11,2025-08-03,2025-08-10 00:00:00+00:00,2025-08-10,2025-10-26,demand-v2-provisional,provisional
US,accommodation_staycation,test,456,2024-08-18,2025-08-10,2025-08-17 00:00:00+00:00,2025-08-17,2025-11-02,demand-v2-provisional,provisional
US,accommodation_staycation,test,457,2024-08-25,2025-08-17,2025-08-24 00:00:00+00:00,2025-08-24,2025-11-09,demand-v2-provisional,provisional
US,accommodation_staycation,test,458,2024-09-01,2025-08-24,2025-08-31 00:00:00+00:00,2025-08-31,2025-11-16,demand-v2-provisional,provisional
US,accommodation_staycation,test,459,2024-09-08,2025-08-31,2025-09-07 00:00:00+00:00,2025-09-07,2025-11-23,demand-v2-provisional,provisional
US,accommodation_staycation,test,460,2024-09-15,2025-09-07,2025-09-14 00:00:00+00:00,2025-09-14,2025-11-30,demand-v2-provisional,provisional
US,accommodation_staycation,test,461,2024-09-22,2025-09-14,2025-09-21 00:00:00+00:00,2025-09-21,2025-12-07,demand-v2-provisional,provisional
US,accommodation_staycation,test,462,2024-09-29,2025-09-21,2025-09-28 00:00:00+00:00,2025-09-28,2025-12-14,demand-v2-provisional,provisional
US,accommodation_staycation,test,463,2024-10-06,2025-09-28,2025-10-05 00:00:00+00:00,2025-10-05,2025-12-21,demand-v2-provisional,provisional
US,accommodation_staycation,test,464,2024-10-13,2025-10-05,2025-10-12 00:00:00+00:00,2025-10-12,2025-12-28,demand-v2-provisional,provisional
US,adventure_nature,train,3120,2014-12-28,2015-12-20,2015-12-27 00:00:00+00:00,2015-12-27,2016-03-13,demand-v2-provisional,provisional
US,adventure_nature,train,3121,2015-01-04,2015-12-27,2016-01-03 00:00:00+00:00,2016-01-03,2016-03-20,demand-v2-provisional,provisional
US,adventure_nature,train,3122,2015-01-11,2016-01-03,2016-01-10 00:00:00+00:00,2016-01-10,2016-03-27,demand-v2-provisional,provisional
US,adventure_nature,train,3123,2015-01-18,2016-01-10,2016-01-17 00:00:00+00:00,2016-01-17,2016-04-03,demand-v2-provisional,provisional
US,adventure_nature,train,3124,2015-01-25,2016-01-17,2016-01-24 00:00:00+00:00,2016-01-24,2016-04-10,demand-v2-provisional,provisional
US,adventure_nature,train,3125,2015-02-01,2016-01-24,2016-01-31 00:00:00+00:00,2016-01-31,2016-04-17,demand-v2-provisional,provisional
US,adventure_nature,train,3126,2015-02-08,2016-01-31,2016-02-07 00:00:00+00:00,2016-02-07,2016-04-24,demand-v2-provisional,provisional
US,adventure_nature,train,3127,2015-02-15,2016-02-07,2016-02-14 00:00:00+00:00,2016-02-14,2016-05-01,demand-v2-provisional,provisional
US,adventure_nature,train,3128,2015-02-22,2016-02-14,2016-02-21 00:00:00+00:00,2016-02-21,2016-05-08,demand-v2-provisional,provisional
US,adventure_nature,train,3129,2015-03-01,2016-02-21,2016-02-28 00:00:00+00:00,2016-02-28,2016-05-15,demand-v2-provisional,provisional
US,adventure_nature,train,3130,2015-03-08,2016-02-28,2016-03-06 00:00:00+00:00,2016-03-06,2016-05-22,demand-v2-provisional,provisional
US,adventure_nature,train,3131,2015-03-15,2016-03-06,2016-03-13 00:00:00+00:00,2016-03-13,2016-05-29,demand-v2-provisional,provisional
US,adventure_nature,train,3132,2015-03-22,2016-03-13,2016-03-20 00:00:00+00:00,2016-03-20,2016-06-05,demand-v2-provisional,provisional
US,adventure_nature,train,3133,2015-03-29,2016-03-20,2016-03-27 00:00:00+00:00,2016-03-27,2016-06-12,demand-v2-provisional,provisional
US,adventure_nature,train,3134,2015-04-05,2016-03-27,2016-04-03 00:00:00+00:00,2016-04-03,2016-06-19,demand-v2-provisional,provisional
US,adventure_nature,train,3135,2015-04-12,2016-04-03,2016-04-10 00:00:00+00:00,2016-04-10,2016-06-26,demand-v2-provisional,provisional
US,adventure_nature,train,3136,2015-04-19,2016-04-10,2016-04-17 00:00:00+00:00,2016-04-17,2016-07-03,demand-v2-provisional,provisional
US,adventure_nature,train,3137,2015-04-26,2016-04-17,2016-04-24 00:00:00+00:00,2016-04-24,2016-07-10,demand-v2-provisional,provisional
US,adventure_nature,train,3138,2015-05-03,2016-04-24,2016-05-01 00:00:00+00:00,2016-05-01,2016-07-17,demand-v2-provisional,provisional
US,adventure_nature,train,3139,2015-05-10,2016-05-01,2016-05-08 00:00:00+00:00,2016-05-08,2016-07-24,demand-v2-provisional,provisional
US,adventure_nature,train,3140,2015-05-17,2016-05-08,2016-05-15 00:00:00+00:00,2016-05-15,2016-07-31,demand-v2-provisional,provisional
US,adventure_nature,train,3141,2015-05-24,2016-05-15,2016-05-22 00:00:00+00:00,2016-05-22,2016-08-07,demand-v2-provisional,provisional
US,adventure_nature,train,3142,2015-05-31,2016-05-22,2016-05-29 00:00:00+00:00,2016-05-29,2016-08-14,demand-v2-provisional,provisional
US,adventure_nature,train,3143,2015-06-07,2016-05-29,2016-06-05 00:00:00+00:00,2016-06-05,2016-08-21,demand-v2-provisional,provisional
US,adventure_nature,train,3144,2015-06-14,2016-06-05,2016-06-12 00:00:00+00:00,2016-06-12,2016-08-28,demand-v2-provisional,provisional
US,adventure_nature,train,3145,2015-06-21,2016-06-12,2016-06-19 00:00:00+00:00,2016-06-19,2016-09-04,demand-v2-provisional,provisional
US,adventure_nature,train,3146,2015-06-28,2016-06-19,2016-06-26 00:00:00+00:00,2016-06-26,2016-09-11,demand-v2-provisional,provisional
US,adventure_nature,train,3147,2015-07-05,2016-06-26,2016-07-03 00:00:00+00:00,2016-07-03,2016-09-18,demand-v2-provisional,provisional
US,adventure_nature,train,3148,2015-07-12,2016-07-03,2016-07-10 00:00:00+00:00,2016-07-10,2016-09-25,demand-v2-provisional,provisional
US,adventure_nature,train,3149,2015-07-19,2016-07-10,2016-07-17 00:00:00+00:00,2016-07-17,2016-10-02,demand-v2-provisional,provisional
US,adventure_nature,train,3150,2015-07-26,2016-07-17,2016-07-24 00:00:00+00:00,2016-07-24,2016-10-09,demand-v2-provisional,provisional
US,adventure_nature,train,3151,2015-08-02,2016-07-24,2016-07-31 00:00:00+00:00,2016-07-31,2016-10-16,demand-v2-provisional,provisional
US,adventure_nature,train,3152,2015-08-09,2016-07-31,2016-08-07 00:00:00+00:00,2016-08-07,2016-10-23,demand-v2-provisional,provisional
US,adventure_nature,train,3153,2015-08-16,2016-08-07,2016-08-14 00:00:00+00:00,2016-08-14,2016-10-30,demand-v2-provisional,provisional
US,adventure_nature,train,3154,2015-08-23,2016-08-14,2016-08-21 00:00:00+00:00,2016-08-21,2016-11-06,demand-v2-provisional,provisional
US,adventure_nature,train,3155,2015-08-30,2016-08-21,2016-08-28 00:00:00+00:00,2016-08-28,2016-11-13,demand-v2-provisional,provisional
US,adventure_nature,train,3156,2015-09-06,2016-08-28,2016-09-04 00:00:00+00:00,2016-09-04,2016-11-20,demand-v2-provisional,provisional
US,adventure_nature,train,3157,2015-09-13,2016-09-04,2016-09-11 00:00:00+00:00,2016-09-11,2016-11-27,demand-v2-provisional,provisional
US,adventure_nature,train,3158,2015-09-20,2016-09-11,2016-09-18 00:00:00+00:00,2016-09-18,2016-12-04,demand-v2-provisional,provisional
US,adventure_nature,train,3159,2015-09-27,2016-09-18,2016-09-25 00:00:00+00:00,2016-09-25,2016-12-11,demand-v2-provisional,provisional
US,adventure_nature,train,3160,2015-10-04,2016-09-25,2016-10-02 00:00:00+00:00,2016-10-02,2016-12-18,demand-v2-provisional,provisional
US,adventure_nature,train,3161,2015-10-11,2016-10-02,2016-10-09 00:00:00+00:00,2016-10-09,2016-12-25,demand-v2-provisional,provisional
US,adventure_nature,train,3162,2015-10-18,2016-10-09,2016-10-16 00:00:00+00:00,2016-10-16,2017-01-01,demand-v2-provisional,provisional
US,adventure_nature,train,3163,2015-10-25,2016-10-16,2016-10-23 00:00:00+00:00,2016-10-23,2017-01-08,demand-v2-provisional,provisional
US,adventure_nature,train,3164,2015-11-01,2016-10-23,2016-10-30 00:00:00+00:00,2016-10-30,2017-01-15,demand-v2-provisional,provisional
US,adventure_nature,train,3165,2015-11-08,2016-10-30,2016-11-06 00:00:00+00:00,2016-11-06,2017-01-22,demand-v2-provisional,provisional
US,adventure_nature,train,3166,2015-11-15,2016-11-06,2016-11-13 00:00:00+00:00,2016-11-13,2017-01-29,demand-v2-provisional,provisional
US,adventure_nature,train,3167,2015-11-22,2016-11-13,2016-11-20 00:00:00+00:00,2016-11-20,2017-02-05,demand-v2-provisional,provisional
US,adventure_nature,train,3168,2015-11-29,2016-11-20,2016-11-27 00:00:00+00:00,2016-11-27,2017-02-12,demand-v2-provisional,provisional
US,adventure_nature,train,3169,2015-12-06,2016-11-27,2016-12-04 00:00:00+00:00,2016-12-04,2017-02-19,demand-v2-provisional,provisional
US,adventure_nature,train,3170,2015-12-13,2016-12-04,2016-12-11 00:00:00+00:00,2016-12-11,2017-02-26,demand-v2-provisional,provisional
US,adventure_nature,train,3171,2015-12-20,2016-12-11,2016-12-18 00:00:00+00:00,2016-12-18,2017-03-05,demand-v2-provisional,provisional
US,adventure_nature,train,3172,2015-12-27,2016-12-18,2016-12-25 00:00:00+00:00,2016-12-25,2017-03-12,demand-v2-provisional,provisional
US,adventure_nature,train,3173,2016-01-03,2016-12-25,2017-01-01 00:00:00+00:00,2017-01-01,2017-03-19,demand-v2-provisional,provisional
US,adventure_nature,train,3174,2016-01-10,2017-01-01,2017-01-08 00:00:00+00:00,2017-01-08,2017-03-26,demand-v2-provisional,provisional
US,adventure_nature,train,3175,2016-01-17,2017-01-08,2017-01-15 00:00:00+00:00,2017-01-15,2017-04-02,demand-v2-provisional,provisional
US,adventure_nature,train,3176,2016-01-24,2017-01-15,2017-01-22 00:00:00+00:00,2017-01-22,2017-04-09,demand-v2-provisional,provisional
US,adventure_nature,train,3177,2016-01-31,2017-01-22,2017-01-29 00:00:00+00:00,2017-01-29,2017-04-16,demand-v2-provisional,provisional
US,adventure_nature,train,3178,2016-02-07,2017-01-29,2017-02-05 00:00:00+00:00,2017-02-05,2017-04-23,demand-v2-provisional,provisional
US,adventure_nature,train,3179,2016-02-14,2017-02-05,2017-02-12 00:00:00+00:00,2017-02-12,2017-04-30,demand-v2-provisional,provisional
US,adventure_nature,train,3180,2016-02-21,2017-02-12,2017-02-19 00:00:00+00:00,2017-02-19,2017-05-07,demand-v2-provisional,provisional
US,adventure_nature,train,3181,2016-02-28,2017-02-19,2017-02-26 00:00:00+00:00,2017-02-26,2017-05-14,demand-v2-provisional,provisional
US,adventure_nature,train,3182,2016-03-06,2017-02-26,2017-03-05 00:00:00+00:00,2017-03-05,2017-05-21,demand-v2-provisional,provisional
US,adventure_nature,train,3183,2016-03-13,2017-03-05,2017-03-12 00:00:00+00:00,2017-03-12,2017-05-28,demand-v2-provisional,provisional
US,adventure_nature,train,3184,2016-03-20,2017-03-12,2017-03-19 00:00:00+00:00,2017-03-19,2017-06-04,demand-v2-provisional,provisional
US,adventure_nature,train,3185,2016-03-27,2017-03-19,2017-03-26 00:00:00+00:00,2017-03-26,2017-06-11,demand-v2-provisional,provisional
US,adventure_nature,train,3186,2016-04-03,2017-03-26,2017-04-02 00:00:00+00:00,2017-04-02,2017-06-18,demand-v2-provisional,provisional
US,adventure_nature,train,3187,2016-04-10,2017-04-02,2017-04-09 00:00:00+00:00,2017-04-09,2017-06-25,demand-v2-provisional,provisional
US,adventure_nature,train,3188,2016-04-17,2017-04-09,2017-04-16 00:00:00+00:00,2017-04-16,2017-07-02,demand-v2-provisional,provisional
US,adventure_nature,train,3189,2016-04-24,2017-04-16,2017-04-23 00:00:00+00:00,2017-04-23,2017-07-09,demand-v2-provisional,provisional
US,adventure_nature,train,3190,2016-05-01,2017-04-23,2017-04-30 00:00:00+00:00,2017-04-30,2017-07-16,demand-v2-provisional,provisional
US,adventure_nature,train,3191,2016-05-08,2017-04-30,2017-05-07 00:00:00+00:00,2017-05-07,2017-07-23,demand-v2-provisional,provisional
US,adventure_nature,train,3192,2016-05-15,2017-05-07,2017-05-14 00:00:00+00:00,2017-05-14,2017-07-30,demand-v2-provisional,provisional
US,adventure_nature,train,3193,2016-05-22,2017-05-14,2017-05-21 00:00:00+00:00,2017-05-21,2017-08-06,demand-v2-provisional,provisional
US,adventure_nature,train,3194,2016-05-29,2017-05-21,2017-05-28 00:00:00+00:00,2017-05-28,2017-08-13,demand-v2-provisional,provisional
US,adventure_nature,train,3195,2016-06-05,2017-05-28,2017-06-04 00:00:00+00:00,2017-06-04,2017-08-20,demand-v2-provisional,provisional
US,adventure_nature,train,3196,2016-06-12,2017-06-04,2017-06-11 00:00:00+00:00,2017-06-11,2017-08-27,demand-v2-provisional,provisional
US,adventure_nature,train,3197,2016-06-19,2017-06-11,2017-06-18 00:00:00+00:00,2017-06-18,2017-09-03,demand-v2-provisional,provisional
US,adventure_nature,train,3198,2016-06-26,2017-06-18,2017-06-25 00:00:00+00:00,2017-06-25,2017-09-10,demand-v2-provisional,provisional
US,adventure_nature,train,3199,2016-07-03,2017-06-25,2017-07-02 00:00:00+00:00,2017-07-02,2017-09-17,demand-v2-provisional,provisional
US,adventure_nature,train,3200,2016-07-10,2017-07-02,2017-07-09 00:00:00+00:00,2017-07-09,2017-09-24,demand-v2-provisional,provisional
US,adventure_nature,train,3201,2016-07-17,2017-07-09,2017-07-16 00:00:00+00:00,2017-07-16,2017-10-01,demand-v2-provisional,provisional
US,adventure_nature,train,3202,2016-07-24,2017-07-16,2017-07-23 00:00:00+00:00,2017-07-23,2017-10-08,demand-v2-provisional,provisional
US,adventure_nature,train,3203,2016-07-31,2017-07-23,2017-07-30 00:00:00+00:00,2017-07-30,2017-10-15,demand-v2-provisional,provisional
US,adventure_nature,train,3204,2016-08-07,2017-07-30,2017-08-06 00:00:00+00:00,2017-08-06,2017-10-22,demand-v2-provisional,provisional
US,adventure_nature,train,3205,2016-08-14,2017-08-06,2017-08-13 00:00:00+00:00,2017-08-13,2017-10-29,demand-v2-provisional,provisional
US,adventure_nature,train,3206,2016-08-21,2017-08-13,2017-08-20 00:00:00+00:00,2017-08-20,2017-11-05,demand-v2-provisional,provisional
US,adventure_nature,train,3207,2016-08-28,2017-08-20,2017-08-27 00:00:00+00:00,2017-08-27,2017-11-12,demand-v2-provisional,provisional
US,adventure_nature,train,3208,2016-09-04,2017-08-27,2017-09-03 00:00:00+00:00,2017-09-03,2017-11-19,demand-v2-provisional,provisional
US,adventure_nature,train,3209,2016-09-11,2017-09-03,2017-09-10 00:00:00+00:00,2017-09-10,2017-11-26,demand-v2-provisional,provisional
US,adventure_nature,train,3210,2016-09-18,2017-09-10,2017-09-17 00:00:00+00:00,2017-09-17,2017-12-03,demand-v2-provisional,provisional
US,adventure_nature,train,3211,2016-09-25,2017-09-17,2017-09-24 00:00:00+00:00,2017-09-24,2017-12-10,demand-v2-provisional,provisional
US,adventure_nature,train,3212,2016-10-02,2017-09-24,2017-10-01 00:00:00+00:00,2017-10-01,2017-12-17,demand-v2-provisional,provisional
US,adventure_nature,train,3213,2016-10-09,2017-10-01,2017-10-08 00:00:00+00:00,2017-10-08,2017-12-24,demand-v2-provisional,provisional
US,adventure_nature,train,3214,2016-10-16,2017-10-08,2017-10-15 00:00:00+00:00,2017-10-15,2017-12-31,demand-v2-provisional,provisional
US,adventure_nature,train,3215,2016-10-23,2017-10-15,2017-10-22 00:00:00+00:00,2017-10-22,2018-01-07,demand-v2-provisional,provisional
US,adventure_nature,train,3216,2016-10-30,2017-10-22,2017-10-29 00:00:00+00:00,2017-10-29,2018-01-14,demand-v2-provisional,provisional
US,adventure_nature,train,3217,2016-11-06,2017-10-29,2017-11-05 00:00:00+00:00,2017-11-05,2018-01-21,demand-v2-provisional,provisional
US,adventure_nature,train,3218,2016-11-13,2017-11-05,2017-11-12 00:00:00+00:00,2017-11-12,2018-01-28,demand-v2-provisional,provisional
US,adventure_nature,train,3219,2016-11-20,2017-11-12,2017-11-19 00:00:00+00:00,2017-11-19,2018-02-04,demand-v2-provisional,provisional
US,adventure_nature,train,3220,2016-11-27,2017-11-19,2017-11-26 00:00:00+00:00,2017-11-26,2018-02-11,demand-v2-provisional,provisional
US,adventure_nature,train,3221,2016-12-04,2017-11-26,2017-12-03 00:00:00+00:00,2017-12-03,2018-02-18,demand-v2-provisional,provisional
US,adventure_nature,train,3222,2016-12-11,2017-12-03,2017-12-10 00:00:00+00:00,2017-12-10,2018-02-25,demand-v2-provisional,provisional
US,adventure_nature,train,3223,2016-12-18,2017-12-10,2017-12-17 00:00:00+00:00,2017-12-17,2018-03-04,demand-v2-provisional,provisional
US,adventure_nature,train,3224,2016-12-25,2017-12-17,2017-12-24 00:00:00+00:00,2017-12-24,2018-03-11,demand-v2-provisional,provisional
US,adventure_nature,train,3225,2017-01-01,2017-12-24,2017-12-31 00:00:00+00:00,2017-12-31,2018-03-18,demand-v2-provisional,provisional
US,adventure_nature,train,3226,2017-01-08,2017-12-31,2018-01-07 00:00:00+00:00,2018-01-07,2018-03-25,demand-v2-provisional,provisional
US,adventure_nature,train,3227,2017-01-15,2018-01-07,2018-01-14 00:00:00+00:00,2018-01-14,2018-04-01,demand-v2-provisional,provisional
US,adventure_nature,train,3228,2017-01-22,2018-01-14,2018-01-21 00:00:00+00:00,2018-01-21,2018-04-08,demand-v2-provisional,provisional
US,adventure_nature,train,3229,2017-01-29,2018-01-21,2018-01-28 00:00:00+00:00,2018-01-28,2018-04-15,demand-v2-provisional,provisional
US,adventure_nature,train,3230,2017-02-05,2018-01-28,2018-02-04 00:00:00+00:00,2018-02-04,2018-04-22,demand-v2-provisional,provisional
US,adventure_nature,train,3231,2017-02-12,2018-02-04,2018-02-11 00:00:00+00:00,2018-02-11,2018-04-29,demand-v2-provisional,provisional
US,adventure_nature,train,3232,2017-02-19,2018-02-11,2018-02-18 00:00:00+00:00,2018-02-18,2018-05-06,demand-v2-provisional,provisional
US,adventure_nature,train,3233,2017-02-26,2018-02-18,2018-02-25 00:00:00+00:00,2018-02-25,2018-05-13,demand-v2-provisional,provisional
US,adventure_nature,train,3234,2017-03-05,2018-02-25,2018-03-04 00:00:00+00:00,2018-03-04,2018-05-20,demand-v2-provisional,provisional
US,adventure_nature,train,3235,2017-03-12,2018-03-04,2018-03-11 00:00:00+00:00,2018-03-11,2018-05-27,demand-v2-provisional,provisional
US,adventure_nature,train,3236,2017-03-19,2018-03-11,2018-03-18 00:00:00+00:00,2018-03-18,2018-06-03,demand-v2-provisional,provisional
US,adventure_nature,train,3237,2017-03-26,2018-03-18,2018-03-25 00:00:00+00:00,2018-03-25,2018-06-10,demand-v2-provisional,provisional
US,adventure_nature,train,3238,2017-04-02,2018-03-25,2018-04-01 00:00:00+00:00,2018-04-01,2018-06-17,demand-v2-provisional,provisional
US,adventure_nature,train,3239,2017-04-09,2018-04-01,2018-04-08 00:00:00+00:00,2018-04-08,2018-06-24,demand-v2-provisional,provisional
US,adventure_nature,train,3240,2017-04-16,2018-04-08,2018-04-15 00:00:00+00:00,2018-04-15,2018-07-01,demand-v2-provisional,provisional
US,adventure_nature,train,3241,2017-04-23,2018-04-15,2018-04-22 00:00:00+00:00,2018-04-22,2018-07-08,demand-v2-provisional,provisional
US,adventure_nature,train,3242,2017-04-30,2018-04-22,2018-04-29 00:00:00+00:00,2018-04-29,2018-07-15,demand-v2-provisional,provisional
US,adventure_nature,train,3243,2017-05-07,2018-04-29,2018-05-06 00:00:00+00:00,2018-05-06,2018-07-22,demand-v2-provisional,provisional
US,adventure_nature,train,3244,2017-05-14,2018-05-06,2018-05-13 00:00:00+00:00,2018-05-13,2018-07-29,demand-v2-provisional,provisional
US,adventure_nature,train,3245,2017-05-21,2018-05-13,2018-05-20 00:00:00+00:00,2018-05-20,2018-08-05,demand-v2-provisional,provisional
US,adventure_nature,train,3246,2017-05-28,2018-05-20,2018-05-27 00:00:00+00:00,2018-05-27,2018-08-12,demand-v2-provisional,provisional
US,adventure_nature,train,3247,2017-06-04,2018-05-27,2018-06-03 00:00:00+00:00,2018-06-03,2018-08-19,demand-v2-provisional,provisional
US,adventure_nature,train,3248,2017-06-11,2018-06-03,2018-06-10 00:00:00+00:00,2018-06-10,2018-08-26,demand-v2-provisional,provisional
US,adventure_nature,train,3249,2017-06-18,2018-06-10,2018-06-17 00:00:00+00:00,2018-06-17,2018-09-02,demand-v2-provisional,provisional
US,adventure_nature,train,3250,2017-06-25,2018-06-17,2018-06-24 00:00:00+00:00,2018-06-24,2018-09-09,demand-v2-provisional,provisional
US,adventure_nature,train,3251,2017-07-02,2018-06-24,2018-07-01 00:00:00+00:00,2018-07-01,2018-09-16,demand-v2-provisional,provisional
US,adventure_nature,train,3252,2017-07-09,2018-07-01,2018-07-08 00:00:00+00:00,2018-07-08,2018-09-23,demand-v2-provisional,provisional
US,adventure_nature,train,3253,2017-07-16,2018-07-08,2018-07-15 00:00:00+00:00,2018-07-15,2018-09-30,demand-v2-provisional,provisional
US,adventure_nature,train,3254,2017-07-23,2018-07-15,2018-07-22 00:00:00+00:00,2018-07-22,2018-10-07,demand-v2-provisional,provisional
US,adventure_nature,train,3255,2017-07-30,2018-07-22,2018-07-29 00:00:00+00:00,2018-07-29,2018-10-14,demand-v2-provisional,provisional
US,adventure_nature,train,3256,2017-08-06,2018-07-29,2018-08-05 00:00:00+00:00,2018-08-05,2018-10-21,demand-v2-provisional,provisional
US,adventure_nature,train,3257,2017-08-13,2018-08-05,2018-08-12 00:00:00+00:00,2018-08-12,2018-10-28,demand-v2-provisional,provisional
US,adventure_nature,train,3258,2017-08-20,2018-08-12,2018-08-19 00:00:00+00:00,2018-08-19,2018-11-04,demand-v2-provisional,provisional
US,adventure_nature,train,3259,2017-08-27,2018-08-19,2018-08-26 00:00:00+00:00,2018-08-26,2018-11-11,demand-v2-provisional,provisional
US,adventure_nature,train,3260,2017-09-03,2018-08-26,2018-09-02 00:00:00+00:00,2018-09-02,2018-11-18,demand-v2-provisional,provisional
US,adventure_nature,train,3261,2017-09-10,2018-09-02,2018-09-09 00:00:00+00:00,2018-09-09,2018-11-25,demand-v2-provisional,provisional
US,adventure_nature,train,3262,2017-09-17,2018-09-09,2018-09-16 00:00:00+00:00,2018-09-16,2018-12-02,demand-v2-provisional,provisional
US,adventure_nature,train,3263,2017-09-24,2018-09-16,2018-09-23 00:00:00+00:00,2018-09-23,2018-12-09,demand-v2-provisional,provisional
US,adventure_nature,train,3264,2017-10-01,2018-09-23,2018-09-30 00:00:00+00:00,2018-09-30,2018-12-16,demand-v2-provisional,provisional
US,adventure_nature,train,3265,2017-10-08,2018-09-30,2018-10-07 00:00:00+00:00,2018-10-07,2018-12-23,demand-v2-provisional,provisional
US,adventure_nature,train,3266,2017-10-15,2018-10-07,2018-10-14 00:00:00+00:00,2018-10-14,2018-12-30,demand-v2-provisional,provisional
US,adventure_nature,train,3267,2017-10-22,2018-10-14,2018-10-21 00:00:00+00:00,2018-10-21,2019-01-06,demand-v2-provisional,provisional
US,adventure_nature,train,3268,2017-10-29,2018-10-21,2018-10-28 00:00:00+00:00,2018-10-28,2019-01-13,demand-v2-provisional,provisional
US,adventure_nature,train,3269,2017-11-05,2018-10-28,2018-11-04 00:00:00+00:00,2018-11-04,2019-01-20,demand-v2-provisional,provisional
US,adventure_nature,train,3270,2017-11-12,2018-11-04,2018-11-11 00:00:00+00:00,2018-11-11,2019-01-27,demand-v2-provisional,provisional
US,adventure_nature,train,3271,2017-11-19,2018-11-11,2018-11-18 00:00:00+00:00,2018-11-18,2019-02-03,demand-v2-provisional,provisional
US,adventure_nature,train,3272,2017-11-26,2018-11-18,2018-11-25 00:00:00+00:00,2018-11-25,2019-02-10,demand-v2-provisional,provisional
US,adventure_nature,train,3273,2017-12-03,2018-11-25,2018-12-02 00:00:00+00:00,2018-12-02,2019-02-17,demand-v2-provisional,provisional
US,adventure_nature,train,3274,2017-12-10,2018-12-02,2018-12-09 00:00:00+00:00,2018-12-09,2019-02-24,demand-v2-provisional,provisional
US,adventure_nature,train,3275,2017-12-17,2018-12-09,2018-12-16 00:00:00+00:00,2018-12-16,2019-03-03,demand-v2-provisional,provisional
US,adventure_nature,train,3276,2017-12-24,2018-12-16,2018-12-23 00:00:00+00:00,2018-12-23,2019-03-10,demand-v2-provisional,provisional
US,adventure_nature,train,3277,2017-12-31,2018-12-23,2018-12-30 00:00:00+00:00,2018-12-30,2019-03-17,demand-v2-provisional,provisional
US,adventure_nature,train,3278,2018-01-07,2018-12-30,2019-01-06 00:00:00+00:00,2019-01-06,2019-03-24,demand-v2-provisional,provisional
US,adventure_nature,train,3279,2018-01-14,2019-01-06,2019-01-13 00:00:00+00:00,2019-01-13,2019-03-31,demand-v2-provisional,provisional
US,adventure_nature,train,3280,2018-01-21,2019-01-13,2019-01-20 00:00:00+00:00,2019-01-20,2019-04-07,demand-v2-provisional,provisional
US,adventure_nature,train,3281,2018-01-28,2019-01-20,2019-01-27 00:00:00+00:00,2019-01-27,2019-04-14,demand-v2-provisional,provisional
US,adventure_nature,train,3282,2018-02-04,2019-01-27,2019-02-03 00:00:00+00:00,2019-02-03,2019-04-21,demand-v2-provisional,provisional
US,adventure_nature,train,3283,2018-02-11,2019-02-03,2019-02-10 00:00:00+00:00,2019-02-10,2019-04-28,demand-v2-provisional,provisional
US,adventure_nature,train,3284,2018-02-18,2019-02-10,2019-02-17 00:00:00+00:00,2019-02-17,2019-05-05,demand-v2-provisional,provisional
US,adventure_nature,train,3285,2018-02-25,2019-02-17,2019-02-24 00:00:00+00:00,2019-02-24,2019-05-12,demand-v2-provisional,provisional
US,adventure_nature,train,3286,2018-03-04,2019-02-24,2019-03-03 00:00:00+00:00,2019-03-03,2019-05-19,demand-v2-provisional,provisional
US,adventure_nature,train,3287,2018-03-11,2019-03-03,2019-03-10 00:00:00+00:00,2019-03-10,2019-05-26,demand-v2-provisional,provisional
US,adventure_nature,train,3288,2018-03-18,2019-03-10,2019-03-17 00:00:00+00:00,2019-03-17,2019-06-02,demand-v2-provisional,provisional
US,adventure_nature,train,3289,2018-03-25,2019-03-17,2019-03-24 00:00:00+00:00,2019-03-24,2019-06-09,demand-v2-provisional,provisional
US,adventure_nature,train,3290,2018-04-01,2019-03-24,2019-03-31 00:00:00+00:00,2019-03-31,2019-06-16,demand-v2-provisional,provisional
US,adventure_nature,train,3291,2018-04-08,2019-03-31,2019-04-07 00:00:00+00:00,2019-04-07,2019-06-23,demand-v2-provisional,provisional
US,adventure_nature,train,3292,2018-04-15,2019-04-07,2019-04-14 00:00:00+00:00,2019-04-14,2019-06-30,demand-v2-provisional,provisional
US,adventure_nature,train,3293,2018-04-22,2019-04-14,2019-04-21 00:00:00+00:00,2019-04-21,2019-07-07,demand-v2-provisional,provisional
US,adventure_nature,train,3294,2018-04-29,2019-04-21,2019-04-28 00:00:00+00:00,2019-04-28,2019-07-14,demand-v2-provisional,provisional
US,adventure_nature,train,3295,2018-05-06,2019-04-28,2019-05-05 00:00:00+00:00,2019-05-05,2019-07-21,demand-v2-provisional,provisional
US,adventure_nature,train,3296,2018-05-13,2019-05-05,2019-05-12 00:00:00+00:00,2019-05-12,2019-07-28,demand-v2-provisional,provisional
US,adventure_nature,train,3297,2018-05-20,2019-05-12,2019-05-19 00:00:00+00:00,2019-05-19,2019-08-04,demand-v2-provisional,provisional
US,adventure_nature,train,3298,2018-05-27,2019-05-19,2019-05-26 00:00:00+00:00,2019-05-26,2019-08-11,demand-v2-provisional,provisional
US,adventure_nature,train,3299,2018-06-03,2019-05-26,2019-06-02 00:00:00+00:00,2019-06-02,2019-08-18,demand-v2-provisional,provisional
US,adventure_nature,train,3300,2018-06-10,2019-06-02,2019-06-09 00:00:00+00:00,2019-06-09,2019-08-25,demand-v2-provisional,provisional
US,adventure_nature,train,3301,2018-06-17,2019-06-09,2019-06-16 00:00:00+00:00,2019-06-16,2019-09-01,demand-v2-provisional,provisional
US,adventure_nature,train,3302,2018-06-24,2019-06-16,2019-06-23 00:00:00+00:00,2019-06-23,2019-09-08,demand-v2-provisional,provisional
US,adventure_nature,train,3303,2018-07-01,2019-06-23,2019-06-30 00:00:00+00:00,2019-06-30,2019-09-15,demand-v2-provisional,provisional
US,adventure_nature,train,3304,2018-07-08,2019-06-30,2019-07-07 00:00:00+00:00,2019-07-07,2019-09-22,demand-v2-provisional,provisional
US,adventure_nature,train,3305,2018-07-15,2019-07-07,2019-07-14 00:00:00+00:00,2019-07-14,2019-09-29,demand-v2-provisional,provisional
US,adventure_nature,train,3306,2018-07-22,2019-07-14,2019-07-21 00:00:00+00:00,2019-07-21,2019-10-06,demand-v2-provisional,provisional
US,adventure_nature,train,3307,2018-07-29,2019-07-21,2019-07-28 00:00:00+00:00,2019-07-28,2019-10-13,demand-v2-provisional,provisional
US,adventure_nature,train,3308,2018-08-05,2019-07-28,2019-08-04 00:00:00+00:00,2019-08-04,2019-10-20,demand-v2-provisional,provisional
US,adventure_nature,train,3309,2018-08-12,2019-08-04,2019-08-11 00:00:00+00:00,2019-08-11,2019-10-27,demand-v2-provisional,provisional
US,adventure_nature,train,3310,2018-08-19,2019-08-11,2019-08-18 00:00:00+00:00,2019-08-18,2019-11-03,demand-v2-provisional,provisional
US,adventure_nature,train,3311,2018-08-26,2019-08-18,2019-08-25 00:00:00+00:00,2019-08-25,2019-11-10,demand-v2-provisional,provisional
US,adventure_nature,train,3312,2018-09-02,2019-08-25,2019-09-01 00:00:00+00:00,2019-09-01,2019-11-17,demand-v2-provisional,provisional
US,adventure_nature,train,3313,2018-09-09,2019-09-01,2019-09-08 00:00:00+00:00,2019-09-08,2019-11-24,demand-v2-provisional,provisional
US,adventure_nature,train,3314,2018-09-16,2019-09-08,2019-09-15 00:00:00+00:00,2019-09-15,2019-12-01,demand-v2-provisional,provisional
US,adventure_nature,train,3315,2018-09-23,2019-09-15,2019-09-22 00:00:00+00:00,2019-09-22,2019-12-08,demand-v2-provisional,provisional
US,adventure_nature,train,3316,2018-09-30,2019-09-22,2019-09-29 00:00:00+00:00,2019-09-29,2019-12-15,demand-v2-provisional,provisional
US,adventure_nature,train,3317,2018-10-07,2019-09-29,2019-10-06 00:00:00+00:00,2019-10-06,2019-12-22,demand-v2-provisional,provisional
US,adventure_nature,train,3318,2023-01-01,2023-12-24,2023-12-31 00:00:00+00:00,2023-12-31,2024-03-17,demand-v2-provisional,provisional
US,adventure_nature,train,3319,2023-01-08,2023-12-31,2024-01-07 00:00:00+00:00,2024-01-07,2024-03-24,demand-v2-provisional,provisional
US,adventure_nature,train,3320,2023-01-15,2024-01-07,2024-01-14 00:00:00+00:00,2024-01-14,2024-03-31,demand-v2-provisional,provisional
US,adventure_nature,train,3321,2023-01-22,2024-01-14,2024-01-21 00:00:00+00:00,2024-01-21,2024-04-07,demand-v2-provisional,provisional
US,adventure_nature,train,3322,2023-01-29,2024-01-21,2024-01-28 00:00:00+00:00,2024-01-28,2024-04-14,demand-v2-provisional,provisional
US,adventure_nature,train,3323,2023-02-05,2024-01-28,2024-02-04 00:00:00+00:00,2024-02-04,2024-04-21,demand-v2-provisional,provisional
US,adventure_nature,train,3324,2023-02-12,2024-02-04,2024-02-11 00:00:00+00:00,2024-02-11,2024-04-28,demand-v2-provisional,provisional
US,adventure_nature,train,3325,2023-02-19,2024-02-11,2024-02-18 00:00:00+00:00,2024-02-18,2024-05-05,demand-v2-provisional,provisional
US,adventure_nature,train,3326,2023-02-26,2024-02-18,2024-02-25 00:00:00+00:00,2024-02-25,2024-05-12,demand-v2-provisional,provisional
US,adventure_nature,train,3327,2023-03-05,2024-02-25,2024-03-03 00:00:00+00:00,2024-03-03,2024-05-19,demand-v2-provisional,provisional
US,adventure_nature,validation,465,2023-05-28,2024-05-19,2024-05-26 00:00:00+00:00,2024-05-26,2024-08-11,demand-v2-provisional,provisional
US,adventure_nature,validation,466,2023-06-04,2024-05-26,2024-06-02 00:00:00+00:00,2024-06-02,2024-08-18,demand-v2-provisional,provisional
US,adventure_nature,validation,467,2023-06-11,2024-06-02,2024-06-09 00:00:00+00:00,2024-06-09,2024-08-25,demand-v2-provisional,provisional
US,adventure_nature,validation,468,2023-06-18,2024-06-09,2024-06-16 00:00:00+00:00,2024-06-16,2024-09-01,demand-v2-provisional,provisional
US,adventure_nature,validation,469,2023-06-25,2024-06-16,2024-06-23 00:00:00+00:00,2024-06-23,2024-09-08,demand-v2-provisional,provisional
US,adventure_nature,validation,470,2023-07-02,2024-06-23,2024-06-30 00:00:00+00:00,2024-06-30,2024-09-15,demand-v2-provisional,provisional
US,adventure_nature,validation,471,2023-07-09,2024-06-30,2024-07-07 00:00:00+00:00,2024-07-07,2024-09-22,demand-v2-provisional,provisional
US,adventure_nature,validation,472,2023-07-16,2024-07-07,2024-07-14 00:00:00+00:00,2024-07-14,2024-09-29,demand-v2-provisional,provisional
US,adventure_nature,validation,473,2023-07-23,2024-07-14,2024-07-21 00:00:00+00:00,2024-07-21,2024-10-06,demand-v2-provisional,provisional
US,adventure_nature,validation,474,2023-07-30,2024-07-21,2024-07-28 00:00:00+00:00,2024-07-28,2024-10-13,demand-v2-provisional,provisional
US,adventure_nature,validation,475,2023-08-06,2024-07-28,2024-08-04 00:00:00+00:00,2024-08-04,2024-10-20,demand-v2-provisional,provisional
US,adventure_nature,validation,476,2023-08-13,2024-08-04,2024-08-11 00:00:00+00:00,2024-08-11,2024-10-27,demand-v2-provisional,provisional
US,adventure_nature,validation,477,2023-08-20,2024-08-11,2024-08-18 00:00:00+00:00,2024-08-18,2024-11-03,demand-v2-provisional,provisional
US,adventure_nature,validation,478,2023-08-27,2024-08-18,2024-08-25 00:00:00+00:00,2024-08-25,2024-11-10,demand-v2-provisional,provisional
US,adventure_nature,validation,479,2023-09-03,2024-08-25,2024-09-01 00:00:00+00:00,2024-09-01,2024-11-17,demand-v2-provisional,provisional
US,adventure_nature,validation,480,2023-09-10,2024-09-01,2024-09-08 00:00:00+00:00,2024-09-08,2024-11-24,demand-v2-provisional,provisional
US,adventure_nature,validation,481,2023-09-17,2024-09-08,2024-09-15 00:00:00+00:00,2024-09-15,2024-12-01,demand-v2-provisional,provisional
US,adventure_nature,validation,482,2023-09-24,2024-09-15,2024-09-22 00:00:00+00:00,2024-09-22,2024-12-08,demand-v2-provisional,provisional
US,adventure_nature,validation,483,2023-10-01,2024-09-22,2024-09-29 00:00:00+00:00,2024-09-29,2024-12-15,demand-v2-provisional,provisional
US,adventure_nature,validation,484,2023-10-08,2024-09-29,2024-10-06 00:00:00+00:00,2024-10-06,2024-12-22,demand-v2-provisional,provisional
US,adventure_nature,validation,485,2023-10-15,2024-10-06,2024-10-13 00:00:00+00:00,2024-10-13,2024-12-29,demand-v2-provisional,provisional
US,adventure_nature,validation,486,2023-10-22,2024-10-13,2024-10-20 00:00:00+00:00,2024-10-20,2025-01-05,demand-v2-provisional,provisional
US,adventure_nature,validation,487,2023-10-29,2024-10-20,2024-10-27 00:00:00+00:00,2024-10-27,2025-01-12,demand-v2-provisional,provisional
US,adventure_nature,validation,488,2023-11-05,2024-10-27,2024-11-03 00:00:00+00:00,2024-11-03,2025-01-19,demand-v2-provisional,provisional
US,adventure_nature,validation,489,2023-11-12,2024-11-03,2024-11-10 00:00:00+00:00,2024-11-10,2025-01-26,demand-v2-provisional,provisional
US,adventure_nature,validation,490,2023-11-19,2024-11-10,2024-11-17 00:00:00+00:00,2024-11-17,2025-02-02,demand-v2-provisional,provisional
US,adventure_nature,validation,491,2023-11-26,2024-11-17,2024-11-24 00:00:00+00:00,2024-11-24,2025-02-09,demand-v2-provisional,provisional
US,adventure_nature,validation,492,2023-12-03,2024-11-24,2024-12-01 00:00:00+00:00,2024-12-01,2025-02-16,demand-v2-provisional,provisional
US,adventure_nature,validation,493,2023-12-10,2024-12-01,2024-12-08 00:00:00+00:00,2024-12-08,2025-02-23,demand-v2-provisional,provisional
US,adventure_nature,validation,494,2023-12-17,2024-12-08,2024-12-15 00:00:00+00:00,2024-12-15,2025-03-02,demand-v2-provisional,provisional
US,adventure_nature,validation,495,2023-12-24,2024-12-15,2024-12-22 00:00:00+00:00,2024-12-22,2025-03-09,demand-v2-provisional,provisional
US,adventure_nature,test,465,2024-03-17,2025-03-09,2025-03-16 00:00:00+00:00,2025-03-16,2025-06-01,demand-v2-provisional,provisional
US,adventure_nature,test,466,2024-03-24,2025-03-16,2025-03-23 00:00:00+00:00,2025-03-23,2025-06-08,demand-v2-provisional,provisional
US,adventure_nature,test,467,2024-03-31,2025-03-23,2025-03-30 00:00:00+00:00,2025-03-30,2025-06-15,demand-v2-provisional,provisional
US,adventure_nature,test,468,2024-04-07,2025-03-30,2025-04-06 00:00:00+00:00,2025-04-06,2025-06-22,demand-v2-provisional,provisional
US,adventure_nature,test,469,2024-04-14,2025-04-06,2025-04-13 00:00:00+00:00,2025-04-13,2025-06-29,demand-v2-provisional,provisional
US,adventure_nature,test,470,2024-04-21,2025-04-13,2025-04-20 00:00:00+00:00,2025-04-20,2025-07-06,demand-v2-provisional,provisional
US,adventure_nature,test,471,2024-04-28,2025-04-20,2025-04-27 00:00:00+00:00,2025-04-27,2025-07-13,demand-v2-provisional,provisional
US,adventure_nature,test,472,2024-05-05,2025-04-27,2025-05-04 00:00:00+00:00,2025-05-04,2025-07-20,demand-v2-provisional,provisional
US,adventure_nature,test,473,2024-05-12,2025-05-04,2025-05-11 00:00:00+00:00,2025-05-11,2025-07-27,demand-v2-provisional,provisional
US,adventure_nature,test,474,2024-05-19,2025-05-11,2025-05-18 00:00:00+00:00,2025-05-18,2025-08-03,demand-v2-provisional,provisional
US,adventure_nature,test,475,2024-05-26,2025-05-18,2025-05-25 00:00:00+00:00,2025-05-25,2025-08-10,demand-v2-provisional,provisional
US,adventure_nature,test,476,2024-06-02,2025-05-25,2025-06-01 00:00:00+00:00,2025-06-01,2025-08-17,demand-v2-provisional,provisional
US,adventure_nature,test,477,2024-06-09,2025-06-01,2025-06-08 00:00:00+00:00,2025-06-08,2025-08-24,demand-v2-provisional,provisional
US,adventure_nature,test,478,2024-06-16,2025-06-08,2025-06-15 00:00:00+00:00,2025-06-15,2025-08-31,demand-v2-provisional,provisional
US,adventure_nature,test,479,2024-06-23,2025-06-15,2025-06-22 00:00:00+00:00,2025-06-22,2025-09-07,demand-v2-provisional,provisional
US,adventure_nature,test,480,2024-06-30,2025-06-22,2025-06-29 00:00:00+00:00,2025-06-29,2025-09-14,demand-v2-provisional,provisional
US,adventure_nature,test,481,2024-07-07,2025-06-29,2025-07-06 00:00:00+00:00,2025-07-06,2025-09-21,demand-v2-provisional,provisional
US,adventure_nature,test,482,2024-07-14,2025-07-06,2025-07-13 00:00:00+00:00,2025-07-13,2025-09-28,demand-v2-provisional,provisional
US,adventure_nature,test,483,2024-07-21,2025-07-13,2025-07-20 00:00:00+00:00,2025-07-20,2025-10-05,demand-v2-provisional,provisional
US,adventure_nature,test,484,2024-07-28,2025-07-20,2025-07-27 00:00:00+00:00,2025-07-27,2025-10-12,demand-v2-provisional,provisional
US,adventure_nature,test,485,2024-08-04,2025-07-27,2025-08-03 00:00:00+00:00,2025-08-03,2025-10-19,demand-v2-provisional,provisional
US,adventure_nature,test,486,2024-08-11,2025-08-03,2025-08-10 00:00:00+00:00,2025-08-10,2025-10-26,demand-v2-provisional,provisional
US,adventure_nature,test,487,2024-08-18,2025-08-10,2025-08-17 00:00:00+00:00,2025-08-17,2025-11-02,demand-v2-provisional,provisional
US,adventure_nature,test,488,2024-08-25,2025-08-17,2025-08-24 00:00:00+00:00,2025-08-24,2025-11-09,demand-v2-provisional,provisional
US,adventure_nature,test,489,2024-09-01,2025-08-24,2025-08-31 00:00:00+00:00,2025-08-31,2025-11-16,demand-v2-provisional,provisional
US,adventure_nature,test,490,2024-09-08,2025-08-31,2025-09-07 00:00:00+00:00,2025-09-07,2025-11-23,demand-v2-provisional,provisional
US,adventure_nature,test,491,2024-09-15,2025-09-07,2025-09-14 00:00:00+00:00,2025-09-14,2025-11-30,demand-v2-provisional,provisional
US,adventure_nature,test,492,2024-09-22,2025-09-14,2025-09-21 00:00:00+00:00,2025-09-21,2025-12-07,demand-v2-provisional,provisional
US,adventure_nature,test,493,2024-09-29,2025-09-21,2025-09-28 00:00:00+00:00,2025-09-28,2025-12-14,demand-v2-provisional,provisional
US,adventure_nature,test,494,2024-10-06,2025-09-28,2025-10-05 00:00:00+00:00,2025-10-05,2025-12-21,demand-v2-provisional,provisional
US,adventure_nature,test,495,2024-10-13,2025-10-05,2025-10-12 00:00:00+00:00,2025-10-12,2025-12-28,demand-v2-provisional,provisional
US,coastal_island,train,3328,2014-12-28,2015-12-20,2015-12-27 00:00:00+00:00,2015-12-27,2016-03-13,demand-v2-provisional,provisional
US,coastal_island,train,3329,2015-01-04,2015-12-27,2016-01-03 00:00:00+00:00,2016-01-03,2016-03-20,demand-v2-provisional,provisional
US,coastal_island,train,3330,2015-01-11,2016-01-03,2016-01-10 00:00:00+00:00,2016-01-10,2016-03-27,demand-v2-provisional,provisional
US,coastal_island,train,3331,2015-01-18,2016-01-10,2016-01-17 00:00:00+00:00,2016-01-17,2016-04-03,demand-v2-provisional,provisional
US,coastal_island,train,3332,2015-01-25,2016-01-17,2016-01-24 00:00:00+00:00,2016-01-24,2016-04-10,demand-v2-provisional,provisional
US,coastal_island,train,3333,2015-02-01,2016-01-24,2016-01-31 00:00:00+00:00,2016-01-31,2016-04-17,demand-v2-provisional,provisional
US,coastal_island,train,3334,2015-02-08,2016-01-31,2016-02-07 00:00:00+00:00,2016-02-07,2016-04-24,demand-v2-provisional,provisional
US,coastal_island,train,3335,2015-02-15,2016-02-07,2016-02-14 00:00:00+00:00,2016-02-14,2016-05-01,demand-v2-provisional,provisional
US,coastal_island,train,3336,2015-02-22,2016-02-14,2016-02-21 00:00:00+00:00,2016-02-21,2016-05-08,demand-v2-provisional,provisional
US,coastal_island,train,3337,2015-03-01,2016-02-21,2016-02-28 00:00:00+00:00,2016-02-28,2016-05-15,demand-v2-provisional,provisional
US,coastal_island,train,3338,2015-03-08,2016-02-28,2016-03-06 00:00:00+00:00,2016-03-06,2016-05-22,demand-v2-provisional,provisional
US,coastal_island,train,3339,2015-03-15,2016-03-06,2016-03-13 00:00:00+00:00,2016-03-13,2016-05-29,demand-v2-provisional,provisional
US,coastal_island,train,3340,2015-03-22,2016-03-13,2016-03-20 00:00:00+00:00,2016-03-20,2016-06-05,demand-v2-provisional,provisional
US,coastal_island,train,3341,2015-03-29,2016-03-20,2016-03-27 00:00:00+00:00,2016-03-27,2016-06-12,demand-v2-provisional,provisional
US,coastal_island,train,3342,2015-04-05,2016-03-27,2016-04-03 00:00:00+00:00,2016-04-03,2016-06-19,demand-v2-provisional,provisional
US,coastal_island,train,3343,2015-04-12,2016-04-03,2016-04-10 00:00:00+00:00,2016-04-10,2016-06-26,demand-v2-provisional,provisional
US,coastal_island,train,3344,2015-04-19,2016-04-10,2016-04-17 00:00:00+00:00,2016-04-17,2016-07-03,demand-v2-provisional,provisional
US,coastal_island,train,3345,2015-04-26,2016-04-17,2016-04-24 00:00:00+00:00,2016-04-24,2016-07-10,demand-v2-provisional,provisional
US,coastal_island,train,3346,2015-05-03,2016-04-24,2016-05-01 00:00:00+00:00,2016-05-01,2016-07-17,demand-v2-provisional,provisional
US,coastal_island,train,3347,2015-05-10,2016-05-01,2016-05-08 00:00:00+00:00,2016-05-08,2016-07-24,demand-v2-provisional,provisional
US,coastal_island,train,3348,2015-05-17,2016-05-08,2016-05-15 00:00:00+00:00,2016-05-15,2016-07-31,demand-v2-provisional,provisional
US,coastal_island,train,3349,2015-05-24,2016-05-15,2016-05-22 00:00:00+00:00,2016-05-22,2016-08-07,demand-v2-provisional,provisional
US,coastal_island,train,3350,2015-05-31,2016-05-22,2016-05-29 00:00:00+00:00,2016-05-29,2016-08-14,demand-v2-provisional,provisional
US,coastal_island,train,3351,2015-06-07,2016-05-29,2016-06-05 00:00:00+00:00,2016-06-05,2016-08-21,demand-v2-provisional,provisional
US,coastal_island,train,3352,2015-06-14,2016-06-05,2016-06-12 00:00:00+00:00,2016-06-12,2016-08-28,demand-v2-provisional,provisional
US,coastal_island,train,3353,2015-06-21,2016-06-12,2016-06-19 00:00:00+00:00,2016-06-19,2016-09-04,demand-v2-provisional,provisional
US,coastal_island,train,3354,2015-06-28,2016-06-19,2016-06-26 00:00:00+00:00,2016-06-26,2016-09-11,demand-v2-provisional,provisional
US,coastal_island,train,3355,2015-07-05,2016-06-26,2016-07-03 00:00:00+00:00,2016-07-03,2016-09-18,demand-v2-provisional,provisional
US,coastal_island,train,3356,2015-07-12,2016-07-03,2016-07-10 00:00:00+00:00,2016-07-10,2016-09-25,demand-v2-provisional,provisional
US,coastal_island,train,3357,2015-07-19,2016-07-10,2016-07-17 00:00:00+00:00,2016-07-17,2016-10-02,demand-v2-provisional,provisional
US,coastal_island,train,3358,2015-07-26,2016-07-17,2016-07-24 00:00:00+00:00,2016-07-24,2016-10-09,demand-v2-provisional,provisional
US,coastal_island,train,3359,2015-08-02,2016-07-24,2016-07-31 00:00:00+00:00,2016-07-31,2016-10-16,demand-v2-provisional,provisional
US,coastal_island,train,3360,2015-08-09,2016-07-31,2016-08-07 00:00:00+00:00,2016-08-07,2016-10-23,demand-v2-provisional,provisional
US,coastal_island,train,3361,2015-08-16,2016-08-07,2016-08-14 00:00:00+00:00,2016-08-14,2016-10-30,demand-v2-provisional,provisional
US,coastal_island,train,3362,2015-08-23,2016-08-14,2016-08-21 00:00:00+00:00,2016-08-21,2016-11-06,demand-v2-provisional,provisional
US,coastal_island,train,3363,2015-08-30,2016-08-21,2016-08-28 00:00:00+00:00,2016-08-28,2016-11-13,demand-v2-provisional,provisional
US,coastal_island,train,3364,2015-09-06,2016-08-28,2016-09-04 00:00:00+00:00,2016-09-04,2016-11-20,demand-v2-provisional,provisional
US,coastal_island,train,3365,2015-09-13,2016-09-04,2016-09-11 00:00:00+00:00,2016-09-11,2016-11-27,demand-v2-provisional,provisional
US,coastal_island,train,3366,2015-09-20,2016-09-11,2016-09-18 00:00:00+00:00,2016-09-18,2016-12-04,demand-v2-provisional,provisional
US,coastal_island,train,3367,2015-09-27,2016-09-18,2016-09-25 00:00:00+00:00,2016-09-25,2016-12-11,demand-v2-provisional,provisional
US,coastal_island,train,3368,2015-10-04,2016-09-25,2016-10-02 00:00:00+00:00,2016-10-02,2016-12-18,demand-v2-provisional,provisional
US,coastal_island,train,3369,2015-10-11,2016-10-02,2016-10-09 00:00:00+00:00,2016-10-09,2016-12-25,demand-v2-provisional,provisional
US,coastal_island,train,3370,2015-10-18,2016-10-09,2016-10-16 00:00:00+00:00,2016-10-16,2017-01-01,demand-v2-provisional,provisional
US,coastal_island,train,3371,2015-10-25,2016-10-16,2016-10-23 00:00:00+00:00,2016-10-23,2017-01-08,demand-v2-provisional,provisional
US,coastal_island,train,3372,2015-11-01,2016-10-23,2016-10-30 00:00:00+00:00,2016-10-30,2017-01-15,demand-v2-provisional,provisional
US,coastal_island,train,3373,2015-11-08,2016-10-30,2016-11-06 00:00:00+00:00,2016-11-06,2017-01-22,demand-v2-provisional,provisional
US,coastal_island,train,3374,2015-11-15,2016-11-06,2016-11-13 00:00:00+00:00,2016-11-13,2017-01-29,demand-v2-provisional,provisional
US,coastal_island,train,3375,2015-11-22,2016-11-13,2016-11-20 00:00:00+00:00,2016-11-20,2017-02-05,demand-v2-provisional,provisional
US,coastal_island,train,3376,2015-11-29,2016-11-20,2016-11-27 00:00:00+00:00,2016-11-27,2017-02-12,demand-v2-provisional,provisional
US,coastal_island,train,3377,2015-12-06,2016-11-27,2016-12-04 00:00:00+00:00,2016-12-04,2017-02-19,demand-v2-provisional,provisional
US,coastal_island,train,3378,2015-12-13,2016-12-04,2016-12-11 00:00:00+00:00,2016-12-11,2017-02-26,demand-v2-provisional,provisional
US,coastal_island,train,3379,2015-12-20,2016-12-11,2016-12-18 00:00:00+00:00,2016-12-18,2017-03-05,demand-v2-provisional,provisional
US,coastal_island,train,3380,2015-12-27,2016-12-18,2016-12-25 00:00:00+00:00,2016-12-25,2017-03-12,demand-v2-provisional,provisional
US,coastal_island,train,3381,2016-01-03,2016-12-25,2017-01-01 00:00:00+00:00,2017-01-01,2017-03-19,demand-v2-provisional,provisional
US,coastal_island,train,3382,2016-01-10,2017-01-01,2017-01-08 00:00:00+00:00,2017-01-08,2017-03-26,demand-v2-provisional,provisional
US,coastal_island,train,3383,2016-01-17,2017-01-08,2017-01-15 00:00:00+00:00,2017-01-15,2017-04-02,demand-v2-provisional,provisional
US,coastal_island,train,3384,2016-01-24,2017-01-15,2017-01-22 00:00:00+00:00,2017-01-22,2017-04-09,demand-v2-provisional,provisional
US,coastal_island,train,3385,2016-01-31,2017-01-22,2017-01-29 00:00:00+00:00,2017-01-29,2017-04-16,demand-v2-provisional,provisional
US,coastal_island,train,3386,2016-02-07,2017-01-29,2017-02-05 00:00:00+00:00,2017-02-05,2017-04-23,demand-v2-provisional,provisional
US,coastal_island,train,3387,2016-02-14,2017-02-05,2017-02-12 00:00:00+00:00,2017-02-12,2017-04-30,demand-v2-provisional,provisional
US,coastal_island,train,3388,2016-02-21,2017-02-12,2017-02-19 00:00:00+00:00,2017-02-19,2017-05-07,demand-v2-provisional,provisional
US,coastal_island,train,3389,2016-02-28,2017-02-19,2017-02-26 00:00:00+00:00,2017-02-26,2017-05-14,demand-v2-provisional,provisional
US,coastal_island,train,3390,2016-03-06,2017-02-26,2017-03-05 00:00:00+00:00,2017-03-05,2017-05-21,demand-v2-provisional,provisional
US,coastal_island,train,3391,2016-03-13,2017-03-05,2017-03-12 00:00:00+00:00,2017-03-12,2017-05-28,demand-v2-provisional,provisional
US,coastal_island,train,3392,2016-03-20,2017-03-12,2017-03-19 00:00:00+00:00,2017-03-19,2017-06-04,demand-v2-provisional,provisional
US,coastal_island,train,3393,2016-03-27,2017-03-19,2017-03-26 00:00:00+00:00,2017-03-26,2017-06-11,demand-v2-provisional,provisional
US,coastal_island,train,3394,2016-04-03,2017-03-26,2017-04-02 00:00:00+00:00,2017-04-02,2017-06-18,demand-v2-provisional,provisional
US,coastal_island,train,3395,2016-04-10,2017-04-02,2017-04-09 00:00:00+00:00,2017-04-09,2017-06-25,demand-v2-provisional,provisional
US,coastal_island,train,3396,2016-04-17,2017-04-09,2017-04-16 00:00:00+00:00,2017-04-16,2017-07-02,demand-v2-provisional,provisional
US,coastal_island,train,3397,2016-04-24,2017-04-16,2017-04-23 00:00:00+00:00,2017-04-23,2017-07-09,demand-v2-provisional,provisional
US,coastal_island,train,3398,2016-05-01,2017-04-23,2017-04-30 00:00:00+00:00,2017-04-30,2017-07-16,demand-v2-provisional,provisional
US,coastal_island,train,3399,2016-05-08,2017-04-30,2017-05-07 00:00:00+00:00,2017-05-07,2017-07-23,demand-v2-provisional,provisional
US,coastal_island,train,3400,2016-05-15,2017-05-07,2017-05-14 00:00:00+00:00,2017-05-14,2017-07-30,demand-v2-provisional,provisional
US,coastal_island,train,3401,2016-05-22,2017-05-14,2017-05-21 00:00:00+00:00,2017-05-21,2017-08-06,demand-v2-provisional,provisional
US,coastal_island,train,3402,2016-05-29,2017-05-21,2017-05-28 00:00:00+00:00,2017-05-28,2017-08-13,demand-v2-provisional,provisional
US,coastal_island,train,3403,2016-06-05,2017-05-28,2017-06-04 00:00:00+00:00,2017-06-04,2017-08-20,demand-v2-provisional,provisional
US,coastal_island,train,3404,2016-06-12,2017-06-04,2017-06-11 00:00:00+00:00,2017-06-11,2017-08-27,demand-v2-provisional,provisional
US,coastal_island,train,3405,2016-06-19,2017-06-11,2017-06-18 00:00:00+00:00,2017-06-18,2017-09-03,demand-v2-provisional,provisional
US,coastal_island,train,3406,2016-06-26,2017-06-18,2017-06-25 00:00:00+00:00,2017-06-25,2017-09-10,demand-v2-provisional,provisional
US,coastal_island,train,3407,2016-07-03,2017-06-25,2017-07-02 00:00:00+00:00,2017-07-02,2017-09-17,demand-v2-provisional,provisional
US,coastal_island,train,3408,2016-07-10,2017-07-02,2017-07-09 00:00:00+00:00,2017-07-09,2017-09-24,demand-v2-provisional,provisional
US,coastal_island,train,3409,2016-07-17,2017-07-09,2017-07-16 00:00:00+00:00,2017-07-16,2017-10-01,demand-v2-provisional,provisional
US,coastal_island,train,3410,2016-07-24,2017-07-16,2017-07-23 00:00:00+00:00,2017-07-23,2017-10-08,demand-v2-provisional,provisional
US,coastal_island,train,3411,2016-07-31,2017-07-23,2017-07-30 00:00:00+00:00,2017-07-30,2017-10-15,demand-v2-provisional,provisional
US,coastal_island,train,3412,2016-08-07,2017-07-30,2017-08-06 00:00:00+00:00,2017-08-06,2017-10-22,demand-v2-provisional,provisional
US,coastal_island,train,3413,2016-08-14,2017-08-06,2017-08-13 00:00:00+00:00,2017-08-13,2017-10-29,demand-v2-provisional,provisional
US,coastal_island,train,3414,2016-08-21,2017-08-13,2017-08-20 00:00:00+00:00,2017-08-20,2017-11-05,demand-v2-provisional,provisional
US,coastal_island,train,3415,2016-08-28,2017-08-20,2017-08-27 00:00:00+00:00,2017-08-27,2017-11-12,demand-v2-provisional,provisional
US,coastal_island,train,3416,2016-09-04,2017-08-27,2017-09-03 00:00:00+00:00,2017-09-03,2017-11-19,demand-v2-provisional,provisional
US,coastal_island,train,3417,2016-09-11,2017-09-03,2017-09-10 00:00:00+00:00,2017-09-10,2017-11-26,demand-v2-provisional,provisional
US,coastal_island,train,3418,2016-09-18,2017-09-10,2017-09-17 00:00:00+00:00,2017-09-17,2017-12-03,demand-v2-provisional,provisional
US,coastal_island,train,3419,2016-09-25,2017-09-17,2017-09-24 00:00:00+00:00,2017-09-24,2017-12-10,demand-v2-provisional,provisional
US,coastal_island,train,3420,2016-10-02,2017-09-24,2017-10-01 00:00:00+00:00,2017-10-01,2017-12-17,demand-v2-provisional,provisional
US,coastal_island,train,3421,2016-10-09,2017-10-01,2017-10-08 00:00:00+00:00,2017-10-08,2017-12-24,demand-v2-provisional,provisional
US,coastal_island,train,3422,2016-10-16,2017-10-08,2017-10-15 00:00:00+00:00,2017-10-15,2017-12-31,demand-v2-provisional,provisional
US,coastal_island,train,3423,2016-10-23,2017-10-15,2017-10-22 00:00:00+00:00,2017-10-22,2018-01-07,demand-v2-provisional,provisional
US,coastal_island,train,3424,2016-10-30,2017-10-22,2017-10-29 00:00:00+00:00,2017-10-29,2018-01-14,demand-v2-provisional,provisional
US,coastal_island,train,3425,2016-11-06,2017-10-29,2017-11-05 00:00:00+00:00,2017-11-05,2018-01-21,demand-v2-provisional,provisional
US,coastal_island,train,3426,2016-11-13,2017-11-05,2017-11-12 00:00:00+00:00,2017-11-12,2018-01-28,demand-v2-provisional,provisional
US,coastal_island,train,3427,2016-11-20,2017-11-12,2017-11-19 00:00:00+00:00,2017-11-19,2018-02-04,demand-v2-provisional,provisional
US,coastal_island,train,3428,2016-11-27,2017-11-19,2017-11-26 00:00:00+00:00,2017-11-26,2018-02-11,demand-v2-provisional,provisional
US,coastal_island,train,3429,2016-12-04,2017-11-26,2017-12-03 00:00:00+00:00,2017-12-03,2018-02-18,demand-v2-provisional,provisional
US,coastal_island,train,3430,2016-12-11,2017-12-03,2017-12-10 00:00:00+00:00,2017-12-10,2018-02-25,demand-v2-provisional,provisional
US,coastal_island,train,3431,2016-12-18,2017-12-10,2017-12-17 00:00:00+00:00,2017-12-17,2018-03-04,demand-v2-provisional,provisional
US,coastal_island,train,3432,2016-12-25,2017-12-17,2017-12-24 00:00:00+00:00,2017-12-24,2018-03-11,demand-v2-provisional,provisional
US,coastal_island,train,3433,2017-01-01,2017-12-24,2017-12-31 00:00:00+00:00,2017-12-31,2018-03-18,demand-v2-provisional,provisional
US,coastal_island,train,3434,2017-01-08,2017-12-31,2018-01-07 00:00:00+00:00,2018-01-07,2018-03-25,demand-v2-provisional,provisional
US,coastal_island,train,3435,2017-01-15,2018-01-07,2018-01-14 00:00:00+00:00,2018-01-14,2018-04-01,demand-v2-provisional,provisional
US,coastal_island,train,3436,2017-01-22,2018-01-14,2018-01-21 00:00:00+00:00,2018-01-21,2018-04-08,demand-v2-provisional,provisional
US,coastal_island,train,3437,2017-01-29,2018-01-21,2018-01-28 00:00:00+00:00,2018-01-28,2018-04-15,demand-v2-provisional,provisional
US,coastal_island,train,3438,2017-02-05,2018-01-28,2018-02-04 00:00:00+00:00,2018-02-04,2018-04-22,demand-v2-provisional,provisional
US,coastal_island,train,3439,2017-02-12,2018-02-04,2018-02-11 00:00:00+00:00,2018-02-11,2018-04-29,demand-v2-provisional,provisional
US,coastal_island,train,3440,2017-02-19,2018-02-11,2018-02-18 00:00:00+00:00,2018-02-18,2018-05-06,demand-v2-provisional,provisional
US,coastal_island,train,3441,2017-02-26,2018-02-18,2018-02-25 00:00:00+00:00,2018-02-25,2018-05-13,demand-v2-provisional,provisional
US,coastal_island,train,3442,2017-03-05,2018-02-25,2018-03-04 00:00:00+00:00,2018-03-04,2018-05-20,demand-v2-provisional,provisional
US,coastal_island,train,3443,2017-03-12,2018-03-04,2018-03-11 00:00:00+00:00,2018-03-11,2018-05-27,demand-v2-provisional,provisional
US,coastal_island,train,3444,2017-03-19,2018-03-11,2018-03-18 00:00:00+00:00,2018-03-18,2018-06-03,demand-v2-provisional,provisional
US,coastal_island,train,3445,2017-03-26,2018-03-18,2018-03-25 00:00:00+00:00,2018-03-25,2018-06-10,demand-v2-provisional,provisional
US,coastal_island,train,3446,2017-04-02,2018-03-25,2018-04-01 00:00:00+00:00,2018-04-01,2018-06-17,demand-v2-provisional,provisional
US,coastal_island,train,3447,2017-04-09,2018-04-01,2018-04-08 00:00:00+00:00,2018-04-08,2018-06-24,demand-v2-provisional,provisional
US,coastal_island,train,3448,2017-04-16,2018-04-08,2018-04-15 00:00:00+00:00,2018-04-15,2018-07-01,demand-v2-provisional,provisional
US,coastal_island,train,3449,2017-04-23,2018-04-15,2018-04-22 00:00:00+00:00,2018-04-22,2018-07-08,demand-v2-provisional,provisional
US,coastal_island,train,3450,2017-04-30,2018-04-22,2018-04-29 00:00:00+00:00,2018-04-29,2018-07-15,demand-v2-provisional,provisional
US,coastal_island,train,3451,2017-05-07,2018-04-29,2018-05-06 00:00:00+00:00,2018-05-06,2018-07-22,demand-v2-provisional,provisional
US,coastal_island,train,3452,2017-05-14,2018-05-06,2018-05-13 00:00:00+00:00,2018-05-13,2018-07-29,demand-v2-provisional,provisional
US,coastal_island,train,3453,2017-05-21,2018-05-13,2018-05-20 00:00:00+00:00,2018-05-20,2018-08-05,demand-v2-provisional,provisional
US,coastal_island,train,3454,2017-05-28,2018-05-20,2018-05-27 00:00:00+00:00,2018-05-27,2018-08-12,demand-v2-provisional,provisional
US,coastal_island,train,3455,2017-06-04,2018-05-27,2018-06-03 00:00:00+00:00,2018-06-03,2018-08-19,demand-v2-provisional,provisional
US,coastal_island,train,3456,2017-06-11,2018-06-03,2018-06-10 00:00:00+00:00,2018-06-10,2018-08-26,demand-v2-provisional,provisional
US,coastal_island,train,3457,2017-06-18,2018-06-10,2018-06-17 00:00:00+00:00,2018-06-17,2018-09-02,demand-v2-provisional,provisional
US,coastal_island,train,3458,2017-06-25,2018-06-17,2018-06-24 00:00:00+00:00,2018-06-24,2018-09-09,demand-v2-provisional,provisional
US,coastal_island,train,3459,2017-07-02,2018-06-24,2018-07-01 00:00:00+00:00,2018-07-01,2018-09-16,demand-v2-provisional,provisional
US,coastal_island,train,3460,2017-07-09,2018-07-01,2018-07-08 00:00:00+00:00,2018-07-08,2018-09-23,demand-v2-provisional,provisional
US,coastal_island,train,3461,2017-07-16,2018-07-08,2018-07-15 00:00:00+00:00,2018-07-15,2018-09-30,demand-v2-provisional,provisional
US,coastal_island,train,3462,2017-07-23,2018-07-15,2018-07-22 00:00:00+00:00,2018-07-22,2018-10-07,demand-v2-provisional,provisional
US,coastal_island,train,3463,2017-07-30,2018-07-22,2018-07-29 00:00:00+00:00,2018-07-29,2018-10-14,demand-v2-provisional,provisional
US,coastal_island,train,3464,2017-08-06,2018-07-29,2018-08-05 00:00:00+00:00,2018-08-05,2018-10-21,demand-v2-provisional,provisional
US,coastal_island,train,3465,2017-08-13,2018-08-05,2018-08-12 00:00:00+00:00,2018-08-12,2018-10-28,demand-v2-provisional,provisional
US,coastal_island,train,3466,2017-08-20,2018-08-12,2018-08-19 00:00:00+00:00,2018-08-19,2018-11-04,demand-v2-provisional,provisional
US,coastal_island,train,3467,2017-08-27,2018-08-19,2018-08-26 00:00:00+00:00,2018-08-26,2018-11-11,demand-v2-provisional,provisional
US,coastal_island,train,3468,2017-09-03,2018-08-26,2018-09-02 00:00:00+00:00,2018-09-02,2018-11-18,demand-v2-provisional,provisional
US,coastal_island,train,3469,2017-09-10,2018-09-02,2018-09-09 00:00:00+00:00,2018-09-09,2018-11-25,demand-v2-provisional,provisional
US,coastal_island,train,3470,2017-09-17,2018-09-09,2018-09-16 00:00:00+00:00,2018-09-16,2018-12-02,demand-v2-provisional,provisional
US,coastal_island,train,3471,2017-09-24,2018-09-16,2018-09-23 00:00:00+00:00,2018-09-23,2018-12-09,demand-v2-provisional,provisional
US,coastal_island,train,3472,2017-10-01,2018-09-23,2018-09-30 00:00:00+00:00,2018-09-30,2018-12-16,demand-v2-provisional,provisional
US,coastal_island,train,3473,2017-10-08,2018-09-30,2018-10-07 00:00:00+00:00,2018-10-07,2018-12-23,demand-v2-provisional,provisional
US,coastal_island,train,3474,2017-10-15,2018-10-07,2018-10-14 00:00:00+00:00,2018-10-14,2018-12-30,demand-v2-provisional,provisional
US,coastal_island,train,3475,2017-10-22,2018-10-14,2018-10-21 00:00:00+00:00,2018-10-21,2019-01-06,demand-v2-provisional,provisional
US,coastal_island,train,3476,2017-10-29,2018-10-21,2018-10-28 00:00:00+00:00,2018-10-28,2019-01-13,demand-v2-provisional,provisional
US,coastal_island,train,3477,2017-11-05,2018-10-28,2018-11-04 00:00:00+00:00,2018-11-04,2019-01-20,demand-v2-provisional,provisional
US,coastal_island,train,3478,2017-11-12,2018-11-04,2018-11-11 00:00:00+00:00,2018-11-11,2019-01-27,demand-v2-provisional,provisional
US,coastal_island,train,3479,2017-11-19,2018-11-11,2018-11-18 00:00:00+00:00,2018-11-18,2019-02-03,demand-v2-provisional,provisional
US,coastal_island,train,3480,2017-11-26,2018-11-18,2018-11-25 00:00:00+00:00,2018-11-25,2019-02-10,demand-v2-provisional,provisional
US,coastal_island,train,3481,2017-12-03,2018-11-25,2018-12-02 00:00:00+00:00,2018-12-02,2019-02-17,demand-v2-provisional,provisional
US,coastal_island,train,3482,2017-12-10,2018-12-02,2018-12-09 00:00:00+00:00,2018-12-09,2019-02-24,demand-v2-provisional,provisional
US,coastal_island,train,3483,2017-12-17,2018-12-09,2018-12-16 00:00:00+00:00,2018-12-16,2019-03-03,demand-v2-provisional,provisional
US,coastal_island,train,3484,2017-12-24,2018-12-16,2018-12-23 00:00:00+00:00,2018-12-23,2019-03-10,demand-v2-provisional,provisional
US,coastal_island,train,3485,2017-12-31,2018-12-23,2018-12-30 00:00:00+00:00,2018-12-30,2019-03-17,demand-v2-provisional,provisional
US,coastal_island,train,3486,2018-01-07,2018-12-30,2019-01-06 00:00:00+00:00,2019-01-06,2019-03-24,demand-v2-provisional,provisional
US,coastal_island,train,3487,2018-01-14,2019-01-06,2019-01-13 00:00:00+00:00,2019-01-13,2019-03-31,demand-v2-provisional,provisional
US,coastal_island,train,3488,2018-01-21,2019-01-13,2019-01-20 00:00:00+00:00,2019-01-20,2019-04-07,demand-v2-provisional,provisional
US,coastal_island,train,3489,2018-01-28,2019-01-20,2019-01-27 00:00:00+00:00,2019-01-27,2019-04-14,demand-v2-provisional,provisional
US,coastal_island,train,3490,2018-02-04,2019-01-27,2019-02-03 00:00:00+00:00,2019-02-03,2019-04-21,demand-v2-provisional,provisional
US,coastal_island,train,3491,2018-02-11,2019-02-03,2019-02-10 00:00:00+00:00,2019-02-10,2019-04-28,demand-v2-provisional,provisional
US,coastal_island,train,3492,2018-02-18,2019-02-10,2019-02-17 00:00:00+00:00,2019-02-17,2019-05-05,demand-v2-provisional,provisional
US,coastal_island,train,3493,2018-02-25,2019-02-17,2019-02-24 00:00:00+00:00,2019-02-24,2019-05-12,demand-v2-provisional,provisional
US,coastal_island,train,3494,2018-03-04,2019-02-24,2019-03-03 00:00:00+00:00,2019-03-03,2019-05-19,demand-v2-provisional,provisional
US,coastal_island,train,3495,2018-03-11,2019-03-03,2019-03-10 00:00:00+00:00,2019-03-10,2019-05-26,demand-v2-provisional,provisional
US,coastal_island,train,3496,2018-03-18,2019-03-10,2019-03-17 00:00:00+00:00,2019-03-17,2019-06-02,demand-v2-provisional,provisional
US,coastal_island,train,3497,2018-03-25,2019-03-17,2019-03-24 00:00:00+00:00,2019-03-24,2019-06-09,demand-v2-provisional,provisional
US,coastal_island,train,3498,2018-04-01,2019-03-24,2019-03-31 00:00:00+00:00,2019-03-31,2019-06-16,demand-v2-provisional,provisional
US,coastal_island,train,3499,2018-04-08,2019-03-31,2019-04-07 00:00:00+00:00,2019-04-07,2019-06-23,demand-v2-provisional,provisional
US,coastal_island,train,3500,2018-04-15,2019-04-07,2019-04-14 00:00:00+00:00,2019-04-14,2019-06-30,demand-v2-provisional,provisional
US,coastal_island,train,3501,2018-04-22,2019-04-14,2019-04-21 00:00:00+00:00,2019-04-21,2019-07-07,demand-v2-provisional,provisional
US,coastal_island,train,3502,2018-04-29,2019-04-21,2019-04-28 00:00:00+00:00,2019-04-28,2019-07-14,demand-v2-provisional,provisional
US,coastal_island,train,3503,2018-05-06,2019-04-28,2019-05-05 00:00:00+00:00,2019-05-05,2019-07-21,demand-v2-provisional,provisional
US,coastal_island,train,3504,2018-05-13,2019-05-05,2019-05-12 00:00:00+00:00,2019-05-12,2019-07-28,demand-v2-provisional,provisional
US,coastal_island,train,3505,2018-05-20,2019-05-12,2019-05-19 00:00:00+00:00,2019-05-19,2019-08-04,demand-v2-provisional,provisional
US,coastal_island,train,3506,2018-05-27,2019-05-19,2019-05-26 00:00:00+00:00,2019-05-26,2019-08-11,demand-v2-provisional,provisional
US,coastal_island,train,3507,2018-06-03,2019-05-26,2019-06-02 00:00:00+00:00,2019-06-02,2019-08-18,demand-v2-provisional,provisional
US,coastal_island,train,3508,2018-06-10,2019-06-02,2019-06-09 00:00:00+00:00,2019-06-09,2019-08-25,demand-v2-provisional,provisional
US,coastal_island,train,3509,2018-06-17,2019-06-09,2019-06-16 00:00:00+00:00,2019-06-16,2019-09-01,demand-v2-provisional,provisional
US,coastal_island,train,3510,2018-06-24,2019-06-16,2019-06-23 00:00:00+00:00,2019-06-23,2019-09-08,demand-v2-provisional,provisional
US,coastal_island,train,3511,2018-07-01,2019-06-23,2019-06-30 00:00:00+00:00,2019-06-30,2019-09-15,demand-v2-provisional,provisional
US,coastal_island,train,3512,2018-07-08,2019-06-30,2019-07-07 00:00:00+00:00,2019-07-07,2019-09-22,demand-v2-provisional,provisional
US,coastal_island,train,3513,2018-07-15,2019-07-07,2019-07-14 00:00:00+00:00,2019-07-14,2019-09-29,demand-v2-provisional,provisional
US,coastal_island,train,3514,2018-07-22,2019-07-14,2019-07-21 00:00:00+00:00,2019-07-21,2019-10-06,demand-v2-provisional,provisional
US,coastal_island,train,3515,2018-07-29,2019-07-21,2019-07-28 00:00:00+00:00,2019-07-28,2019-10-13,demand-v2-provisional,provisional
US,coastal_island,train,3516,2018-08-05,2019-07-28,2019-08-04 00:00:00+00:00,2019-08-04,2019-10-20,demand-v2-provisional,provisional
US,coastal_island,train,3517,2018-08-12,2019-08-04,2019-08-11 00:00:00+00:00,2019-08-11,2019-10-27,demand-v2-provisional,provisional
US,coastal_island,train,3518,2018-08-19,2019-08-11,2019-08-18 00:00:00+00:00,2019-08-18,2019-11-03,demand-v2-provisional,provisional
US,coastal_island,train,3519,2018-08-26,2019-08-18,2019-08-25 00:00:00+00:00,2019-08-25,2019-11-10,demand-v2-provisional,provisional
US,coastal_island,train,3520,2018-09-02,2019-08-25,2019-09-01 00:00:00+00:00,2019-09-01,2019-11-17,demand-v2-provisional,provisional
US,coastal_island,train,3521,2018-09-09,2019-09-01,2019-09-08 00:00:00+00:00,2019-09-08,2019-11-24,demand-v2-provisional,provisional
US,coastal_island,train,3522,2018-09-16,2019-09-08,2019-09-15 00:00:00+00:00,2019-09-15,2019-12-01,demand-v2-provisional,provisional
US,coastal_island,train,3523,2018-09-23,2019-09-15,2019-09-22 00:00:00+00:00,2019-09-22,2019-12-08,demand-v2-provisional,provisional
US,coastal_island,train,3524,2018-09-30,2019-09-22,2019-09-29 00:00:00+00:00,2019-09-29,2019-12-15,demand-v2-provisional,provisional
US,coastal_island,train,3525,2018-10-07,2019-09-29,2019-10-06 00:00:00+00:00,2019-10-06,2019-12-22,demand-v2-provisional,provisional
US,coastal_island,train,3526,2023-01-01,2023-12-24,2023-12-31 00:00:00+00:00,2023-12-31,2024-03-17,demand-v2-provisional,provisional
US,coastal_island,train,3527,2023-01-08,2023-12-31,2024-01-07 00:00:00+00:00,2024-01-07,2024-03-24,demand-v2-provisional,provisional
US,coastal_island,train,3528,2023-01-15,2024-01-07,2024-01-14 00:00:00+00:00,2024-01-14,2024-03-31,demand-v2-provisional,provisional
US,coastal_island,train,3529,2023-01-22,2024-01-14,2024-01-21 00:00:00+00:00,2024-01-21,2024-04-07,demand-v2-provisional,provisional
US,coastal_island,train,3530,2023-01-29,2024-01-21,2024-01-28 00:00:00+00:00,2024-01-28,2024-04-14,demand-v2-provisional,provisional
US,coastal_island,train,3531,2023-02-05,2024-01-28,2024-02-04 00:00:00+00:00,2024-02-04,2024-04-21,demand-v2-provisional,provisional
US,coastal_island,train,3532,2023-02-12,2024-02-04,2024-02-11 00:00:00+00:00,2024-02-11,2024-04-28,demand-v2-provisional,provisional
US,coastal_island,train,3533,2023-02-19,2024-02-11,2024-02-18 00:00:00+00:00,2024-02-18,2024-05-05,demand-v2-provisional,provisional
US,coastal_island,train,3534,2023-02-26,2024-02-18,2024-02-25 00:00:00+00:00,2024-02-25,2024-05-12,demand-v2-provisional,provisional
US,coastal_island,train,3535,2023-03-05,2024-02-25,2024-03-03 00:00:00+00:00,2024-03-03,2024-05-19,demand-v2-provisional,provisional
US,coastal_island,validation,496,2023-05-28,2024-05-19,2024-05-26 00:00:00+00:00,2024-05-26,2024-08-11,demand-v2-provisional,provisional
US,coastal_island,validation,497,2023-06-04,2024-05-26,2024-06-02 00:00:00+00:00,2024-06-02,2024-08-18,demand-v2-provisional,provisional
US,coastal_island,validation,498,2023-06-11,2024-06-02,2024-06-09 00:00:00+00:00,2024-06-09,2024-08-25,demand-v2-provisional,provisional
US,coastal_island,validation,499,2023-06-18,2024-06-09,2024-06-16 00:00:00+00:00,2024-06-16,2024-09-01,demand-v2-provisional,provisional
US,coastal_island,validation,500,2023-06-25,2024-06-16,2024-06-23 00:00:00+00:00,2024-06-23,2024-09-08,demand-v2-provisional,provisional
US,coastal_island,validation,501,2023-07-02,2024-06-23,2024-06-30 00:00:00+00:00,2024-06-30,2024-09-15,demand-v2-provisional,provisional
US,coastal_island,validation,502,2023-07-09,2024-06-30,2024-07-07 00:00:00+00:00,2024-07-07,2024-09-22,demand-v2-provisional,provisional
US,coastal_island,validation,503,2023-07-16,2024-07-07,2024-07-14 00:00:00+00:00,2024-07-14,2024-09-29,demand-v2-provisional,provisional
US,coastal_island,validation,504,2023-07-23,2024-07-14,2024-07-21 00:00:00+00:00,2024-07-21,2024-10-06,demand-v2-provisional,provisional
US,coastal_island,validation,505,2023-07-30,2024-07-21,2024-07-28 00:00:00+00:00,2024-07-28,2024-10-13,demand-v2-provisional,provisional
US,coastal_island,validation,506,2023-08-06,2024-07-28,2024-08-04 00:00:00+00:00,2024-08-04,2024-10-20,demand-v2-provisional,provisional
US,coastal_island,validation,507,2023-08-13,2024-08-04,2024-08-11 00:00:00+00:00,2024-08-11,2024-10-27,demand-v2-provisional,provisional
US,coastal_island,validation,508,2023-08-20,2024-08-11,2024-08-18 00:00:00+00:00,2024-08-18,2024-11-03,demand-v2-provisional,provisional
US,coastal_island,validation,509,2023-08-27,2024-08-18,2024-08-25 00:00:00+00:00,2024-08-25,2024-11-10,demand-v2-provisional,provisional
US,coastal_island,validation,510,2023-09-03,2024-08-25,2024-09-01 00:00:00+00:00,2024-09-01,2024-11-17,demand-v2-provisional,provisional
US,coastal_island,validation,511,2023-09-10,2024-09-01,2024-09-08 00:00:00+00:00,2024-09-08,2024-11-24,demand-v2-provisional,provisional
US,coastal_island,validation,512,2023-09-17,2024-09-08,2024-09-15 00:00:00+00:00,2024-09-15,2024-12-01,demand-v2-provisional,provisional
US,coastal_island,validation,513,2023-09-24,2024-09-15,2024-09-22 00:00:00+00:00,2024-09-22,2024-12-08,demand-v2-provisional,provisional
US,coastal_island,validation,514,2023-10-01,2024-09-22,2024-09-29 00:00:00+00:00,2024-09-29,2024-12-15,demand-v2-provisional,provisional
US,coastal_island,validation,515,2023-10-08,2024-09-29,2024-10-06 00:00:00+00:00,2024-10-06,2024-12-22,demand-v2-provisional,provisional
US,coastal_island,validation,516,2023-10-15,2024-10-06,2024-10-13 00:00:00+00:00,2024-10-13,2024-12-29,demand-v2-provisional,provisional
US,coastal_island,validation,517,2023-10-22,2024-10-13,2024-10-20 00:00:00+00:00,2024-10-20,2025-01-05,demand-v2-provisional,provisional
US,coastal_island,validation,518,2023-10-29,2024-10-20,2024-10-27 00:00:00+00:00,2024-10-27,2025-01-12,demand-v2-provisional,provisional
US,coastal_island,validation,519,2023-11-05,2024-10-27,2024-11-03 00:00:00+00:00,2024-11-03,2025-01-19,demand-v2-provisional,provisional
US,coastal_island,validation,520,2023-11-12,2024-11-03,2024-11-10 00:00:00+00:00,2024-11-10,2025-01-26,demand-v2-provisional,provisional
US,coastal_island,validation,521,2023-11-19,2024-11-10,2024-11-17 00:00:00+00:00,2024-11-17,2025-02-02,demand-v2-provisional,provisional
US,coastal_island,validation,522,2023-11-26,2024-11-17,2024-11-24 00:00:00+00:00,2024-11-24,2025-02-09,demand-v2-provisional,provisional
US,coastal_island,validation,523,2023-12-03,2024-11-24,2024-12-01 00:00:00+00:00,2024-12-01,2025-02-16,demand-v2-provisional,provisional
US,coastal_island,validation,524,2023-12-10,2024-12-01,2024-12-08 00:00:00+00:00,2024-12-08,2025-02-23,demand-v2-provisional,provisional
US,coastal_island,validation,525,2023-12-17,2024-12-08,2024-12-15 00:00:00+00:00,2024-12-15,2025-03-02,demand-v2-provisional,provisional
US,coastal_island,validation,526,2023-12-24,2024-12-15,2024-12-22 00:00:00+00:00,2024-12-22,2025-03-09,demand-v2-provisional,provisional
US,coastal_island,test,496,2024-03-17,2025-03-09,2025-03-16 00:00:00+00:00,2025-03-16,2025-06-01,demand-v2-provisional,provisional
US,coastal_island,test,497,2024-03-24,2025-03-16,2025-03-23 00:00:00+00:00,2025-03-23,2025-06-08,demand-v2-provisional,provisional
US,coastal_island,test,498,2024-03-31,2025-03-23,2025-03-30 00:00:00+00:00,2025-03-30,2025-06-15,demand-v2-provisional,provisional
US,coastal_island,test,499,2024-04-07,2025-03-30,2025-04-06 00:00:00+00:00,2025-04-06,2025-06-22,demand-v2-provisional,provisional
US,coastal_island,test,500,2024-04-14,2025-04-06,2025-04-13 00:00:00+00:00,2025-04-13,2025-06-29,demand-v2-provisional,provisional
US,coastal_island,test,501,2024-04-21,2025-04-13,2025-04-20 00:00:00+00:00,2025-04-20,2025-07-06,demand-v2-provisional,provisional
US,coastal_island,test,502,2024-04-28,2025-04-20,2025-04-27 00:00:00+00:00,2025-04-27,2025-07-13,demand-v2-provisional,provisional
US,coastal_island,test,503,2024-05-05,2025-04-27,2025-05-04 00:00:00+00:00,2025-05-04,2025-07-20,demand-v2-provisional,provisional
US,coastal_island,test,504,2024-05-12,2025-05-04,2025-05-11 00:00:00+00:00,2025-05-11,2025-07-27,demand-v2-provisional,provisional
US,coastal_island,test,505,2024-05-19,2025-05-11,2025-05-18 00:00:00+00:00,2025-05-18,2025-08-03,demand-v2-provisional,provisional
US,coastal_island,test,506,2024-05-26,2025-05-18,2025-05-25 00:00:00+00:00,2025-05-25,2025-08-10,demand-v2-provisional,provisional
US,coastal_island,test,507,2024-06-02,2025-05-25,2025-06-01 00:00:00+00:00,2025-06-01,2025-08-17,demand-v2-provisional,provisional
US,coastal_island,test,508,2024-06-09,2025-06-01,2025-06-08 00:00:00+00:00,2025-06-08,2025-08-24,demand-v2-provisional,provisional
US,coastal_island,test,509,2024-06-16,2025-06-08,2025-06-15 00:00:00+00:00,2025-06-15,2025-08-31,demand-v2-provisional,provisional
US,coastal_island,test,510,2024-06-23,2025-06-15,2025-06-22 00:00:00+00:00,2025-06-22,2025-09-07,demand-v2-provisional,provisional
US,coastal_island,test,511,2024-06-30,2025-06-22,2025-06-29 00:00:00+00:00,2025-06-29,2025-09-14,demand-v2-provisional,provisional
US,coastal_island,test,512,2024-07-07,2025-06-29,2025-07-06 00:00:00+00:00,2025-07-06,2025-09-21,demand-v2-provisional,provisional
US,coastal_island,test,513,2024-07-14,2025-07-06,2025-07-13 00:00:00+00:00,2025-07-13,2025-09-28,demand-v2-provisional,provisional
US,coastal_island,test,514,2024-07-21,2025-07-13,2025-07-20 00:00:00+00:00,2025-07-20,2025-10-05,demand-v2-provisional,provisional
US,coastal_island,test,515,2024-07-28,2025-07-20,2025-07-27 00:00:00+00:00,2025-07-27,2025-10-12,demand-v2-provisional,provisional
US,coastal_island,test,516,2024-08-04,2025-07-27,2025-08-03 00:00:00+00:00,2025-08-03,2025-10-19,demand-v2-provisional,provisional
US,coastal_island,test,517,2024-08-11,2025-08-03,2025-08-10 00:00:00+00:00,2025-08-10,2025-10-26,demand-v2-provisional,provisional
US,coastal_island,test,518,2024-08-18,2025-08-10,2025-08-17 00:00:00+00:00,2025-08-17,2025-11-02,demand-v2-provisional,provisional
US,coastal_island,test,519,2024-08-25,2025-08-17,2025-08-24 00:00:00+00:00,2025-08-24,2025-11-09,demand-v2-provisional,provisional
US,coastal_island,test,520,2024-09-01,2025-08-24,2025-08-31 00:00:00+00:00,2025-08-31,2025-11-16,demand-v2-provisional,provisional
US,coastal_island,test,521,2024-09-08,2025-08-31,2025-09-07 00:00:00+00:00,2025-09-07,2025-11-23,demand-v2-provisional,provisional
US,coastal_island,test,522,2024-09-15,2025-09-07,2025-09-14 00:00:00+00:00,2025-09-14,2025-11-30,demand-v2-provisional,provisional
US,coastal_island,test,523,2024-09-22,2025-09-14,2025-09-21 00:00:00+00:00,2025-09-21,2025-12-07,demand-v2-provisional,provisional
US,coastal_island,test,524,2024-09-29,2025-09-21,2025-09-28 00:00:00+00:00,2025-09-28,2025-12-14,demand-v2-provisional,provisional
US,coastal_island,test,525,2024-10-06,2025-09-28,2025-10-05 00:00:00+00:00,2025-10-05,2025-12-21,demand-v2-provisional,provisional
US,coastal_island,test,526,2024-10-13,2025-10-05,2025-10-12 00:00:00+00:00,2025-10-12,2025-12-28,demand-v2-provisional,provisional
US,culinary_gastronomy,train,3536,2014-12-28,2015-12-20,2015-12-27 00:00:00+00:00,2015-12-27,2016-03-13,demand-v2-provisional,provisional
US,culinary_gastronomy,train,3537,2015-01-04,2015-12-27,2016-01-03 00:00:00+00:00,2016-01-03,2016-03-20,demand-v2-provisional,provisional
US,culinary_gastronomy,train,3538,2015-01-11,2016-01-03,2016-01-10 00:00:00+00:00,2016-01-10,2016-03-27,demand-v2-provisional,provisional
US,culinary_gastronomy,train,3539,2015-01-18,2016-01-10,2016-01-17 00:00:00+00:00,2016-01-17,2016-04-03,demand-v2-provisional,provisional
US,culinary_gastronomy,train,3540,2015-01-25,2016-01-17,2016-01-24 00:00:00+00:00,2016-01-24,2016-04-10,demand-v2-provisional,provisional
US,culinary_gastronomy,train,3541,2015-02-01,2016-01-24,2016-01-31 00:00:00+00:00,2016-01-31,2016-04-17,demand-v2-provisional,provisional
US,culinary_gastronomy,train,3542,2015-02-08,2016-01-31,2016-02-07 00:00:00+00:00,2016-02-07,2016-04-24,demand-v2-provisional,provisional
US,culinary_gastronomy,train,3543,2015-02-15,2016-02-07,2016-02-14 00:00:00+00:00,2016-02-14,2016-05-01,demand-v2-provisional,provisional
US,culinary_gastronomy,train,3544,2015-02-22,2016-02-14,2016-02-21 00:00:00+00:00,2016-02-21,2016-05-08,demand-v2-provisional,provisional
US,culinary_gastronomy,train,3545,2015-03-01,2016-02-21,2016-02-28 00:00:00+00:00,2016-02-28,2016-05-15,demand-v2-provisional,provisional
US,culinary_gastronomy,train,3546,2015-03-08,2016-02-28,2016-03-06 00:00:00+00:00,2016-03-06,2016-05-22,demand-v2-provisional,provisional
US,culinary_gastronomy,train,3547,2015-03-15,2016-03-06,2016-03-13 00:00:00+00:00,2016-03-13,2016-05-29,demand-v2-provisional,provisional
US,culinary_gastronomy,train,3548,2015-03-22,2016-03-13,2016-03-20 00:00:00+00:00,2016-03-20,2016-06-05,demand-v2-provisional,provisional
US,culinary_gastronomy,train,3549,2015-03-29,2016-03-20,2016-03-27 00:00:00+00:00,2016-03-27,2016-06-12,demand-v2-provisional,provisional
US,culinary_gastronomy,train,3550,2015-04-05,2016-03-27,2016-04-03 00:00:00+00:00,2016-04-03,2016-06-19,demand-v2-provisional,provisional
US,culinary_gastronomy,train,3551,2015-04-12,2016-04-03,2016-04-10 00:00:00+00:00,2016-04-10,2016-06-26,demand-v2-provisional,provisional
US,culinary_gastronomy,train,3552,2015-04-19,2016-04-10,2016-04-17 00:00:00+00:00,2016-04-17,2016-07-03,demand-v2-provisional,provisional
US,culinary_gastronomy,train,3553,2015-04-26,2016-04-17,2016-04-24 00:00:00+00:00,2016-04-24,2016-07-10,demand-v2-provisional,provisional
US,culinary_gastronomy,train,3554,2015-05-03,2016-04-24,2016-05-01 00:00:00+00:00,2016-05-01,2016-07-17,demand-v2-provisional,provisional
US,culinary_gastronomy,train,3555,2015-05-10,2016-05-01,2016-05-08 00:00:00+00:00,2016-05-08,2016-07-24,demand-v2-provisional,provisional
US,culinary_gastronomy,train,3556,2015-05-17,2016-05-08,2016-05-15 00:00:00+00:00,2016-05-15,2016-07-31,demand-v2-provisional,provisional
US,culinary_gastronomy,train,3557,2015-05-24,2016-05-15,2016-05-22 00:00:00+00:00,2016-05-22,2016-08-07,demand-v2-provisional,provisional
US,culinary_gastronomy,train,3558,2015-05-31,2016-05-22,2016-05-29 00:00:00+00:00,2016-05-29,2016-08-14,demand-v2-provisional,provisional
US,culinary_gastronomy,train,3559,2015-06-07,2016-05-29,2016-06-05 00:00:00+00:00,2016-06-05,2016-08-21,demand-v2-provisional,provisional
US,culinary_gastronomy,train,3560,2015-06-14,2016-06-05,2016-06-12 00:00:00+00:00,2016-06-12,2016-08-28,demand-v2-provisional,provisional
US,culinary_gastronomy,train,3561,2015-06-21,2016-06-12,2016-06-19 00:00:00+00:00,2016-06-19,2016-09-04,demand-v2-provisional,provisional
US,culinary_gastronomy,train,3562,2015-06-28,2016-06-19,2016-06-26 00:00:00+00:00,2016-06-26,2016-09-11,demand-v2-provisional,provisional
US,culinary_gastronomy,train,3563,2015-07-05,2016-06-26,2016-07-03 00:00:00+00:00,2016-07-03,2016-09-18,demand-v2-provisional,provisional
US,culinary_gastronomy,train,3564,2015-07-12,2016-07-03,2016-07-10 00:00:00+00:00,2016-07-10,2016-09-25,demand-v2-provisional,provisional
US,culinary_gastronomy,train,3565,2015-07-19,2016-07-10,2016-07-17 00:00:00+00:00,2016-07-17,2016-10-02,demand-v2-provisional,provisional
US,culinary_gastronomy,train,3566,2015-07-26,2016-07-17,2016-07-24 00:00:00+00:00,2016-07-24,2016-10-09,demand-v2-provisional,provisional
US,culinary_gastronomy,train,3567,2015-08-02,2016-07-24,2016-07-31 00:00:00+00:00,2016-07-31,2016-10-16,demand-v2-provisional,provisional
US,culinary_gastronomy,train,3568,2015-08-09,2016-07-31,2016-08-07 00:00:00+00:00,2016-08-07,2016-10-23,demand-v2-provisional,provisional
US,culinary_gastronomy,train,3569,2015-08-16,2016-08-07,2016-08-14 00:00:00+00:00,2016-08-14,2016-10-30,demand-v2-provisional,provisional
US,culinary_gastronomy,train,3570,2015-08-23,2016-08-14,2016-08-21 00:00:00+00:00,2016-08-21,2016-11-06,demand-v2-provisional,provisional
US,culinary_gastronomy,train,3571,2015-08-30,2016-08-21,2016-08-28 00:00:00+00:00,2016-08-28,2016-11-13,demand-v2-provisional,provisional
US,culinary_gastronomy,train,3572,2015-09-06,2016-08-28,2016-09-04 00:00:00+00:00,2016-09-04,2016-11-20,demand-v2-provisional,provisional
US,culinary_gastronomy,train,3573,2015-09-13,2016-09-04,2016-09-11 00:00:00+00:00,2016-09-11,2016-11-27,demand-v2-provisional,provisional
US,culinary_gastronomy,train,3574,2015-09-20,2016-09-11,2016-09-18 00:00:00+00:00,2016-09-18,2016-12-04,demand-v2-provisional,provisional
US,culinary_gastronomy,train,3575,2015-09-27,2016-09-18,2016-09-25 00:00:00+00:00,2016-09-25,2016-12-11,demand-v2-provisional,provisional
US,culinary_gastronomy,train,3576,2015-10-04,2016-09-25,2016-10-02 00:00:00+00:00,2016-10-02,2016-12-18,demand-v2-provisional,provisional
US,culinary_gastronomy,train,3577,2015-10-11,2016-10-02,2016-10-09 00:00:00+00:00,2016-10-09,2016-12-25,demand-v2-provisional,provisional
US,culinary_gastronomy,train,3578,2015-10-18,2016-10-09,2016-10-16 00:00:00+00:00,2016-10-16,2017-01-01,demand-v2-provisional,provisional
US,culinary_gastronomy,train,3579,2015-10-25,2016-10-16,2016-10-23 00:00:00+00:00,2016-10-23,2017-01-08,demand-v2-provisional,provisional
US,culinary_gastronomy,train,3580,2015-11-01,2016-10-23,2016-10-30 00:00:00+00:00,2016-10-30,2017-01-15,demand-v2-provisional,provisional
US,culinary_gastronomy,train,3581,2015-11-08,2016-10-30,2016-11-06 00:00:00+00:00,2016-11-06,2017-01-22,demand-v2-provisional,provisional
US,culinary_gastronomy,train,3582,2015-11-15,2016-11-06,2016-11-13 00:00:00+00:00,2016-11-13,2017-01-29,demand-v2-provisional,provisional
US,culinary_gastronomy,train,3583,2015-11-22,2016-11-13,2016-11-20 00:00:00+00:00,2016-11-20,2017-02-05,demand-v2-provisional,provisional
US,culinary_gastronomy,train,3584,2015-11-29,2016-11-20,2016-11-27 00:00:00+00:00,2016-11-27,2017-02-12,demand-v2-provisional,provisional
US,culinary_gastronomy,train,3585,2015-12-06,2016-11-27,2016-12-04 00:00:00+00:00,2016-12-04,2017-02-19,demand-v2-provisional,provisional
US,culinary_gastronomy,train,3586,2015-12-13,2016-12-04,2016-12-11 00:00:00+00:00,2016-12-11,2017-02-26,demand-v2-provisional,provisional
US,culinary_gastronomy,train,3587,2015-12-20,2016-12-11,2016-12-18 00:00:00+00:00,2016-12-18,2017-03-05,demand-v2-provisional,provisional
US,culinary_gastronomy,train,3588,2015-12-27,2016-12-18,2016-12-25 00:00:00+00:00,2016-12-25,2017-03-12,demand-v2-provisional,provisional
US,culinary_gastronomy,train,3589,2016-01-03,2016-12-25,2017-01-01 00:00:00+00:00,2017-01-01,2017-03-19,demand-v2-provisional,provisional
US,culinary_gastronomy,train,3590,2016-01-10,2017-01-01,2017-01-08 00:00:00+00:00,2017-01-08,2017-03-26,demand-v2-provisional,provisional
US,culinary_gastronomy,train,3591,2016-01-17,2017-01-08,2017-01-15 00:00:00+00:00,2017-01-15,2017-04-02,demand-v2-provisional,provisional
US,culinary_gastronomy,train,3592,2016-01-24,2017-01-15,2017-01-22 00:00:00+00:00,2017-01-22,2017-04-09,demand-v2-provisional,provisional
US,culinary_gastronomy,train,3593,2016-01-31,2017-01-22,2017-01-29 00:00:00+00:00,2017-01-29,2017-04-16,demand-v2-provisional,provisional
US,culinary_gastronomy,train,3594,2016-02-07,2017-01-29,2017-02-05 00:00:00+00:00,2017-02-05,2017-04-23,demand-v2-provisional,provisional
US,culinary_gastronomy,train,3595,2016-02-14,2017-02-05,2017-02-12 00:00:00+00:00,2017-02-12,2017-04-30,demand-v2-provisional,provisional
US,culinary_gastronomy,train,3596,2016-02-21,2017-02-12,2017-02-19 00:00:00+00:00,2017-02-19,2017-05-07,demand-v2-provisional,provisional
US,culinary_gastronomy,train,3597,2016-02-28,2017-02-19,2017-02-26 00:00:00+00:00,2017-02-26,2017-05-14,demand-v2-provisional,provisional
US,culinary_gastronomy,train,3598,2016-03-06,2017-02-26,2017-03-05 00:00:00+00:00,2017-03-05,2017-05-21,demand-v2-provisional,provisional
US,culinary_gastronomy,train,3599,2016-03-13,2017-03-05,2017-03-12 00:00:00+00:00,2017-03-12,2017-05-28,demand-v2-provisional,provisional
US,culinary_gastronomy,train,3600,2016-03-20,2017-03-12,2017-03-19 00:00:00+00:00,2017-03-19,2017-06-04,demand-v2-provisional,provisional
US,culinary_gastronomy,train,3601,2016-03-27,2017-03-19,2017-03-26 00:00:00+00:00,2017-03-26,2017-06-11,demand-v2-provisional,provisional
US,culinary_gastronomy,train,3602,2016-04-03,2017-03-26,2017-04-02 00:00:00+00:00,2017-04-02,2017-06-18,demand-v2-provisional,provisional
US,culinary_gastronomy,train,3603,2016-04-10,2017-04-02,2017-04-09 00:00:00+00:00,2017-04-09,2017-06-25,demand-v2-provisional,provisional
US,culinary_gastronomy,train,3604,2016-04-17,2017-04-09,2017-04-16 00:00:00+00:00,2017-04-16,2017-07-02,demand-v2-provisional,provisional
US,culinary_gastronomy,train,3605,2016-04-24,2017-04-16,2017-04-23 00:00:00+00:00,2017-04-23,2017-07-09,demand-v2-provisional,provisional
US,culinary_gastronomy,train,3606,2016-05-01,2017-04-23,2017-04-30 00:00:00+00:00,2017-04-30,2017-07-16,demand-v2-provisional,provisional
US,culinary_gastronomy,train,3607,2016-05-08,2017-04-30,2017-05-07 00:00:00+00:00,2017-05-07,2017-07-23,demand-v2-provisional,provisional
US,culinary_gastronomy,train,3608,2016-05-15,2017-05-07,2017-05-14 00:00:00+00:00,2017-05-14,2017-07-30,demand-v2-provisional,provisional
US,culinary_gastronomy,train,3609,2016-05-22,2017-05-14,2017-05-21 00:00:00+00:00,2017-05-21,2017-08-06,demand-v2-provisional,provisional
US,culinary_gastronomy,train,3610,2016-05-29,2017-05-21,2017-05-28 00:00:00+00:00,2017-05-28,2017-08-13,demand-v2-provisional,provisional
US,culinary_gastronomy,train,3611,2016-06-05,2017-05-28,2017-06-04 00:00:00+00:00,2017-06-04,2017-08-20,demand-v2-provisional,provisional
US,culinary_gastronomy,train,3612,2016-06-12,2017-06-04,2017-06-11 00:00:00+00:00,2017-06-11,2017-08-27,demand-v2-provisional,provisional
US,culinary_gastronomy,train,3613,2016-06-19,2017-06-11,2017-06-18 00:00:00+00:00,2017-06-18,2017-09-03,demand-v2-provisional,provisional
US,culinary_gastronomy,train,3614,2016-06-26,2017-06-18,2017-06-25 00:00:00+00:00,2017-06-25,2017-09-10,demand-v2-provisional,provisional
US,culinary_gastronomy,train,3615,2016-07-03,2017-06-25,2017-07-02 00:00:00+00:00,2017-07-02,2017-09-17,demand-v2-provisional,provisional
US,culinary_gastronomy,train,3616,2016-07-10,2017-07-02,2017-07-09 00:00:00+00:00,2017-07-09,2017-09-24,demand-v2-provisional,provisional
US,culinary_gastronomy,train,3617,2016-07-17,2017-07-09,2017-07-16 00:00:00+00:00,2017-07-16,2017-10-01,demand-v2-provisional,provisional
US,culinary_gastronomy,train,3618,2016-07-24,2017-07-16,2017-07-23 00:00:00+00:00,2017-07-23,2017-10-08,demand-v2-provisional,provisional
US,culinary_gastronomy,train,3619,2016-07-31,2017-07-23,2017-07-30 00:00:00+00:00,2017-07-30,2017-10-15,demand-v2-provisional,provisional
US,culinary_gastronomy,train,3620,2016-08-07,2017-07-30,2017-08-06 00:00:00+00:00,2017-08-06,2017-10-22,demand-v2-provisional,provisional
US,culinary_gastronomy,train,3621,2016-08-14,2017-08-06,2017-08-13 00:00:00+00:00,2017-08-13,2017-10-29,demand-v2-provisional,provisional
US,culinary_gastronomy,train,3622,2016-08-21,2017-08-13,2017-08-20 00:00:00+00:00,2017-08-20,2017-11-05,demand-v2-provisional,provisional
US,culinary_gastronomy,train,3623,2016-08-28,2017-08-20,2017-08-27 00:00:00+00:00,2017-08-27,2017-11-12,demand-v2-provisional,provisional
US,culinary_gastronomy,train,3624,2016-09-04,2017-08-27,2017-09-03 00:00:00+00:00,2017-09-03,2017-11-19,demand-v2-provisional,provisional
US,culinary_gastronomy,train,3625,2016-09-11,2017-09-03,2017-09-10 00:00:00+00:00,2017-09-10,2017-11-26,demand-v2-provisional,provisional
US,culinary_gastronomy,train,3626,2016-09-18,2017-09-10,2017-09-17 00:00:00+00:00,2017-09-17,2017-12-03,demand-v2-provisional,provisional
US,culinary_gastronomy,train,3627,2016-09-25,2017-09-17,2017-09-24 00:00:00+00:00,2017-09-24,2017-12-10,demand-v2-provisional,provisional
US,culinary_gastronomy,train,3628,2016-10-02,2017-09-24,2017-10-01 00:00:00+00:00,2017-10-01,2017-12-17,demand-v2-provisional,provisional
US,culinary_gastronomy,train,3629,2016-10-09,2017-10-01,2017-10-08 00:00:00+00:00,2017-10-08,2017-12-24,demand-v2-provisional,provisional
US,culinary_gastronomy,train,3630,2016-10-16,2017-10-08,2017-10-15 00:00:00+00:00,2017-10-15,2017-12-31,demand-v2-provisional,provisional
US,culinary_gastronomy,train,3631,2016-10-23,2017-10-15,2017-10-22 00:00:00+00:00,2017-10-22,2018-01-07,demand-v2-provisional,provisional
US,culinary_gastronomy,train,3632,2016-10-30,2017-10-22,2017-10-29 00:00:00+00:00,2017-10-29,2018-01-14,demand-v2-provisional,provisional
US,culinary_gastronomy,train,3633,2016-11-06,2017-10-29,2017-11-05 00:00:00+00:00,2017-11-05,2018-01-21,demand-v2-provisional,provisional
US,culinary_gastronomy,train,3634,2016-11-13,2017-11-05,2017-11-12 00:00:00+00:00,2017-11-12,2018-01-28,demand-v2-provisional,provisional
US,culinary_gastronomy,train,3635,2016-11-20,2017-11-12,2017-11-19 00:00:00+00:00,2017-11-19,2018-02-04,demand-v2-provisional,provisional
US,culinary_gastronomy,train,3636,2016-11-27,2017-11-19,2017-11-26 00:00:00+00:00,2017-11-26,2018-02-11,demand-v2-provisional,provisional
US,culinary_gastronomy,train,3637,2016-12-04,2017-11-26,2017-12-03 00:00:00+00:00,2017-12-03,2018-02-18,demand-v2-provisional,provisional
US,culinary_gastronomy,train,3638,2016-12-11,2017-12-03,2017-12-10 00:00:00+00:00,2017-12-10,2018-02-25,demand-v2-provisional,provisional
US,culinary_gastronomy,train,3639,2016-12-18,2017-12-10,2017-12-17 00:00:00+00:00,2017-12-17,2018-03-04,demand-v2-provisional,provisional
US,culinary_gastronomy,train,3640,2016-12-25,2017-12-17,2017-12-24 00:00:00+00:00,2017-12-24,2018-03-11,demand-v2-provisional,provisional
US,culinary_gastronomy,train,3641,2017-01-01,2017-12-24,2017-12-31 00:00:00+00:00,2017-12-31,2018-03-18,demand-v2-provisional,provisional
US,culinary_gastronomy,train,3642,2017-01-08,2017-12-31,2018-01-07 00:00:00+00:00,2018-01-07,2018-03-25,demand-v2-provisional,provisional
US,culinary_gastronomy,train,3643,2017-01-15,2018-01-07,2018-01-14 00:00:00+00:00,2018-01-14,2018-04-01,demand-v2-provisional,provisional
US,culinary_gastronomy,train,3644,2017-01-22,2018-01-14,2018-01-21 00:00:00+00:00,2018-01-21,2018-04-08,demand-v2-provisional,provisional
US,culinary_gastronomy,train,3645,2017-01-29,2018-01-21,2018-01-28 00:00:00+00:00,2018-01-28,2018-04-15,demand-v2-provisional,provisional
US,culinary_gastronomy,train,3646,2017-02-05,2018-01-28,2018-02-04 00:00:00+00:00,2018-02-04,2018-04-22,demand-v2-provisional,provisional
US,culinary_gastronomy,train,3647,2017-02-12,2018-02-04,2018-02-11 00:00:00+00:00,2018-02-11,2018-04-29,demand-v2-provisional,provisional
US,culinary_gastronomy,train,3648,2017-02-19,2018-02-11,2018-02-18 00:00:00+00:00,2018-02-18,2018-05-06,demand-v2-provisional,provisional
US,culinary_gastronomy,train,3649,2017-02-26,2018-02-18,2018-02-25 00:00:00+00:00,2018-02-25,2018-05-13,demand-v2-provisional,provisional
US,culinary_gastronomy,train,3650,2017-03-05,2018-02-25,2018-03-04 00:00:00+00:00,2018-03-04,2018-05-20,demand-v2-provisional,provisional
US,culinary_gastronomy,train,3651,2017-03-12,2018-03-04,2018-03-11 00:00:00+00:00,2018-03-11,2018-05-27,demand-v2-provisional,provisional
US,culinary_gastronomy,train,3652,2017-03-19,2018-03-11,2018-03-18 00:00:00+00:00,2018-03-18,2018-06-03,demand-v2-provisional,provisional
US,culinary_gastronomy,train,3653,2017-03-26,2018-03-18,2018-03-25 00:00:00+00:00,2018-03-25,2018-06-10,demand-v2-provisional,provisional
US,culinary_gastronomy,train,3654,2017-04-02,2018-03-25,2018-04-01 00:00:00+00:00,2018-04-01,2018-06-17,demand-v2-provisional,provisional
US,culinary_gastronomy,train,3655,2017-04-09,2018-04-01,2018-04-08 00:00:00+00:00,2018-04-08,2018-06-24,demand-v2-provisional,provisional
US,culinary_gastronomy,train,3656,2017-04-16,2018-04-08,2018-04-15 00:00:00+00:00,2018-04-15,2018-07-01,demand-v2-provisional,provisional
US,culinary_gastronomy,train,3657,2017-04-23,2018-04-15,2018-04-22 00:00:00+00:00,2018-04-22,2018-07-08,demand-v2-provisional,provisional
US,culinary_gastronomy,train,3658,2017-04-30,2018-04-22,2018-04-29 00:00:00+00:00,2018-04-29,2018-07-15,demand-v2-provisional,provisional
US,culinary_gastronomy,train,3659,2017-05-07,2018-04-29,2018-05-06 00:00:00+00:00,2018-05-06,2018-07-22,demand-v2-provisional,provisional
US,culinary_gastronomy,train,3660,2017-05-14,2018-05-06,2018-05-13 00:00:00+00:00,2018-05-13,2018-07-29,demand-v2-provisional,provisional
US,culinary_gastronomy,train,3661,2017-05-21,2018-05-13,2018-05-20 00:00:00+00:00,2018-05-20,2018-08-05,demand-v2-provisional,provisional
US,culinary_gastronomy,train,3662,2017-05-28,2018-05-20,2018-05-27 00:00:00+00:00,2018-05-27,2018-08-12,demand-v2-provisional,provisional
US,culinary_gastronomy,train,3663,2017-06-04,2018-05-27,2018-06-03 00:00:00+00:00,2018-06-03,2018-08-19,demand-v2-provisional,provisional
US,culinary_gastronomy,train,3664,2017-06-11,2018-06-03,2018-06-10 00:00:00+00:00,2018-06-10,2018-08-26,demand-v2-provisional,provisional
US,culinary_gastronomy,train,3665,2017-06-18,2018-06-10,2018-06-17 00:00:00+00:00,2018-06-17,2018-09-02,demand-v2-provisional,provisional
US,culinary_gastronomy,train,3666,2017-06-25,2018-06-17,2018-06-24 00:00:00+00:00,2018-06-24,2018-09-09,demand-v2-provisional,provisional
US,culinary_gastronomy,train,3667,2017-07-02,2018-06-24,2018-07-01 00:00:00+00:00,2018-07-01,2018-09-16,demand-v2-provisional,provisional
US,culinary_gastronomy,train,3668,2017-07-09,2018-07-01,2018-07-08 00:00:00+00:00,2018-07-08,2018-09-23,demand-v2-provisional,provisional
US,culinary_gastronomy,train,3669,2017-07-16,2018-07-08,2018-07-15 00:00:00+00:00,2018-07-15,2018-09-30,demand-v2-provisional,provisional
US,culinary_gastronomy,train,3670,2017-07-23,2018-07-15,2018-07-22 00:00:00+00:00,2018-07-22,2018-10-07,demand-v2-provisional,provisional
US,culinary_gastronomy,train,3671,2017-07-30,2018-07-22,2018-07-29 00:00:00+00:00,2018-07-29,2018-10-14,demand-v2-provisional,provisional
US,culinary_gastronomy,train,3672,2017-08-06,2018-07-29,2018-08-05 00:00:00+00:00,2018-08-05,2018-10-21,demand-v2-provisional,provisional
US,culinary_gastronomy,train,3673,2017-08-13,2018-08-05,2018-08-12 00:00:00+00:00,2018-08-12,2018-10-28,demand-v2-provisional,provisional
US,culinary_gastronomy,train,3674,2017-08-20,2018-08-12,2018-08-19 00:00:00+00:00,2018-08-19,2018-11-04,demand-v2-provisional,provisional
US,culinary_gastronomy,train,3675,2017-08-27,2018-08-19,2018-08-26 00:00:00+00:00,2018-08-26,2018-11-11,demand-v2-provisional,provisional
US,culinary_gastronomy,train,3676,2017-09-03,2018-08-26,2018-09-02 00:00:00+00:00,2018-09-02,2018-11-18,demand-v2-provisional,provisional
US,culinary_gastronomy,train,3677,2017-09-10,2018-09-02,2018-09-09 00:00:00+00:00,2018-09-09,2018-11-25,demand-v2-provisional,provisional
US,culinary_gastronomy,train,3678,2017-09-17,2018-09-09,2018-09-16 00:00:00+00:00,2018-09-16,2018-12-02,demand-v2-provisional,provisional
US,culinary_gastronomy,train,3679,2017-09-24,2018-09-16,2018-09-23 00:00:00+00:00,2018-09-23,2018-12-09,demand-v2-provisional,provisional
US,culinary_gastronomy,train,3680,2017-10-01,2018-09-23,2018-09-30 00:00:00+00:00,2018-09-30,2018-12-16,demand-v2-provisional,provisional
US,culinary_gastronomy,train,3681,2017-10-08,2018-09-30,2018-10-07 00:00:00+00:00,2018-10-07,2018-12-23,demand-v2-provisional,provisional
US,culinary_gastronomy,train,3682,2017-10-15,2018-10-07,2018-10-14 00:00:00+00:00,2018-10-14,2018-12-30,demand-v2-provisional,provisional
US,culinary_gastronomy,train,3683,2017-10-22,2018-10-14,2018-10-21 00:00:00+00:00,2018-10-21,2019-01-06,demand-v2-provisional,provisional
US,culinary_gastronomy,train,3684,2017-10-29,2018-10-21,2018-10-28 00:00:00+00:00,2018-10-28,2019-01-13,demand-v2-provisional,provisional
US,culinary_gastronomy,train,3685,2017-11-05,2018-10-28,2018-11-04 00:00:00+00:00,2018-11-04,2019-01-20,demand-v2-provisional,provisional
US,culinary_gastronomy,train,3686,2017-11-12,2018-11-04,2018-11-11 00:00:00+00:00,2018-11-11,2019-01-27,demand-v2-provisional,provisional
US,culinary_gastronomy,train,3687,2017-11-19,2018-11-11,2018-11-18 00:00:00+00:00,2018-11-18,2019-02-03,demand-v2-provisional,provisional
US,culinary_gastronomy,train,3688,2017-11-26,2018-11-18,2018-11-25 00:00:00+00:00,2018-11-25,2019-02-10,demand-v2-provisional,provisional
US,culinary_gastronomy,train,3689,2017-12-03,2018-11-25,2018-12-02 00:00:00+00:00,2018-12-02,2019-02-17,demand-v2-provisional,provisional
US,culinary_gastronomy,train,3690,2017-12-10,2018-12-02,2018-12-09 00:00:00+00:00,2018-12-09,2019-02-24,demand-v2-provisional,provisional
US,culinary_gastronomy,train,3691,2017-12-17,2018-12-09,2018-12-16 00:00:00+00:00,2018-12-16,2019-03-03,demand-v2-provisional,provisional
US,culinary_gastronomy,train,3692,2017-12-24,2018-12-16,2018-12-23 00:00:00+00:00,2018-12-23,2019-03-10,demand-v2-provisional,provisional
US,culinary_gastronomy,train,3693,2017-12-31,2018-12-23,2018-12-30 00:00:00+00:00,2018-12-30,2019-03-17,demand-v2-provisional,provisional
US,culinary_gastronomy,train,3694,2018-01-07,2018-12-30,2019-01-06 00:00:00+00:00,2019-01-06,2019-03-24,demand-v2-provisional,provisional
US,culinary_gastronomy,train,3695,2018-01-14,2019-01-06,2019-01-13 00:00:00+00:00,2019-01-13,2019-03-31,demand-v2-provisional,provisional
US,culinary_gastronomy,train,3696,2018-01-21,2019-01-13,2019-01-20 00:00:00+00:00,2019-01-20,2019-04-07,demand-v2-provisional,provisional
US,culinary_gastronomy,train,3697,2018-01-28,2019-01-20,2019-01-27 00:00:00+00:00,2019-01-27,2019-04-14,demand-v2-provisional,provisional
US,culinary_gastronomy,train,3698,2018-02-04,2019-01-27,2019-02-03 00:00:00+00:00,2019-02-03,2019-04-21,demand-v2-provisional,provisional
US,culinary_gastronomy,train,3699,2018-02-11,2019-02-03,2019-02-10 00:00:00+00:00,2019-02-10,2019-04-28,demand-v2-provisional,provisional
US,culinary_gastronomy,train,3700,2018-02-18,2019-02-10,2019-02-17 00:00:00+00:00,2019-02-17,2019-05-05,demand-v2-provisional,provisional
US,culinary_gastronomy,train,3701,2018-02-25,2019-02-17,2019-02-24 00:00:00+00:00,2019-02-24,2019-05-12,demand-v2-provisional,provisional
US,culinary_gastronomy,train,3702,2018-03-04,2019-02-24,2019-03-03 00:00:00+00:00,2019-03-03,2019-05-19,demand-v2-provisional,provisional
US,culinary_gastronomy,train,3703,2018-03-11,2019-03-03,2019-03-10 00:00:00+00:00,2019-03-10,2019-05-26,demand-v2-provisional,provisional
US,culinary_gastronomy,train,3704,2018-03-18,2019-03-10,2019-03-17 00:00:00+00:00,2019-03-17,2019-06-02,demand-v2-provisional,provisional
US,culinary_gastronomy,train,3705,2018-03-25,2019-03-17,2019-03-24 00:00:00+00:00,2019-03-24,2019-06-09,demand-v2-provisional,provisional
US,culinary_gastronomy,train,3706,2018-04-01,2019-03-24,2019-03-31 00:00:00+00:00,2019-03-31,2019-06-16,demand-v2-provisional,provisional
US,culinary_gastronomy,train,3707,2018-04-08,2019-03-31,2019-04-07 00:00:00+00:00,2019-04-07,2019-06-23,demand-v2-provisional,provisional
US,culinary_gastronomy,train,3708,2018-04-15,2019-04-07,2019-04-14 00:00:00+00:00,2019-04-14,2019-06-30,demand-v2-provisional,provisional
US,culinary_gastronomy,train,3709,2018-04-22,2019-04-14,2019-04-21 00:00:00+00:00,2019-04-21,2019-07-07,demand-v2-provisional,provisional
US,culinary_gastronomy,train,3710,2018-04-29,2019-04-21,2019-04-28 00:00:00+00:00,2019-04-28,2019-07-14,demand-v2-provisional,provisional
US,culinary_gastronomy,train,3711,2018-05-06,2019-04-28,2019-05-05 00:00:00+00:00,2019-05-05,2019-07-21,demand-v2-provisional,provisional
US,culinary_gastronomy,train,3712,2018-05-13,2019-05-05,2019-05-12 00:00:00+00:00,2019-05-12,2019-07-28,demand-v2-provisional,provisional
US,culinary_gastronomy,train,3713,2018-05-20,2019-05-12,2019-05-19 00:00:00+00:00,2019-05-19,2019-08-04,demand-v2-provisional,provisional
US,culinary_gastronomy,train,3714,2018-05-27,2019-05-19,2019-05-26 00:00:00+00:00,2019-05-26,2019-08-11,demand-v2-provisional,provisional
US,culinary_gastronomy,train,3715,2018-06-03,2019-05-26,2019-06-02 00:00:00+00:00,2019-06-02,2019-08-18,demand-v2-provisional,provisional
US,culinary_gastronomy,train,3716,2018-06-10,2019-06-02,2019-06-09 00:00:00+00:00,2019-06-09,2019-08-25,demand-v2-provisional,provisional
US,culinary_gastronomy,train,3717,2018-06-17,2019-06-09,2019-06-16 00:00:00+00:00,2019-06-16,2019-09-01,demand-v2-provisional,provisional
US,culinary_gastronomy,train,3718,2018-06-24,2019-06-16,2019-06-23 00:00:00+00:00,2019-06-23,2019-09-08,demand-v2-provisional,provisional
US,culinary_gastronomy,train,3719,2018-07-01,2019-06-23,2019-06-30 00:00:00+00:00,2019-06-30,2019-09-15,demand-v2-provisional,provisional
US,culinary_gastronomy,train,3720,2018-07-08,2019-06-30,2019-07-07 00:00:00+00:00,2019-07-07,2019-09-22,demand-v2-provisional,provisional
US,culinary_gastronomy,train,3721,2018-07-15,2019-07-07,2019-07-14 00:00:00+00:00,2019-07-14,2019-09-29,demand-v2-provisional,provisional
US,culinary_gastronomy,train,3722,2018-07-22,2019-07-14,2019-07-21 00:00:00+00:00,2019-07-21,2019-10-06,demand-v2-provisional,provisional
US,culinary_gastronomy,train,3723,2018-07-29,2019-07-21,2019-07-28 00:00:00+00:00,2019-07-28,2019-10-13,demand-v2-provisional,provisional
US,culinary_gastronomy,train,3724,2018-08-05,2019-07-28,2019-08-04 00:00:00+00:00,2019-08-04,2019-10-20,demand-v2-provisional,provisional
US,culinary_gastronomy,train,3725,2018-08-12,2019-08-04,2019-08-11 00:00:00+00:00,2019-08-11,2019-10-27,demand-v2-provisional,provisional
US,culinary_gastronomy,train,3726,2018-08-19,2019-08-11,2019-08-18 00:00:00+00:00,2019-08-18,2019-11-03,demand-v2-provisional,provisional
US,culinary_gastronomy,train,3727,2018-08-26,2019-08-18,2019-08-25 00:00:00+00:00,2019-08-25,2019-11-10,demand-v2-provisional,provisional
US,culinary_gastronomy,train,3728,2018-09-02,2019-08-25,2019-09-01 00:00:00+00:00,2019-09-01,2019-11-17,demand-v2-provisional,provisional
US,culinary_gastronomy,train,3729,2018-09-09,2019-09-01,2019-09-08 00:00:00+00:00,2019-09-08,2019-11-24,demand-v2-provisional,provisional
US,culinary_gastronomy,train,3730,2018-09-16,2019-09-08,2019-09-15 00:00:00+00:00,2019-09-15,2019-12-01,demand-v2-provisional,provisional
US,culinary_gastronomy,train,3731,2018-09-23,2019-09-15,2019-09-22 00:00:00+00:00,2019-09-22,2019-12-08,demand-v2-provisional,provisional
US,culinary_gastronomy,train,3732,2018-09-30,2019-09-22,2019-09-29 00:00:00+00:00,2019-09-29,2019-12-15,demand-v2-provisional,provisional
US,culinary_gastronomy,train,3733,2018-10-07,2019-09-29,2019-10-06 00:00:00+00:00,2019-10-06,2019-12-22,demand-v2-provisional,provisional
US,culinary_gastronomy,train,3734,2023-01-01,2023-12-24,2023-12-31 00:00:00+00:00,2023-12-31,2024-03-17,demand-v2-provisional,provisional
US,culinary_gastronomy,train,3735,2023-01-08,2023-12-31,2024-01-07 00:00:00+00:00,2024-01-07,2024-03-24,demand-v2-provisional,provisional
US,culinary_gastronomy,train,3736,2023-01-15,2024-01-07,2024-01-14 00:00:00+00:00,2024-01-14,2024-03-31,demand-v2-provisional,provisional
US,culinary_gastronomy,train,3737,2023-01-22,2024-01-14,2024-01-21 00:00:00+00:00,2024-01-21,2024-04-07,demand-v2-provisional,provisional
US,culinary_gastronomy,train,3738,2023-01-29,2024-01-21,2024-01-28 00:00:00+00:00,2024-01-28,2024-04-14,demand-v2-provisional,provisional
US,culinary_gastronomy,train,3739,2023-02-05,2024-01-28,2024-02-04 00:00:00+00:00,2024-02-04,2024-04-21,demand-v2-provisional,provisional
US,culinary_gastronomy,train,3740,2023-02-12,2024-02-04,2024-02-11 00:00:00+00:00,2024-02-11,2024-04-28,demand-v2-provisional,provisional
US,culinary_gastronomy,train,3741,2023-02-19,2024-02-11,2024-02-18 00:00:00+00:00,2024-02-18,2024-05-05,demand-v2-provisional,provisional
US,culinary_gastronomy,train,3742,2023-02-26,2024-02-18,2024-02-25 00:00:00+00:00,2024-02-25,2024-05-12,demand-v2-provisional,provisional
US,culinary_gastronomy,train,3743,2023-03-05,2024-02-25,2024-03-03 00:00:00+00:00,2024-03-03,2024-05-19,demand-v2-provisional,provisional
US,culinary_gastronomy,validation,527,2023-05-28,2024-05-19,2024-05-26 00:00:00+00:00,2024-05-26,2024-08-11,demand-v2-provisional,provisional
US,culinary_gastronomy,validation,528,2023-06-04,2024-05-26,2024-06-02 00:00:00+00:00,2024-06-02,2024-08-18,demand-v2-provisional,provisional
US,culinary_gastronomy,validation,529,2023-06-11,2024-06-02,2024-06-09 00:00:00+00:00,2024-06-09,2024-08-25,demand-v2-provisional,provisional
US,culinary_gastronomy,validation,530,2023-06-18,2024-06-09,2024-06-16 00:00:00+00:00,2024-06-16,2024-09-01,demand-v2-provisional,provisional
US,culinary_gastronomy,validation,531,2023-06-25,2024-06-16,2024-06-23 00:00:00+00:00,2024-06-23,2024-09-08,demand-v2-provisional,provisional
US,culinary_gastronomy,validation,532,2023-07-02,2024-06-23,2024-06-30 00:00:00+00:00,2024-06-30,2024-09-15,demand-v2-provisional,provisional
US,culinary_gastronomy,validation,533,2023-07-09,2024-06-30,2024-07-07 00:00:00+00:00,2024-07-07,2024-09-22,demand-v2-provisional,provisional
US,culinary_gastronomy,validation,534,2023-07-16,2024-07-07,2024-07-14 00:00:00+00:00,2024-07-14,2024-09-29,demand-v2-provisional,provisional
US,culinary_gastronomy,validation,535,2023-07-23,2024-07-14,2024-07-21 00:00:00+00:00,2024-07-21,2024-10-06,demand-v2-provisional,provisional
US,culinary_gastronomy,validation,536,2023-07-30,2024-07-21,2024-07-28 00:00:00+00:00,2024-07-28,2024-10-13,demand-v2-provisional,provisional
US,culinary_gastronomy,validation,537,2023-08-06,2024-07-28,2024-08-04 00:00:00+00:00,2024-08-04,2024-10-20,demand-v2-provisional,provisional
US,culinary_gastronomy,validation,538,2023-08-13,2024-08-04,2024-08-11 00:00:00+00:00,2024-08-11,2024-10-27,demand-v2-provisional,provisional
US,culinary_gastronomy,validation,539,2023-08-20,2024-08-11,2024-08-18 00:00:00+00:00,2024-08-18,2024-11-03,demand-v2-provisional,provisional
US,culinary_gastronomy,validation,540,2023-08-27,2024-08-18,2024-08-25 00:00:00+00:00,2024-08-25,2024-11-10,demand-v2-provisional,provisional
US,culinary_gastronomy,validation,541,2023-09-03,2024-08-25,2024-09-01 00:00:00+00:00,2024-09-01,2024-11-17,demand-v2-provisional,provisional
US,culinary_gastronomy,validation,542,2023-09-10,2024-09-01,2024-09-08 00:00:00+00:00,2024-09-08,2024-11-24,demand-v2-provisional,provisional
US,culinary_gastronomy,validation,543,2023-09-17,2024-09-08,2024-09-15 00:00:00+00:00,2024-09-15,2024-12-01,demand-v2-provisional,provisional
US,culinary_gastronomy,validation,544,2023-09-24,2024-09-15,2024-09-22 00:00:00+00:00,2024-09-22,2024-12-08,demand-v2-provisional,provisional
US,culinary_gastronomy,validation,545,2023-10-01,2024-09-22,2024-09-29 00:00:00+00:00,2024-09-29,2024-12-15,demand-v2-provisional,provisional
US,culinary_gastronomy,validation,546,2023-10-08,2024-09-29,2024-10-06 00:00:00+00:00,2024-10-06,2024-12-22,demand-v2-provisional,provisional
US,culinary_gastronomy,validation,547,2023-10-15,2024-10-06,2024-10-13 00:00:00+00:00,2024-10-13,2024-12-29,demand-v2-provisional,provisional
US,culinary_gastronomy,validation,548,2023-10-22,2024-10-13,2024-10-20 00:00:00+00:00,2024-10-20,2025-01-05,demand-v2-provisional,provisional
US,culinary_gastronomy,validation,549,2023-10-29,2024-10-20,2024-10-27 00:00:00+00:00,2024-10-27,2025-01-12,demand-v2-provisional,provisional
US,culinary_gastronomy,validation,550,2023-11-05,2024-10-27,2024-11-03 00:00:00+00:00,2024-11-03,2025-01-19,demand-v2-provisional,provisional
US,culinary_gastronomy,validation,551,2023-11-12,2024-11-03,2024-11-10 00:00:00+00:00,2024-11-10,2025-01-26,demand-v2-provisional,provisional
US,culinary_gastronomy,validation,552,2023-11-19,2024-11-10,2024-11-17 00:00:00+00:00,2024-11-17,2025-02-02,demand-v2-provisional,provisional
US,culinary_gastronomy,validation,553,2023-11-26,2024-11-17,2024-11-24 00:00:00+00:00,2024-11-24,2025-02-09,demand-v2-provisional,provisional
US,culinary_gastronomy,validation,554,2023-12-03,2024-11-24,2024-12-01 00:00:00+00:00,2024-12-01,2025-02-16,demand-v2-provisional,provisional
US,culinary_gastronomy,validation,555,2023-12-10,2024-12-01,2024-12-08 00:00:00+00:00,2024-12-08,2025-02-23,demand-v2-provisional,provisional
US,culinary_gastronomy,validation,556,2023-12-17,2024-12-08,2024-12-15 00:00:00+00:00,2024-12-15,2025-03-02,demand-v2-provisional,provisional
US,culinary_gastronomy,validation,557,2023-12-24,2024-12-15,2024-12-22 00:00:00+00:00,2024-12-22,2025-03-09,demand-v2-provisional,provisional
US,culinary_gastronomy,test,527,2024-03-17,2025-03-09,2025-03-16 00:00:00+00:00,2025-03-16,2025-06-01,demand-v2-provisional,provisional
US,culinary_gastronomy,test,528,2024-03-24,2025-03-16,2025-03-23 00:00:00+00:00,2025-03-23,2025-06-08,demand-v2-provisional,provisional
US,culinary_gastronomy,test,529,2024-03-31,2025-03-23,2025-03-30 00:00:00+00:00,2025-03-30,2025-06-15,demand-v2-provisional,provisional
US,culinary_gastronomy,test,530,2024-04-07,2025-03-30,2025-04-06 00:00:00+00:00,2025-04-06,2025-06-22,demand-v2-provisional,provisional
US,culinary_gastronomy,test,531,2024-04-14,2025-04-06,2025-04-13 00:00:00+00:00,2025-04-13,2025-06-29,demand-v2-provisional,provisional
US,culinary_gastronomy,test,532,2024-04-21,2025-04-13,2025-04-20 00:00:00+00:00,2025-04-20,2025-07-06,demand-v2-provisional,provisional
US,culinary_gastronomy,test,533,2024-04-28,2025-04-20,2025-04-27 00:00:00+00:00,2025-04-27,2025-07-13,demand-v2-provisional,provisional
US,culinary_gastronomy,test,534,2024-05-05,2025-04-27,2025-05-04 00:00:00+00:00,2025-05-04,2025-07-20,demand-v2-provisional,provisional
US,culinary_gastronomy,test,535,2024-05-12,2025-05-04,2025-05-11 00:00:00+00:00,2025-05-11,2025-07-27,demand-v2-provisional,provisional
US,culinary_gastronomy,test,536,2024-05-19,2025-05-11,2025-05-18 00:00:00+00:00,2025-05-18,2025-08-03,demand-v2-provisional,provisional
US,culinary_gastronomy,test,537,2024-05-26,2025-05-18,2025-05-25 00:00:00+00:00,2025-05-25,2025-08-10,demand-v2-provisional,provisional
US,culinary_gastronomy,test,538,2024-06-02,2025-05-25,2025-06-01 00:00:00+00:00,2025-06-01,2025-08-17,demand-v2-provisional,provisional
US,culinary_gastronomy,test,539,2024-06-09,2025-06-01,2025-06-08 00:00:00+00:00,2025-06-08,2025-08-24,demand-v2-provisional,provisional
US,culinary_gastronomy,test,540,2024-06-16,2025-06-08,2025-06-15 00:00:00+00:00,2025-06-15,2025-08-31,demand-v2-provisional,provisional
US,culinary_gastronomy,test,541,2024-06-23,2025-06-15,2025-06-22 00:00:00+00:00,2025-06-22,2025-09-07,demand-v2-provisional,provisional
US,culinary_gastronomy,test,542,2024-06-30,2025-06-22,2025-06-29 00:00:00+00:00,2025-06-29,2025-09-14,demand-v2-provisional,provisional
US,culinary_gastronomy,test,543,2024-07-07,2025-06-29,2025-07-06 00:00:00+00:00,2025-07-06,2025-09-21,demand-v2-provisional,provisional
US,culinary_gastronomy,test,544,2024-07-14,2025-07-06,2025-07-13 00:00:00+00:00,2025-07-13,2025-09-28,demand-v2-provisional,provisional
US,culinary_gastronomy,test,545,2024-07-21,2025-07-13,2025-07-20 00:00:00+00:00,2025-07-20,2025-10-05,demand-v2-provisional,provisional
US,culinary_gastronomy,test,546,2024-07-28,2025-07-20,2025-07-27 00:00:00+00:00,2025-07-27,2025-10-12,demand-v2-provisional,provisional
US,culinary_gastronomy,test,547,2024-08-04,2025-07-27,2025-08-03 00:00:00+00:00,2025-08-03,2025-10-19,demand-v2-provisional,provisional
US,culinary_gastronomy,test,548,2024-08-11,2025-08-03,2025-08-10 00:00:00+00:00,2025-08-10,2025-10-26,demand-v2-provisional,provisional
US,culinary_gastronomy,test,549,2024-08-18,2025-08-10,2025-08-17 00:00:00+00:00,2025-08-17,2025-11-02,demand-v2-provisional,provisional
US,culinary_gastronomy,test,550,2024-08-25,2025-08-17,2025-08-24 00:00:00+00:00,2025-08-24,2025-11-09,demand-v2-provisional,provisional
US,culinary_gastronomy,test,551,2024-09-01,2025-08-24,2025-08-31 00:00:00+00:00,2025-08-31,2025-11-16,demand-v2-provisional,provisional
US,culinary_gastronomy,test,552,2024-09-08,2025-08-31,2025-09-07 00:00:00+00:00,2025-09-07,2025-11-23,demand-v2-provisional,provisional
US,culinary_gastronomy,test,553,2024-09-15,2025-09-07,2025-09-14 00:00:00+00:00,2025-09-14,2025-11-30,demand-v2-provisional,provisional
US,culinary_gastronomy,test,554,2024-09-22,2025-09-14,2025-09-21 00:00:00+00:00,2025-09-21,2025-12-07,demand-v2-provisional,provisional
US,culinary_gastronomy,test,555,2024-09-29,2025-09-21,2025-09-28 00:00:00+00:00,2025-09-28,2025-12-14,demand-v2-provisional,provisional
US,culinary_gastronomy,test,556,2024-10-06,2025-09-28,2025-10-05 00:00:00+00:00,2025-10-05,2025-12-21,demand-v2-provisional,provisional
US,culinary_gastronomy,test,557,2024-10-13,2025-10-05,2025-10-12 00:00:00+00:00,2025-10-12,2025-12-28,demand-v2-provisional,provisional
US,cultural_heritage,train,3744,2014-12-28,2015-12-20,2015-12-27 00:00:00+00:00,2015-12-27,2016-03-13,demand-v2-provisional,provisional
US,cultural_heritage,train,3745,2015-01-04,2015-12-27,2016-01-03 00:00:00+00:00,2016-01-03,2016-03-20,demand-v2-provisional,provisional
US,cultural_heritage,train,3746,2015-01-11,2016-01-03,2016-01-10 00:00:00+00:00,2016-01-10,2016-03-27,demand-v2-provisional,provisional
US,cultural_heritage,train,3747,2015-01-18,2016-01-10,2016-01-17 00:00:00+00:00,2016-01-17,2016-04-03,demand-v2-provisional,provisional
US,cultural_heritage,train,3748,2015-01-25,2016-01-17,2016-01-24 00:00:00+00:00,2016-01-24,2016-04-10,demand-v2-provisional,provisional
US,cultural_heritage,train,3749,2015-02-01,2016-01-24,2016-01-31 00:00:00+00:00,2016-01-31,2016-04-17,demand-v2-provisional,provisional
US,cultural_heritage,train,3750,2015-02-08,2016-01-31,2016-02-07 00:00:00+00:00,2016-02-07,2016-04-24,demand-v2-provisional,provisional
US,cultural_heritage,train,3751,2015-02-15,2016-02-07,2016-02-14 00:00:00+00:00,2016-02-14,2016-05-01,demand-v2-provisional,provisional
US,cultural_heritage,train,3752,2015-02-22,2016-02-14,2016-02-21 00:00:00+00:00,2016-02-21,2016-05-08,demand-v2-provisional,provisional
US,cultural_heritage,train,3753,2015-03-01,2016-02-21,2016-02-28 00:00:00+00:00,2016-02-28,2016-05-15,demand-v2-provisional,provisional
US,cultural_heritage,train,3754,2015-03-08,2016-02-28,2016-03-06 00:00:00+00:00,2016-03-06,2016-05-22,demand-v2-provisional,provisional
US,cultural_heritage,train,3755,2015-03-15,2016-03-06,2016-03-13 00:00:00+00:00,2016-03-13,2016-05-29,demand-v2-provisional,provisional
US,cultural_heritage,train,3756,2015-03-22,2016-03-13,2016-03-20 00:00:00+00:00,2016-03-20,2016-06-05,demand-v2-provisional,provisional
US,cultural_heritage,train,3757,2015-03-29,2016-03-20,2016-03-27 00:00:00+00:00,2016-03-27,2016-06-12,demand-v2-provisional,provisional
US,cultural_heritage,train,3758,2015-04-05,2016-03-27,2016-04-03 00:00:00+00:00,2016-04-03,2016-06-19,demand-v2-provisional,provisional
US,cultural_heritage,train,3759,2015-04-12,2016-04-03,2016-04-10 00:00:00+00:00,2016-04-10,2016-06-26,demand-v2-provisional,provisional
US,cultural_heritage,train,3760,2015-04-19,2016-04-10,2016-04-17 00:00:00+00:00,2016-04-17,2016-07-03,demand-v2-provisional,provisional
US,cultural_heritage,train,3761,2015-04-26,2016-04-17,2016-04-24 00:00:00+00:00,2016-04-24,2016-07-10,demand-v2-provisional,provisional
US,cultural_heritage,train,3762,2015-05-03,2016-04-24,2016-05-01 00:00:00+00:00,2016-05-01,2016-07-17,demand-v2-provisional,provisional
US,cultural_heritage,train,3763,2015-05-10,2016-05-01,2016-05-08 00:00:00+00:00,2016-05-08,2016-07-24,demand-v2-provisional,provisional
US,cultural_heritage,train,3764,2015-05-17,2016-05-08,2016-05-15 00:00:00+00:00,2016-05-15,2016-07-31,demand-v2-provisional,provisional
US,cultural_heritage,train,3765,2015-05-24,2016-05-15,2016-05-22 00:00:00+00:00,2016-05-22,2016-08-07,demand-v2-provisional,provisional
US,cultural_heritage,train,3766,2015-05-31,2016-05-22,2016-05-29 00:00:00+00:00,2016-05-29,2016-08-14,demand-v2-provisional,provisional
US,cultural_heritage,train,3767,2015-06-07,2016-05-29,2016-06-05 00:00:00+00:00,2016-06-05,2016-08-21,demand-v2-provisional,provisional
US,cultural_heritage,train,3768,2015-06-14,2016-06-05,2016-06-12 00:00:00+00:00,2016-06-12,2016-08-28,demand-v2-provisional,provisional
US,cultural_heritage,train,3769,2015-06-21,2016-06-12,2016-06-19 00:00:00+00:00,2016-06-19,2016-09-04,demand-v2-provisional,provisional
US,cultural_heritage,train,3770,2015-06-28,2016-06-19,2016-06-26 00:00:00+00:00,2016-06-26,2016-09-11,demand-v2-provisional,provisional
US,cultural_heritage,train,3771,2015-07-05,2016-06-26,2016-07-03 00:00:00+00:00,2016-07-03,2016-09-18,demand-v2-provisional,provisional
US,cultural_heritage,train,3772,2015-07-12,2016-07-03,2016-07-10 00:00:00+00:00,2016-07-10,2016-09-25,demand-v2-provisional,provisional
US,cultural_heritage,train,3773,2015-07-19,2016-07-10,2016-07-17 00:00:00+00:00,2016-07-17,2016-10-02,demand-v2-provisional,provisional
US,cultural_heritage,train,3774,2015-07-26,2016-07-17,2016-07-24 00:00:00+00:00,2016-07-24,2016-10-09,demand-v2-provisional,provisional
US,cultural_heritage,train,3775,2015-08-02,2016-07-24,2016-07-31 00:00:00+00:00,2016-07-31,2016-10-16,demand-v2-provisional,provisional
US,cultural_heritage,train,3776,2015-08-09,2016-07-31,2016-08-07 00:00:00+00:00,2016-08-07,2016-10-23,demand-v2-provisional,provisional
US,cultural_heritage,train,3777,2015-08-16,2016-08-07,2016-08-14 00:00:00+00:00,2016-08-14,2016-10-30,demand-v2-provisional,provisional
US,cultural_heritage,train,3778,2015-08-23,2016-08-14,2016-08-21 00:00:00+00:00,2016-08-21,2016-11-06,demand-v2-provisional,provisional
US,cultural_heritage,train,3779,2015-08-30,2016-08-21,2016-08-28 00:00:00+00:00,2016-08-28,2016-11-13,demand-v2-provisional,provisional
US,cultural_heritage,train,3780,2015-09-06,2016-08-28,2016-09-04 00:00:00+00:00,2016-09-04,2016-11-20,demand-v2-provisional,provisional
US,cultural_heritage,train,3781,2015-09-13,2016-09-04,2016-09-11 00:00:00+00:00,2016-09-11,2016-11-27,demand-v2-provisional,provisional
US,cultural_heritage,train,3782,2015-09-20,2016-09-11,2016-09-18 00:00:00+00:00,2016-09-18,2016-12-04,demand-v2-provisional,provisional
US,cultural_heritage,train,3783,2015-09-27,2016-09-18,2016-09-25 00:00:00+00:00,2016-09-25,2016-12-11,demand-v2-provisional,provisional
US,cultural_heritage,train,3784,2015-10-04,2016-09-25,2016-10-02 00:00:00+00:00,2016-10-02,2016-12-18,demand-v2-provisional,provisional
US,cultural_heritage,train,3785,2015-10-11,2016-10-02,2016-10-09 00:00:00+00:00,2016-10-09,2016-12-25,demand-v2-provisional,provisional
US,cultural_heritage,train,3786,2015-10-18,2016-10-09,2016-10-16 00:00:00+00:00,2016-10-16,2017-01-01,demand-v2-provisional,provisional
US,cultural_heritage,train,3787,2015-10-25,2016-10-16,2016-10-23 00:00:00+00:00,2016-10-23,2017-01-08,demand-v2-provisional,provisional
US,cultural_heritage,train,3788,2015-11-01,2016-10-23,2016-10-30 00:00:00+00:00,2016-10-30,2017-01-15,demand-v2-provisional,provisional
US,cultural_heritage,train,3789,2015-11-08,2016-10-30,2016-11-06 00:00:00+00:00,2016-11-06,2017-01-22,demand-v2-provisional,provisional
US,cultural_heritage,train,3790,2015-11-15,2016-11-06,2016-11-13 00:00:00+00:00,2016-11-13,2017-01-29,demand-v2-provisional,provisional
US,cultural_heritage,train,3791,2015-11-22,2016-11-13,2016-11-20 00:00:00+00:00,2016-11-20,2017-02-05,demand-v2-provisional,provisional
US,cultural_heritage,train,3792,2015-11-29,2016-11-20,2016-11-27 00:00:00+00:00,2016-11-27,2017-02-12,demand-v2-provisional,provisional
US,cultural_heritage,train,3793,2015-12-06,2016-11-27,2016-12-04 00:00:00+00:00,2016-12-04,2017-02-19,demand-v2-provisional,provisional
US,cultural_heritage,train,3794,2015-12-13,2016-12-04,2016-12-11 00:00:00+00:00,2016-12-11,2017-02-26,demand-v2-provisional,provisional
US,cultural_heritage,train,3795,2015-12-20,2016-12-11,2016-12-18 00:00:00+00:00,2016-12-18,2017-03-05,demand-v2-provisional,provisional
US,cultural_heritage,train,3796,2015-12-27,2016-12-18,2016-12-25 00:00:00+00:00,2016-12-25,2017-03-12,demand-v2-provisional,provisional
US,cultural_heritage,train,3797,2016-01-03,2016-12-25,2017-01-01 00:00:00+00:00,2017-01-01,2017-03-19,demand-v2-provisional,provisional
US,cultural_heritage,train,3798,2016-01-10,2017-01-01,2017-01-08 00:00:00+00:00,2017-01-08,2017-03-26,demand-v2-provisional,provisional
US,cultural_heritage,train,3799,2016-01-17,2017-01-08,2017-01-15 00:00:00+00:00,2017-01-15,2017-04-02,demand-v2-provisional,provisional
US,cultural_heritage,train,3800,2016-01-24,2017-01-15,2017-01-22 00:00:00+00:00,2017-01-22,2017-04-09,demand-v2-provisional,provisional
US,cultural_heritage,train,3801,2016-01-31,2017-01-22,2017-01-29 00:00:00+00:00,2017-01-29,2017-04-16,demand-v2-provisional,provisional
US,cultural_heritage,train,3802,2016-02-07,2017-01-29,2017-02-05 00:00:00+00:00,2017-02-05,2017-04-23,demand-v2-provisional,provisional
US,cultural_heritage,train,3803,2016-02-14,2017-02-05,2017-02-12 00:00:00+00:00,2017-02-12,2017-04-30,demand-v2-provisional,provisional
US,cultural_heritage,train,3804,2016-02-21,2017-02-12,2017-02-19 00:00:00+00:00,2017-02-19,2017-05-07,demand-v2-provisional,provisional
US,cultural_heritage,train,3805,2016-02-28,2017-02-19,2017-02-26 00:00:00+00:00,2017-02-26,2017-05-14,demand-v2-provisional,provisional
US,cultural_heritage,train,3806,2016-03-06,2017-02-26,2017-03-05 00:00:00+00:00,2017-03-05,2017-05-21,demand-v2-provisional,provisional
US,cultural_heritage,train,3807,2016-03-13,2017-03-05,2017-03-12 00:00:00+00:00,2017-03-12,2017-05-28,demand-v2-provisional,provisional
US,cultural_heritage,train,3808,2016-03-20,2017-03-12,2017-03-19 00:00:00+00:00,2017-03-19,2017-06-04,demand-v2-provisional,provisional
US,cultural_heritage,train,3809,2016-03-27,2017-03-19,2017-03-26 00:00:00+00:00,2017-03-26,2017-06-11,demand-v2-provisional,provisional
US,cultural_heritage,train,3810,2016-04-03,2017-03-26,2017-04-02 00:00:00+00:00,2017-04-02,2017-06-18,demand-v2-provisional,provisional
US,cultural_heritage,train,3811,2016-04-10,2017-04-02,2017-04-09 00:00:00+00:00,2017-04-09,2017-06-25,demand-v2-provisional,provisional
US,cultural_heritage,train,3812,2016-04-17,2017-04-09,2017-04-16 00:00:00+00:00,2017-04-16,2017-07-02,demand-v2-provisional,provisional
US,cultural_heritage,train,3813,2016-04-24,2017-04-16,2017-04-23 00:00:00+00:00,2017-04-23,2017-07-09,demand-v2-provisional,provisional
US,cultural_heritage,train,3814,2016-05-01,2017-04-23,2017-04-30 00:00:00+00:00,2017-04-30,2017-07-16,demand-v2-provisional,provisional
US,cultural_heritage,train,3815,2016-05-08,2017-04-30,2017-05-07 00:00:00+00:00,2017-05-07,2017-07-23,demand-v2-provisional,provisional
US,cultural_heritage,train,3816,2016-05-15,2017-05-07,2017-05-14 00:00:00+00:00,2017-05-14,2017-07-30,demand-v2-provisional,provisional
US,cultural_heritage,train,3817,2016-05-22,2017-05-14,2017-05-21 00:00:00+00:00,2017-05-21,2017-08-06,demand-v2-provisional,provisional
US,cultural_heritage,train,3818,2016-05-29,2017-05-21,2017-05-28 00:00:00+00:00,2017-05-28,2017-08-13,demand-v2-provisional,provisional
US,cultural_heritage,train,3819,2016-06-05,2017-05-28,2017-06-04 00:00:00+00:00,2017-06-04,2017-08-20,demand-v2-provisional,provisional
US,cultural_heritage,train,3820,2016-06-12,2017-06-04,2017-06-11 00:00:00+00:00,2017-06-11,2017-08-27,demand-v2-provisional,provisional
US,cultural_heritage,train,3821,2016-06-19,2017-06-11,2017-06-18 00:00:00+00:00,2017-06-18,2017-09-03,demand-v2-provisional,provisional
US,cultural_heritage,train,3822,2016-06-26,2017-06-18,2017-06-25 00:00:00+00:00,2017-06-25,2017-09-10,demand-v2-provisional,provisional
US,cultural_heritage,train,3823,2016-07-03,2017-06-25,2017-07-02 00:00:00+00:00,2017-07-02,2017-09-17,demand-v2-provisional,provisional
US,cultural_heritage,train,3824,2016-07-10,2017-07-02,2017-07-09 00:00:00+00:00,2017-07-09,2017-09-24,demand-v2-provisional,provisional
US,cultural_heritage,train,3825,2016-07-17,2017-07-09,2017-07-16 00:00:00+00:00,2017-07-16,2017-10-01,demand-v2-provisional,provisional
US,cultural_heritage,train,3826,2016-07-24,2017-07-16,2017-07-23 00:00:00+00:00,2017-07-23,2017-10-08,demand-v2-provisional,provisional
US,cultural_heritage,train,3827,2016-07-31,2017-07-23,2017-07-30 00:00:00+00:00,2017-07-30,2017-10-15,demand-v2-provisional,provisional
US,cultural_heritage,train,3828,2016-08-07,2017-07-30,2017-08-06 00:00:00+00:00,2017-08-06,2017-10-22,demand-v2-provisional,provisional
US,cultural_heritage,train,3829,2016-08-14,2017-08-06,2017-08-13 00:00:00+00:00,2017-08-13,2017-10-29,demand-v2-provisional,provisional
US,cultural_heritage,train,3830,2016-08-21,2017-08-13,2017-08-20 00:00:00+00:00,2017-08-20,2017-11-05,demand-v2-provisional,provisional
US,cultural_heritage,train,3831,2016-08-28,2017-08-20,2017-08-27 00:00:00+00:00,2017-08-27,2017-11-12,demand-v2-provisional,provisional
US,cultural_heritage,train,3832,2016-09-04,2017-08-27,2017-09-03 00:00:00+00:00,2017-09-03,2017-11-19,demand-v2-provisional,provisional
US,cultural_heritage,train,3833,2016-09-11,2017-09-03,2017-09-10 00:00:00+00:00,2017-09-10,2017-11-26,demand-v2-provisional,provisional
US,cultural_heritage,train,3834,2016-09-18,2017-09-10,2017-09-17 00:00:00+00:00,2017-09-17,2017-12-03,demand-v2-provisional,provisional
US,cultural_heritage,train,3835,2016-09-25,2017-09-17,2017-09-24 00:00:00+00:00,2017-09-24,2017-12-10,demand-v2-provisional,provisional
US,cultural_heritage,train,3836,2016-10-02,2017-09-24,2017-10-01 00:00:00+00:00,2017-10-01,2017-12-17,demand-v2-provisional,provisional
US,cultural_heritage,train,3837,2016-10-09,2017-10-01,2017-10-08 00:00:00+00:00,2017-10-08,2017-12-24,demand-v2-provisional,provisional
US,cultural_heritage,train,3838,2016-10-16,2017-10-08,2017-10-15 00:00:00+00:00,2017-10-15,2017-12-31,demand-v2-provisional,provisional
US,cultural_heritage,train,3839,2016-10-23,2017-10-15,2017-10-22 00:00:00+00:00,2017-10-22,2018-01-07,demand-v2-provisional,provisional
US,cultural_heritage,train,3840,2016-10-30,2017-10-22,2017-10-29 00:00:00+00:00,2017-10-29,2018-01-14,demand-v2-provisional,provisional
US,cultural_heritage,train,3841,2016-11-06,2017-10-29,2017-11-05 00:00:00+00:00,2017-11-05,2018-01-21,demand-v2-provisional,provisional
US,cultural_heritage,train,3842,2016-11-13,2017-11-05,2017-11-12 00:00:00+00:00,2017-11-12,2018-01-28,demand-v2-provisional,provisional
US,cultural_heritage,train,3843,2016-11-20,2017-11-12,2017-11-19 00:00:00+00:00,2017-11-19,2018-02-04,demand-v2-provisional,provisional
US,cultural_heritage,train,3844,2016-11-27,2017-11-19,2017-11-26 00:00:00+00:00,2017-11-26,2018-02-11,demand-v2-provisional,provisional
US,cultural_heritage,train,3845,2016-12-04,2017-11-26,2017-12-03 00:00:00+00:00,2017-12-03,2018-02-18,demand-v2-provisional,provisional
US,cultural_heritage,train,3846,2016-12-11,2017-12-03,2017-12-10 00:00:00+00:00,2017-12-10,2018-02-25,demand-v2-provisional,provisional
US,cultural_heritage,train,3847,2016-12-18,2017-12-10,2017-12-17 00:00:00+00:00,2017-12-17,2018-03-04,demand-v2-provisional,provisional
US,cultural_heritage,train,3848,2016-12-25,2017-12-17,2017-12-24 00:00:00+00:00,2017-12-24,2018-03-11,demand-v2-provisional,provisional
US,cultural_heritage,train,3849,2017-01-01,2017-12-24,2017-12-31 00:00:00+00:00,2017-12-31,2018-03-18,demand-v2-provisional,provisional
US,cultural_heritage,train,3850,2017-01-08,2017-12-31,2018-01-07 00:00:00+00:00,2018-01-07,2018-03-25,demand-v2-provisional,provisional
US,cultural_heritage,train,3851,2017-01-15,2018-01-07,2018-01-14 00:00:00+00:00,2018-01-14,2018-04-01,demand-v2-provisional,provisional
US,cultural_heritage,train,3852,2017-01-22,2018-01-14,2018-01-21 00:00:00+00:00,2018-01-21,2018-04-08,demand-v2-provisional,provisional
US,cultural_heritage,train,3853,2017-01-29,2018-01-21,2018-01-28 00:00:00+00:00,2018-01-28,2018-04-15,demand-v2-provisional,provisional
US,cultural_heritage,train,3854,2017-02-05,2018-01-28,2018-02-04 00:00:00+00:00,2018-02-04,2018-04-22,demand-v2-provisional,provisional
US,cultural_heritage,train,3855,2017-02-12,2018-02-04,2018-02-11 00:00:00+00:00,2018-02-11,2018-04-29,demand-v2-provisional,provisional
US,cultural_heritage,train,3856,2017-02-19,2018-02-11,2018-02-18 00:00:00+00:00,2018-02-18,2018-05-06,demand-v2-provisional,provisional
US,cultural_heritage,train,3857,2017-02-26,2018-02-18,2018-02-25 00:00:00+00:00,2018-02-25,2018-05-13,demand-v2-provisional,provisional
US,cultural_heritage,train,3858,2017-03-05,2018-02-25,2018-03-04 00:00:00+00:00,2018-03-04,2018-05-20,demand-v2-provisional,provisional
US,cultural_heritage,train,3859,2017-03-12,2018-03-04,2018-03-11 00:00:00+00:00,2018-03-11,2018-05-27,demand-v2-provisional,provisional
US,cultural_heritage,train,3860,2017-03-19,2018-03-11,2018-03-18 00:00:00+00:00,2018-03-18,2018-06-03,demand-v2-provisional,provisional
US,cultural_heritage,train,3861,2017-03-26,2018-03-18,2018-03-25 00:00:00+00:00,2018-03-25,2018-06-10,demand-v2-provisional,provisional
US,cultural_heritage,train,3862,2017-04-02,2018-03-25,2018-04-01 00:00:00+00:00,2018-04-01,2018-06-17,demand-v2-provisional,provisional
US,cultural_heritage,train,3863,2017-04-09,2018-04-01,2018-04-08 00:00:00+00:00,2018-04-08,2018-06-24,demand-v2-provisional,provisional
US,cultural_heritage,train,3864,2017-04-16,2018-04-08,2018-04-15 00:00:00+00:00,2018-04-15,2018-07-01,demand-v2-provisional,provisional
US,cultural_heritage,train,3865,2017-04-23,2018-04-15,2018-04-22 00:00:00+00:00,2018-04-22,2018-07-08,demand-v2-provisional,provisional
US,cultural_heritage,train,3866,2017-04-30,2018-04-22,2018-04-29 00:00:00+00:00,2018-04-29,2018-07-15,demand-v2-provisional,provisional
US,cultural_heritage,train,3867,2017-05-07,2018-04-29,2018-05-06 00:00:00+00:00,2018-05-06,2018-07-22,demand-v2-provisional,provisional
US,cultural_heritage,train,3868,2017-05-14,2018-05-06,2018-05-13 00:00:00+00:00,2018-05-13,2018-07-29,demand-v2-provisional,provisional
US,cultural_heritage,train,3869,2017-05-21,2018-05-13,2018-05-20 00:00:00+00:00,2018-05-20,2018-08-05,demand-v2-provisional,provisional
US,cultural_heritage,train,3870,2017-05-28,2018-05-20,2018-05-27 00:00:00+00:00,2018-05-27,2018-08-12,demand-v2-provisional,provisional
US,cultural_heritage,train,3871,2017-06-04,2018-05-27,2018-06-03 00:00:00+00:00,2018-06-03,2018-08-19,demand-v2-provisional,provisional
US,cultural_heritage,train,3872,2017-06-11,2018-06-03,2018-06-10 00:00:00+00:00,2018-06-10,2018-08-26,demand-v2-provisional,provisional
US,cultural_heritage,train,3873,2017-06-18,2018-06-10,2018-06-17 00:00:00+00:00,2018-06-17,2018-09-02,demand-v2-provisional,provisional
US,cultural_heritage,train,3874,2017-06-25,2018-06-17,2018-06-24 00:00:00+00:00,2018-06-24,2018-09-09,demand-v2-provisional,provisional
US,cultural_heritage,train,3875,2017-07-02,2018-06-24,2018-07-01 00:00:00+00:00,2018-07-01,2018-09-16,demand-v2-provisional,provisional
US,cultural_heritage,train,3876,2017-07-09,2018-07-01,2018-07-08 00:00:00+00:00,2018-07-08,2018-09-23,demand-v2-provisional,provisional
US,cultural_heritage,train,3877,2017-07-16,2018-07-08,2018-07-15 00:00:00+00:00,2018-07-15,2018-09-30,demand-v2-provisional,provisional
US,cultural_heritage,train,3878,2017-07-23,2018-07-15,2018-07-22 00:00:00+00:00,2018-07-22,2018-10-07,demand-v2-provisional,provisional
US,cultural_heritage,train,3879,2017-07-30,2018-07-22,2018-07-29 00:00:00+00:00,2018-07-29,2018-10-14,demand-v2-provisional,provisional
US,cultural_heritage,train,3880,2017-08-06,2018-07-29,2018-08-05 00:00:00+00:00,2018-08-05,2018-10-21,demand-v2-provisional,provisional
US,cultural_heritage,train,3881,2017-08-13,2018-08-05,2018-08-12 00:00:00+00:00,2018-08-12,2018-10-28,demand-v2-provisional,provisional
US,cultural_heritage,train,3882,2017-08-20,2018-08-12,2018-08-19 00:00:00+00:00,2018-08-19,2018-11-04,demand-v2-provisional,provisional
US,cultural_heritage,train,3883,2017-08-27,2018-08-19,2018-08-26 00:00:00+00:00,2018-08-26,2018-11-11,demand-v2-provisional,provisional
US,cultural_heritage,train,3884,2017-09-03,2018-08-26,2018-09-02 00:00:00+00:00,2018-09-02,2018-11-18,demand-v2-provisional,provisional
US,cultural_heritage,train,3885,2017-09-10,2018-09-02,2018-09-09 00:00:00+00:00,2018-09-09,2018-11-25,demand-v2-provisional,provisional
US,cultural_heritage,train,3886,2017-09-17,2018-09-09,2018-09-16 00:00:00+00:00,2018-09-16,2018-12-02,demand-v2-provisional,provisional
US,cultural_heritage,train,3887,2017-09-24,2018-09-16,2018-09-23 00:00:00+00:00,2018-09-23,2018-12-09,demand-v2-provisional,provisional
US,cultural_heritage,train,3888,2017-10-01,2018-09-23,2018-09-30 00:00:00+00:00,2018-09-30,2018-12-16,demand-v2-provisional,provisional
US,cultural_heritage,train,3889,2017-10-08,2018-09-30,2018-10-07 00:00:00+00:00,2018-10-07,2018-12-23,demand-v2-provisional,provisional
US,cultural_heritage,train,3890,2017-10-15,2018-10-07,2018-10-14 00:00:00+00:00,2018-10-14,2018-12-30,demand-v2-provisional,provisional
US,cultural_heritage,train,3891,2017-10-22,2018-10-14,2018-10-21 00:00:00+00:00,2018-10-21,2019-01-06,demand-v2-provisional,provisional
US,cultural_heritage,train,3892,2017-10-29,2018-10-21,2018-10-28 00:00:00+00:00,2018-10-28,2019-01-13,demand-v2-provisional,provisional
US,cultural_heritage,train,3893,2017-11-05,2018-10-28,2018-11-04 00:00:00+00:00,2018-11-04,2019-01-20,demand-v2-provisional,provisional
US,cultural_heritage,train,3894,2017-11-12,2018-11-04,2018-11-11 00:00:00+00:00,2018-11-11,2019-01-27,demand-v2-provisional,provisional
US,cultural_heritage,train,3895,2017-11-19,2018-11-11,2018-11-18 00:00:00+00:00,2018-11-18,2019-02-03,demand-v2-provisional,provisional
US,cultural_heritage,train,3896,2017-11-26,2018-11-18,2018-11-25 00:00:00+00:00,2018-11-25,2019-02-10,demand-v2-provisional,provisional
US,cultural_heritage,train,3897,2017-12-03,2018-11-25,2018-12-02 00:00:00+00:00,2018-12-02,2019-02-17,demand-v2-provisional,provisional
US,cultural_heritage,train,3898,2017-12-10,2018-12-02,2018-12-09 00:00:00+00:00,2018-12-09,2019-02-24,demand-v2-provisional,provisional
US,cultural_heritage,train,3899,2017-12-17,2018-12-09,2018-12-16 00:00:00+00:00,2018-12-16,2019-03-03,demand-v2-provisional,provisional
US,cultural_heritage,train,3900,2017-12-24,2018-12-16,2018-12-23 00:00:00+00:00,2018-12-23,2019-03-10,demand-v2-provisional,provisional
US,cultural_heritage,train,3901,2017-12-31,2018-12-23,2018-12-30 00:00:00+00:00,2018-12-30,2019-03-17,demand-v2-provisional,provisional
US,cultural_heritage,train,3902,2018-01-07,2018-12-30,2019-01-06 00:00:00+00:00,2019-01-06,2019-03-24,demand-v2-provisional,provisional
US,cultural_heritage,train,3903,2018-01-14,2019-01-06,2019-01-13 00:00:00+00:00,2019-01-13,2019-03-31,demand-v2-provisional,provisional
US,cultural_heritage,train,3904,2018-01-21,2019-01-13,2019-01-20 00:00:00+00:00,2019-01-20,2019-04-07,demand-v2-provisional,provisional
US,cultural_heritage,train,3905,2018-01-28,2019-01-20,2019-01-27 00:00:00+00:00,2019-01-27,2019-04-14,demand-v2-provisional,provisional
US,cultural_heritage,train,3906,2018-02-04,2019-01-27,2019-02-03 00:00:00+00:00,2019-02-03,2019-04-21,demand-v2-provisional,provisional
US,cultural_heritage,train,3907,2018-02-11,2019-02-03,2019-02-10 00:00:00+00:00,2019-02-10,2019-04-28,demand-v2-provisional,provisional
US,cultural_heritage,train,3908,2018-02-18,2019-02-10,2019-02-17 00:00:00+00:00,2019-02-17,2019-05-05,demand-v2-provisional,provisional
US,cultural_heritage,train,3909,2018-02-25,2019-02-17,2019-02-24 00:00:00+00:00,2019-02-24,2019-05-12,demand-v2-provisional,provisional
US,cultural_heritage,train,3910,2018-03-04,2019-02-24,2019-03-03 00:00:00+00:00,2019-03-03,2019-05-19,demand-v2-provisional,provisional
US,cultural_heritage,train,3911,2018-03-11,2019-03-03,2019-03-10 00:00:00+00:00,2019-03-10,2019-05-26,demand-v2-provisional,provisional
US,cultural_heritage,train,3912,2018-03-18,2019-03-10,2019-03-17 00:00:00+00:00,2019-03-17,2019-06-02,demand-v2-provisional,provisional
US,cultural_heritage,train,3913,2018-03-25,2019-03-17,2019-03-24 00:00:00+00:00,2019-03-24,2019-06-09,demand-v2-provisional,provisional
US,cultural_heritage,train,3914,2018-04-01,2019-03-24,2019-03-31 00:00:00+00:00,2019-03-31,2019-06-16,demand-v2-provisional,provisional
US,cultural_heritage,train,3915,2018-04-08,2019-03-31,2019-04-07 00:00:00+00:00,2019-04-07,2019-06-23,demand-v2-provisional,provisional
US,cultural_heritage,train,3916,2018-04-15,2019-04-07,2019-04-14 00:00:00+00:00,2019-04-14,2019-06-30,demand-v2-provisional,provisional
US,cultural_heritage,train,3917,2018-04-22,2019-04-14,2019-04-21 00:00:00+00:00,2019-04-21,2019-07-07,demand-v2-provisional,provisional
US,cultural_heritage,train,3918,2018-04-29,2019-04-21,2019-04-28 00:00:00+00:00,2019-04-28,2019-07-14,demand-v2-provisional,provisional
US,cultural_heritage,train,3919,2018-05-06,2019-04-28,2019-05-05 00:00:00+00:00,2019-05-05,2019-07-21,demand-v2-provisional,provisional
US,cultural_heritage,train,3920,2018-05-13,2019-05-05,2019-05-12 00:00:00+00:00,2019-05-12,2019-07-28,demand-v2-provisional,provisional
US,cultural_heritage,train,3921,2018-05-20,2019-05-12,2019-05-19 00:00:00+00:00,2019-05-19,2019-08-04,demand-v2-provisional,provisional
US,cultural_heritage,train,3922,2018-05-27,2019-05-19,2019-05-26 00:00:00+00:00,2019-05-26,2019-08-11,demand-v2-provisional,provisional
US,cultural_heritage,train,3923,2018-06-03,2019-05-26,2019-06-02 00:00:00+00:00,2019-06-02,2019-08-18,demand-v2-provisional,provisional
US,cultural_heritage,train,3924,2018-06-10,2019-06-02,2019-06-09 00:00:00+00:00,2019-06-09,2019-08-25,demand-v2-provisional,provisional
US,cultural_heritage,train,3925,2018-06-17,2019-06-09,2019-06-16 00:00:00+00:00,2019-06-16,2019-09-01,demand-v2-provisional,provisional
US,cultural_heritage,train,3926,2018-06-24,2019-06-16,2019-06-23 00:00:00+00:00,2019-06-23,2019-09-08,demand-v2-provisional,provisional
US,cultural_heritage,train,3927,2018-07-01,2019-06-23,2019-06-30 00:00:00+00:00,2019-06-30,2019-09-15,demand-v2-provisional,provisional
US,cultural_heritage,train,3928,2018-07-08,2019-06-30,2019-07-07 00:00:00+00:00,2019-07-07,2019-09-22,demand-v2-provisional,provisional
US,cultural_heritage,train,3929,2018-07-15,2019-07-07,2019-07-14 00:00:00+00:00,2019-07-14,2019-09-29,demand-v2-provisional,provisional
US,cultural_heritage,train,3930,2018-07-22,2019-07-14,2019-07-21 00:00:00+00:00,2019-07-21,2019-10-06,demand-v2-provisional,provisional
US,cultural_heritage,train,3931,2018-07-29,2019-07-21,2019-07-28 00:00:00+00:00,2019-07-28,2019-10-13,demand-v2-provisional,provisional
US,cultural_heritage,train,3932,2018-08-05,2019-07-28,2019-08-04 00:00:00+00:00,2019-08-04,2019-10-20,demand-v2-provisional,provisional
US,cultural_heritage,train,3933,2018-08-12,2019-08-04,2019-08-11 00:00:00+00:00,2019-08-11,2019-10-27,demand-v2-provisional,provisional
US,cultural_heritage,train,3934,2018-08-19,2019-08-11,2019-08-18 00:00:00+00:00,2019-08-18,2019-11-03,demand-v2-provisional,provisional
US,cultural_heritage,train,3935,2018-08-26,2019-08-18,2019-08-25 00:00:00+00:00,2019-08-25,2019-11-10,demand-v2-provisional,provisional
US,cultural_heritage,train,3936,2018-09-02,2019-08-25,2019-09-01 00:00:00+00:00,2019-09-01,2019-11-17,demand-v2-provisional,provisional
US,cultural_heritage,train,3937,2018-09-09,2019-09-01,2019-09-08 00:00:00+00:00,2019-09-08,2019-11-24,demand-v2-provisional,provisional
US,cultural_heritage,train,3938,2018-09-16,2019-09-08,2019-09-15 00:00:00+00:00,2019-09-15,2019-12-01,demand-v2-provisional,provisional
US,cultural_heritage,train,3939,2018-09-23,2019-09-15,2019-09-22 00:00:00+00:00,2019-09-22,2019-12-08,demand-v2-provisional,provisional
US,cultural_heritage,train,3940,2018-09-30,2019-09-22,2019-09-29 00:00:00+00:00,2019-09-29,2019-12-15,demand-v2-provisional,provisional
US,cultural_heritage,train,3941,2018-10-07,2019-09-29,2019-10-06 00:00:00+00:00,2019-10-06,2019-12-22,demand-v2-provisional,provisional
US,cultural_heritage,train,3942,2023-01-01,2023-12-24,2023-12-31 00:00:00+00:00,2023-12-31,2024-03-17,demand-v2-provisional,provisional
US,cultural_heritage,train,3943,2023-01-08,2023-12-31,2024-01-07 00:00:00+00:00,2024-01-07,2024-03-24,demand-v2-provisional,provisional
US,cultural_heritage,train,3944,2023-01-15,2024-01-07,2024-01-14 00:00:00+00:00,2024-01-14,2024-03-31,demand-v2-provisional,provisional
US,cultural_heritage,train,3945,2023-01-22,2024-01-14,2024-01-21 00:00:00+00:00,2024-01-21,2024-04-07,demand-v2-provisional,provisional
US,cultural_heritage,train,3946,2023-01-29,2024-01-21,2024-01-28 00:00:00+00:00,2024-01-28,2024-04-14,demand-v2-provisional,provisional
US,cultural_heritage,train,3947,2023-02-05,2024-01-28,2024-02-04 00:00:00+00:00,2024-02-04,2024-04-21,demand-v2-provisional,provisional
US,cultural_heritage,train,3948,2023-02-12,2024-02-04,2024-02-11 00:00:00+00:00,2024-02-11,2024-04-28,demand-v2-provisional,provisional
US,cultural_heritage,train,3949,2023-02-19,2024-02-11,2024-02-18 00:00:00+00:00,2024-02-18,2024-05-05,demand-v2-provisional,provisional
US,cultural_heritage,train,3950,2023-02-26,2024-02-18,2024-02-25 00:00:00+00:00,2024-02-25,2024-05-12,demand-v2-provisional,provisional
US,cultural_heritage,train,3951,2023-03-05,2024-02-25,2024-03-03 00:00:00+00:00,2024-03-03,2024-05-19,demand-v2-provisional,provisional
US,cultural_heritage,validation,558,2023-05-28,2024-05-19,2024-05-26 00:00:00+00:00,2024-05-26,2024-08-11,demand-v2-provisional,provisional
US,cultural_heritage,validation,559,2023-06-04,2024-05-26,2024-06-02 00:00:00+00:00,2024-06-02,2024-08-18,demand-v2-provisional,provisional
US,cultural_heritage,validation,560,2023-06-11,2024-06-02,2024-06-09 00:00:00+00:00,2024-06-09,2024-08-25,demand-v2-provisional,provisional
US,cultural_heritage,validation,561,2023-06-18,2024-06-09,2024-06-16 00:00:00+00:00,2024-06-16,2024-09-01,demand-v2-provisional,provisional
US,cultural_heritage,validation,562,2023-06-25,2024-06-16,2024-06-23 00:00:00+00:00,2024-06-23,2024-09-08,demand-v2-provisional,provisional
US,cultural_heritage,validation,563,2023-07-02,2024-06-23,2024-06-30 00:00:00+00:00,2024-06-30,2024-09-15,demand-v2-provisional,provisional
US,cultural_heritage,validation,564,2023-07-09,2024-06-30,2024-07-07 00:00:00+00:00,2024-07-07,2024-09-22,demand-v2-provisional,provisional
US,cultural_heritage,validation,565,2023-07-16,2024-07-07,2024-07-14 00:00:00+00:00,2024-07-14,2024-09-29,demand-v2-provisional,provisional
US,cultural_heritage,validation,566,2023-07-23,2024-07-14,2024-07-21 00:00:00+00:00,2024-07-21,2024-10-06,demand-v2-provisional,provisional
US,cultural_heritage,validation,567,2023-07-30,2024-07-21,2024-07-28 00:00:00+00:00,2024-07-28,2024-10-13,demand-v2-provisional,provisional
US,cultural_heritage,validation,568,2023-08-06,2024-07-28,2024-08-04 00:00:00+00:00,2024-08-04,2024-10-20,demand-v2-provisional,provisional
US,cultural_heritage,validation,569,2023-08-13,2024-08-04,2024-08-11 00:00:00+00:00,2024-08-11,2024-10-27,demand-v2-provisional,provisional
US,cultural_heritage,validation,570,2023-08-20,2024-08-11,2024-08-18 00:00:00+00:00,2024-08-18,2024-11-03,demand-v2-provisional,provisional
US,cultural_heritage,validation,571,2023-08-27,2024-08-18,2024-08-25 00:00:00+00:00,2024-08-25,2024-11-10,demand-v2-provisional,provisional
US,cultural_heritage,validation,572,2023-09-03,2024-08-25,2024-09-01 00:00:00+00:00,2024-09-01,2024-11-17,demand-v2-provisional,provisional
US,cultural_heritage,validation,573,2023-09-10,2024-09-01,2024-09-08 00:00:00+00:00,2024-09-08,2024-11-24,demand-v2-provisional,provisional
US,cultural_heritage,validation,574,2023-09-17,2024-09-08,2024-09-15 00:00:00+00:00,2024-09-15,2024-12-01,demand-v2-provisional,provisional
US,cultural_heritage,validation,575,2023-09-24,2024-09-15,2024-09-22 00:00:00+00:00,2024-09-22,2024-12-08,demand-v2-provisional,provisional
US,cultural_heritage,validation,576,2023-10-01,2024-09-22,2024-09-29 00:00:00+00:00,2024-09-29,2024-12-15,demand-v2-provisional,provisional
US,cultural_heritage,validation,577,2023-10-08,2024-09-29,2024-10-06 00:00:00+00:00,2024-10-06,2024-12-22,demand-v2-provisional,provisional
US,cultural_heritage,validation,578,2023-10-15,2024-10-06,2024-10-13 00:00:00+00:00,2024-10-13,2024-12-29,demand-v2-provisional,provisional
US,cultural_heritage,validation,579,2023-10-22,2024-10-13,2024-10-20 00:00:00+00:00,2024-10-20,2025-01-05,demand-v2-provisional,provisional
US,cultural_heritage,validation,580,2023-10-29,2024-10-20,2024-10-27 00:00:00+00:00,2024-10-27,2025-01-12,demand-v2-provisional,provisional
US,cultural_heritage,validation,581,2023-11-05,2024-10-27,2024-11-03 00:00:00+00:00,2024-11-03,2025-01-19,demand-v2-provisional,provisional
US,cultural_heritage,validation,582,2023-11-12,2024-11-03,2024-11-10 00:00:00+00:00,2024-11-10,2025-01-26,demand-v2-provisional,provisional
US,cultural_heritage,validation,583,2023-11-19,2024-11-10,2024-11-17 00:00:00+00:00,2024-11-17,2025-02-02,demand-v2-provisional,provisional
US,cultural_heritage,validation,584,2023-11-26,2024-11-17,2024-11-24 00:00:00+00:00,2024-11-24,2025-02-09,demand-v2-provisional,provisional
US,cultural_heritage,validation,585,2023-12-03,2024-11-24,2024-12-01 00:00:00+00:00,2024-12-01,2025-02-16,demand-v2-provisional,provisional
US,cultural_heritage,validation,586,2023-12-10,2024-12-01,2024-12-08 00:00:00+00:00,2024-12-08,2025-02-23,demand-v2-provisional,provisional
US,cultural_heritage,validation,587,2023-12-17,2024-12-08,2024-12-15 00:00:00+00:00,2024-12-15,2025-03-02,demand-v2-provisional,provisional
US,cultural_heritage,validation,588,2023-12-24,2024-12-15,2024-12-22 00:00:00+00:00,2024-12-22,2025-03-09,demand-v2-provisional,provisional
US,cultural_heritage,test,558,2024-03-17,2025-03-09,2025-03-16 00:00:00+00:00,2025-03-16,2025-06-01,demand-v2-provisional,provisional
US,cultural_heritage,test,559,2024-03-24,2025-03-16,2025-03-23 00:00:00+00:00,2025-03-23,2025-06-08,demand-v2-provisional,provisional
US,cultural_heritage,test,560,2024-03-31,2025-03-23,2025-03-30 00:00:00+00:00,2025-03-30,2025-06-15,demand-v2-provisional,provisional
US,cultural_heritage,test,561,2024-04-07,2025-03-30,2025-04-06 00:00:00+00:00,2025-04-06,2025-06-22,demand-v2-provisional,provisional
US,cultural_heritage,test,562,2024-04-14,2025-04-06,2025-04-13 00:00:00+00:00,2025-04-13,2025-06-29,demand-v2-provisional,provisional
US,cultural_heritage,test,563,2024-04-21,2025-04-13,2025-04-20 00:00:00+00:00,2025-04-20,2025-07-06,demand-v2-provisional,provisional
US,cultural_heritage,test,564,2024-04-28,2025-04-20,2025-04-27 00:00:00+00:00,2025-04-27,2025-07-13,demand-v2-provisional,provisional
US,cultural_heritage,test,565,2024-05-05,2025-04-27,2025-05-04 00:00:00+00:00,2025-05-04,2025-07-20,demand-v2-provisional,provisional
US,cultural_heritage,test,566,2024-05-12,2025-05-04,2025-05-11 00:00:00+00:00,2025-05-11,2025-07-27,demand-v2-provisional,provisional
US,cultural_heritage,test,567,2024-05-19,2025-05-11,2025-05-18 00:00:00+00:00,2025-05-18,2025-08-03,demand-v2-provisional,provisional
US,cultural_heritage,test,568,2024-05-26,2025-05-18,2025-05-25 00:00:00+00:00,2025-05-25,2025-08-10,demand-v2-provisional,provisional
US,cultural_heritage,test,569,2024-06-02,2025-05-25,2025-06-01 00:00:00+00:00,2025-06-01,2025-08-17,demand-v2-provisional,provisional
US,cultural_heritage,test,570,2024-06-09,2025-06-01,2025-06-08 00:00:00+00:00,2025-06-08,2025-08-24,demand-v2-provisional,provisional
US,cultural_heritage,test,571,2024-06-16,2025-06-08,2025-06-15 00:00:00+00:00,2025-06-15,2025-08-31,demand-v2-provisional,provisional
US,cultural_heritage,test,572,2024-06-23,2025-06-15,2025-06-22 00:00:00+00:00,2025-06-22,2025-09-07,demand-v2-provisional,provisional
US,cultural_heritage,test,573,2024-06-30,2025-06-22,2025-06-29 00:00:00+00:00,2025-06-29,2025-09-14,demand-v2-provisional,provisional
US,cultural_heritage,test,574,2024-07-07,2025-06-29,2025-07-06 00:00:00+00:00,2025-07-06,2025-09-21,demand-v2-provisional,provisional
US,cultural_heritage,test,575,2024-07-14,2025-07-06,2025-07-13 00:00:00+00:00,2025-07-13,2025-09-28,demand-v2-provisional,provisional
US,cultural_heritage,test,576,2024-07-21,2025-07-13,2025-07-20 00:00:00+00:00,2025-07-20,2025-10-05,demand-v2-provisional,provisional
US,cultural_heritage,test,577,2024-07-28,2025-07-20,2025-07-27 00:00:00+00:00,2025-07-27,2025-10-12,demand-v2-provisional,provisional
US,cultural_heritage,test,578,2024-08-04,2025-07-27,2025-08-03 00:00:00+00:00,2025-08-03,2025-10-19,demand-v2-provisional,provisional
US,cultural_heritage,test,579,2024-08-11,2025-08-03,2025-08-10 00:00:00+00:00,2025-08-10,2025-10-26,demand-v2-provisional,provisional
US,cultural_heritage,test,580,2024-08-18,2025-08-10,2025-08-17 00:00:00+00:00,2025-08-17,2025-11-02,demand-v2-provisional,provisional
US,cultural_heritage,test,581,2024-08-25,2025-08-17,2025-08-24 00:00:00+00:00,2025-08-24,2025-11-09,demand-v2-provisional,provisional
US,cultural_heritage,test,582,2024-09-01,2025-08-24,2025-08-31 00:00:00+00:00,2025-08-31,2025-11-16,demand-v2-provisional,provisional
US,cultural_heritage,test,583,2024-09-08,2025-08-31,2025-09-07 00:00:00+00:00,2025-09-07,2025-11-23,demand-v2-provisional,provisional
US,cultural_heritage,test,584,2024-09-15,2025-09-07,2025-09-14 00:00:00+00:00,2025-09-14,2025-11-30,demand-v2-provisional,provisional
US,cultural_heritage,test,585,2024-09-22,2025-09-14,2025-09-21 00:00:00+00:00,2025-09-21,2025-12-07,demand-v2-provisional,provisional
US,cultural_heritage,test,586,2024-09-29,2025-09-21,2025-09-28 00:00:00+00:00,2025-09-28,2025-12-14,demand-v2-provisional,provisional
US,cultural_heritage,test,587,2024-10-06,2025-09-28,2025-10-05 00:00:00+00:00,2025-10-05,2025-12-21,demand-v2-provisional,provisional
US,cultural_heritage,test,588,2024-10-13,2025-10-05,2025-10-12 00:00:00+00:00,2025-10-12,2025-12-28,demand-v2-provisional,provisional
US,theme_parks_entertainment,train,3952,2014-12-28,2015-12-20,2015-12-27 00:00:00+00:00,2015-12-27,2016-03-13,demand-v2-provisional,provisional
US,theme_parks_entertainment,train,3953,2015-01-04,2015-12-27,2016-01-03 00:00:00+00:00,2016-01-03,2016-03-20,demand-v2-provisional,provisional
US,theme_parks_entertainment,train,3954,2015-01-11,2016-01-03,2016-01-10 00:00:00+00:00,2016-01-10,2016-03-27,demand-v2-provisional,provisional
US,theme_parks_entertainment,train,3955,2015-01-18,2016-01-10,2016-01-17 00:00:00+00:00,2016-01-17,2016-04-03,demand-v2-provisional,provisional
US,theme_parks_entertainment,train,3956,2015-01-25,2016-01-17,2016-01-24 00:00:00+00:00,2016-01-24,2016-04-10,demand-v2-provisional,provisional
US,theme_parks_entertainment,train,3957,2015-02-01,2016-01-24,2016-01-31 00:00:00+00:00,2016-01-31,2016-04-17,demand-v2-provisional,provisional
US,theme_parks_entertainment,train,3958,2015-02-08,2016-01-31,2016-02-07 00:00:00+00:00,2016-02-07,2016-04-24,demand-v2-provisional,provisional
US,theme_parks_entertainment,train,3959,2015-02-15,2016-02-07,2016-02-14 00:00:00+00:00,2016-02-14,2016-05-01,demand-v2-provisional,provisional
US,theme_parks_entertainment,train,3960,2015-02-22,2016-02-14,2016-02-21 00:00:00+00:00,2016-02-21,2016-05-08,demand-v2-provisional,provisional
US,theme_parks_entertainment,train,3961,2015-03-01,2016-02-21,2016-02-28 00:00:00+00:00,2016-02-28,2016-05-15,demand-v2-provisional,provisional
US,theme_parks_entertainment,train,3962,2015-03-08,2016-02-28,2016-03-06 00:00:00+00:00,2016-03-06,2016-05-22,demand-v2-provisional,provisional
US,theme_parks_entertainment,train,3963,2015-03-15,2016-03-06,2016-03-13 00:00:00+00:00,2016-03-13,2016-05-29,demand-v2-provisional,provisional
US,theme_parks_entertainment,train,3964,2015-03-22,2016-03-13,2016-03-20 00:00:00+00:00,2016-03-20,2016-06-05,demand-v2-provisional,provisional
US,theme_parks_entertainment,train,3965,2015-03-29,2016-03-20,2016-03-27 00:00:00+00:00,2016-03-27,2016-06-12,demand-v2-provisional,provisional
US,theme_parks_entertainment,train,3966,2015-04-05,2016-03-27,2016-04-03 00:00:00+00:00,2016-04-03,2016-06-19,demand-v2-provisional,provisional
US,theme_parks_entertainment,train,3967,2015-04-12,2016-04-03,2016-04-10 00:00:00+00:00,2016-04-10,2016-06-26,demand-v2-provisional,provisional
US,theme_parks_entertainment,train,3968,2015-04-19,2016-04-10,2016-04-17 00:00:00+00:00,2016-04-17,2016-07-03,demand-v2-provisional,provisional
US,theme_parks_entertainment,train,3969,2015-04-26,2016-04-17,2016-04-24 00:00:00+00:00,2016-04-24,2016-07-10,demand-v2-provisional,provisional
US,theme_parks_entertainment,train,3970,2015-05-03,2016-04-24,2016-05-01 00:00:00+00:00,2016-05-01,2016-07-17,demand-v2-provisional,provisional
US,theme_parks_entertainment,train,3971,2015-05-10,2016-05-01,2016-05-08 00:00:00+00:00,2016-05-08,2016-07-24,demand-v2-provisional,provisional
US,theme_parks_entertainment,train,3972,2015-05-17,2016-05-08,2016-05-15 00:00:00+00:00,2016-05-15,2016-07-31,demand-v2-provisional,provisional
US,theme_parks_entertainment,train,3973,2015-05-24,2016-05-15,2016-05-22 00:00:00+00:00,2016-05-22,2016-08-07,demand-v2-provisional,provisional
US,theme_parks_entertainment,train,3974,2015-05-31,2016-05-22,2016-05-29 00:00:00+00:00,2016-05-29,2016-08-14,demand-v2-provisional,provisional
US,theme_parks_entertainment,train,3975,2015-06-07,2016-05-29,2016-06-05 00:00:00+00:00,2016-06-05,2016-08-21,demand-v2-provisional,provisional
US,theme_parks_entertainment,train,3976,2015-06-14,2016-06-05,2016-06-12 00:00:00+00:00,2016-06-12,2016-08-28,demand-v2-provisional,provisional
US,theme_parks_entertainment,train,3977,2015-06-21,2016-06-12,2016-06-19 00:00:00+00:00,2016-06-19,2016-09-04,demand-v2-provisional,provisional
US,theme_parks_entertainment,train,3978,2015-06-28,2016-06-19,2016-06-26 00:00:00+00:00,2016-06-26,2016-09-11,demand-v2-provisional,provisional
US,theme_parks_entertainment,train,3979,2015-07-05,2016-06-26,2016-07-03 00:00:00+00:00,2016-07-03,2016-09-18,demand-v2-provisional,provisional
US,theme_parks_entertainment,train,3980,2015-07-12,2016-07-03,2016-07-10 00:00:00+00:00,2016-07-10,2016-09-25,demand-v2-provisional,provisional
US,theme_parks_entertainment,train,3981,2015-07-19,2016-07-10,2016-07-17 00:00:00+00:00,2016-07-17,2016-10-02,demand-v2-provisional,provisional
US,theme_parks_entertainment,train,3982,2015-07-26,2016-07-17,2016-07-24 00:00:00+00:00,2016-07-24,2016-10-09,demand-v2-provisional,provisional
US,theme_parks_entertainment,train,3983,2015-08-02,2016-07-24,2016-07-31 00:00:00+00:00,2016-07-31,2016-10-16,demand-v2-provisional,provisional
US,theme_parks_entertainment,train,3984,2015-08-09,2016-07-31,2016-08-07 00:00:00+00:00,2016-08-07,2016-10-23,demand-v2-provisional,provisional
US,theme_parks_entertainment,train,3985,2015-08-16,2016-08-07,2016-08-14 00:00:00+00:00,2016-08-14,2016-10-30,demand-v2-provisional,provisional
US,theme_parks_entertainment,train,3986,2015-08-23,2016-08-14,2016-08-21 00:00:00+00:00,2016-08-21,2016-11-06,demand-v2-provisional,provisional
US,theme_parks_entertainment,train,3987,2015-08-30,2016-08-21,2016-08-28 00:00:00+00:00,2016-08-28,2016-11-13,demand-v2-provisional,provisional
US,theme_parks_entertainment,train,3988,2015-09-06,2016-08-28,2016-09-04 00:00:00+00:00,2016-09-04,2016-11-20,demand-v2-provisional,provisional
US,theme_parks_entertainment,train,3989,2015-09-13,2016-09-04,2016-09-11 00:00:00+00:00,2016-09-11,2016-11-27,demand-v2-provisional,provisional
US,theme_parks_entertainment,train,3990,2015-09-20,2016-09-11,2016-09-18 00:00:00+00:00,2016-09-18,2016-12-04,demand-v2-provisional,provisional
US,theme_parks_entertainment,train,3991,2015-09-27,2016-09-18,2016-09-25 00:00:00+00:00,2016-09-25,2016-12-11,demand-v2-provisional,provisional
US,theme_parks_entertainment,train,3992,2015-10-04,2016-09-25,2016-10-02 00:00:00+00:00,2016-10-02,2016-12-18,demand-v2-provisional,provisional
US,theme_parks_entertainment,train,3993,2015-10-11,2016-10-02,2016-10-09 00:00:00+00:00,2016-10-09,2016-12-25,demand-v2-provisional,provisional
US,theme_parks_entertainment,train,3994,2015-10-18,2016-10-09,2016-10-16 00:00:00+00:00,2016-10-16,2017-01-01,demand-v2-provisional,provisional
US,theme_parks_entertainment,train,3995,2015-10-25,2016-10-16,2016-10-23 00:00:00+00:00,2016-10-23,2017-01-08,demand-v2-provisional,provisional
US,theme_parks_entertainment,train,3996,2015-11-01,2016-10-23,2016-10-30 00:00:00+00:00,2016-10-30,2017-01-15,demand-v2-provisional,provisional
US,theme_parks_entertainment,train,3997,2015-11-08,2016-10-30,2016-11-06 00:00:00+00:00,2016-11-06,2017-01-22,demand-v2-provisional,provisional
US,theme_parks_entertainment,train,3998,2015-11-15,2016-11-06,2016-11-13 00:00:00+00:00,2016-11-13,2017-01-29,demand-v2-provisional,provisional
US,theme_parks_entertainment,train,3999,2015-11-22,2016-11-13,2016-11-20 00:00:00+00:00,2016-11-20,2017-02-05,demand-v2-provisional,provisional
US,theme_parks_entertainment,train,4000,2015-11-29,2016-11-20,2016-11-27 00:00:00+00:00,2016-11-27,2017-02-12,demand-v2-provisional,provisional
US,theme_parks_entertainment,train,4001,2015-12-06,2016-11-27,2016-12-04 00:00:00+00:00,2016-12-04,2017-02-19,demand-v2-provisional,provisional
US,theme_parks_entertainment,train,4002,2015-12-13,2016-12-04,2016-12-11 00:00:00+00:00,2016-12-11,2017-02-26,demand-v2-provisional,provisional
US,theme_parks_entertainment,train,4003,2015-12-20,2016-12-11,2016-12-18 00:00:00+00:00,2016-12-18,2017-03-05,demand-v2-provisional,provisional
US,theme_parks_entertainment,train,4004,2015-12-27,2016-12-18,2016-12-25 00:00:00+00:00,2016-12-25,2017-03-12,demand-v2-provisional,provisional
US,theme_parks_entertainment,train,4005,2016-01-03,2016-12-25,2017-01-01 00:00:00+00:00,2017-01-01,2017-03-19,demand-v2-provisional,provisional
US,theme_parks_entertainment,train,4006,2016-01-10,2017-01-01,2017-01-08 00:00:00+00:00,2017-01-08,2017-03-26,demand-v2-provisional,provisional
US,theme_parks_entertainment,train,4007,2016-01-17,2017-01-08,2017-01-15 00:00:00+00:00,2017-01-15,2017-04-02,demand-v2-provisional,provisional
US,theme_parks_entertainment,train,4008,2016-01-24,2017-01-15,2017-01-22 00:00:00+00:00,2017-01-22,2017-04-09,demand-v2-provisional,provisional
US,theme_parks_entertainment,train,4009,2016-01-31,2017-01-22,2017-01-29 00:00:00+00:00,2017-01-29,2017-04-16,demand-v2-provisional,provisional
US,theme_parks_entertainment,train,4010,2016-02-07,2017-01-29,2017-02-05 00:00:00+00:00,2017-02-05,2017-04-23,demand-v2-provisional,provisional
US,theme_parks_entertainment,train,4011,2016-02-14,2017-02-05,2017-02-12 00:00:00+00:00,2017-02-12,2017-04-30,demand-v2-provisional,provisional
US,theme_parks_entertainment,train,4012,2016-02-21,2017-02-12,2017-02-19 00:00:00+00:00,2017-02-19,2017-05-07,demand-v2-provisional,provisional
US,theme_parks_entertainment,train,4013,2016-02-28,2017-02-19,2017-02-26 00:00:00+00:00,2017-02-26,2017-05-14,demand-v2-provisional,provisional
US,theme_parks_entertainment,train,4014,2016-03-06,2017-02-26,2017-03-05 00:00:00+00:00,2017-03-05,2017-05-21,demand-v2-provisional,provisional
US,theme_parks_entertainment,train,4015,2016-03-13,2017-03-05,2017-03-12 00:00:00+00:00,2017-03-12,2017-05-28,demand-v2-provisional,provisional
US,theme_parks_entertainment,train,4016,2016-03-20,2017-03-12,2017-03-19 00:00:00+00:00,2017-03-19,2017-06-04,demand-v2-provisional,provisional
US,theme_parks_entertainment,train,4017,2016-03-27,2017-03-19,2017-03-26 00:00:00+00:00,2017-03-26,2017-06-11,demand-v2-provisional,provisional
US,theme_parks_entertainment,train,4018,2016-04-03,2017-03-26,2017-04-02 00:00:00+00:00,2017-04-02,2017-06-18,demand-v2-provisional,provisional
US,theme_parks_entertainment,train,4019,2016-04-10,2017-04-02,2017-04-09 00:00:00+00:00,2017-04-09,2017-06-25,demand-v2-provisional,provisional
US,theme_parks_entertainment,train,4020,2016-04-17,2017-04-09,2017-04-16 00:00:00+00:00,2017-04-16,2017-07-02,demand-v2-provisional,provisional
US,theme_parks_entertainment,train,4021,2016-04-24,2017-04-16,2017-04-23 00:00:00+00:00,2017-04-23,2017-07-09,demand-v2-provisional,provisional
US,theme_parks_entertainment,train,4022,2016-05-01,2017-04-23,2017-04-30 00:00:00+00:00,2017-04-30,2017-07-16,demand-v2-provisional,provisional
US,theme_parks_entertainment,train,4023,2016-05-08,2017-04-30,2017-05-07 00:00:00+00:00,2017-05-07,2017-07-23,demand-v2-provisional,provisional
US,theme_parks_entertainment,train,4024,2016-05-15,2017-05-07,2017-05-14 00:00:00+00:00,2017-05-14,2017-07-30,demand-v2-provisional,provisional
US,theme_parks_entertainment,train,4025,2016-05-22,2017-05-14,2017-05-21 00:00:00+00:00,2017-05-21,2017-08-06,demand-v2-provisional,provisional
US,theme_parks_entertainment,train,4026,2016-05-29,2017-05-21,2017-05-28 00:00:00+00:00,2017-05-28,2017-08-13,demand-v2-provisional,provisional
US,theme_parks_entertainment,train,4027,2016-06-05,2017-05-28,2017-06-04 00:00:00+00:00,2017-06-04,2017-08-20,demand-v2-provisional,provisional
US,theme_parks_entertainment,train,4028,2016-06-12,2017-06-04,2017-06-11 00:00:00+00:00,2017-06-11,2017-08-27,demand-v2-provisional,provisional
US,theme_parks_entertainment,train,4029,2016-06-19,2017-06-11,2017-06-18 00:00:00+00:00,2017-06-18,2017-09-03,demand-v2-provisional,provisional
US,theme_parks_entertainment,train,4030,2016-06-26,2017-06-18,2017-06-25 00:00:00+00:00,2017-06-25,2017-09-10,demand-v2-provisional,provisional
US,theme_parks_entertainment,train,4031,2016-07-03,2017-06-25,2017-07-02 00:00:00+00:00,2017-07-02,2017-09-17,demand-v2-provisional,provisional
US,theme_parks_entertainment,train,4032,2016-07-10,2017-07-02,2017-07-09 00:00:00+00:00,2017-07-09,2017-09-24,demand-v2-provisional,provisional
US,theme_parks_entertainment,train,4033,2016-07-17,2017-07-09,2017-07-16 00:00:00+00:00,2017-07-16,2017-10-01,demand-v2-provisional,provisional
US,theme_parks_entertainment,train,4034,2016-07-24,2017-07-16,2017-07-23 00:00:00+00:00,2017-07-23,2017-10-08,demand-v2-provisional,provisional
US,theme_parks_entertainment,train,4035,2016-07-31,2017-07-23,2017-07-30 00:00:00+00:00,2017-07-30,2017-10-15,demand-v2-provisional,provisional
US,theme_parks_entertainment,train,4036,2016-08-07,2017-07-30,2017-08-06 00:00:00+00:00,2017-08-06,2017-10-22,demand-v2-provisional,provisional
US,theme_parks_entertainment,train,4037,2016-08-14,2017-08-06,2017-08-13 00:00:00+00:00,2017-08-13,2017-10-29,demand-v2-provisional,provisional
US,theme_parks_entertainment,train,4038,2016-08-21,2017-08-13,2017-08-20 00:00:00+00:00,2017-08-20,2017-11-05,demand-v2-provisional,provisional
US,theme_parks_entertainment,train,4039,2016-08-28,2017-08-20,2017-08-27 00:00:00+00:00,2017-08-27,2017-11-12,demand-v2-provisional,provisional
US,theme_parks_entertainment,train,4040,2016-09-04,2017-08-27,2017-09-03 00:00:00+00:00,2017-09-03,2017-11-19,demand-v2-provisional,provisional
US,theme_parks_entertainment,train,4041,2016-09-11,2017-09-03,2017-09-10 00:00:00+00:00,2017-09-10,2017-11-26,demand-v2-provisional,provisional
US,theme_parks_entertainment,train,4042,2016-09-18,2017-09-10,2017-09-17 00:00:00+00:00,2017-09-17,2017-12-03,demand-v2-provisional,provisional
US,theme_parks_entertainment,train,4043,2016-09-25,2017-09-17,2017-09-24 00:00:00+00:00,2017-09-24,2017-12-10,demand-v2-provisional,provisional
US,theme_parks_entertainment,train,4044,2016-10-02,2017-09-24,2017-10-01 00:00:00+00:00,2017-10-01,2017-12-17,demand-v2-provisional,provisional
US,theme_parks_entertainment,train,4045,2016-10-09,2017-10-01,2017-10-08 00:00:00+00:00,2017-10-08,2017-12-24,demand-v2-provisional,provisional
US,theme_parks_entertainment,train,4046,2016-10-16,2017-10-08,2017-10-15 00:00:00+00:00,2017-10-15,2017-12-31,demand-v2-provisional,provisional
US,theme_parks_entertainment,train,4047,2016-10-23,2017-10-15,2017-10-22 00:00:00+00:00,2017-10-22,2018-01-07,demand-v2-provisional,provisional
US,theme_parks_entertainment,train,4048,2016-10-30,2017-10-22,2017-10-29 00:00:00+00:00,2017-10-29,2018-01-14,demand-v2-provisional,provisional
US,theme_parks_entertainment,train,4049,2016-11-06,2017-10-29,2017-11-05 00:00:00+00:00,2017-11-05,2018-01-21,demand-v2-provisional,provisional
US,theme_parks_entertainment,train,4050,2016-11-13,2017-11-05,2017-11-12 00:00:00+00:00,2017-11-12,2018-01-28,demand-v2-provisional,provisional
US,theme_parks_entertainment,train,4051,2016-11-20,2017-11-12,2017-11-19 00:00:00+00:00,2017-11-19,2018-02-04,demand-v2-provisional,provisional
US,theme_parks_entertainment,train,4052,2016-11-27,2017-11-19,2017-11-26 00:00:00+00:00,2017-11-26,2018-02-11,demand-v2-provisional,provisional
US,theme_parks_entertainment,train,4053,2016-12-04,2017-11-26,2017-12-03 00:00:00+00:00,2017-12-03,2018-02-18,demand-v2-provisional,provisional
US,theme_parks_entertainment,train,4054,2016-12-11,2017-12-03,2017-12-10 00:00:00+00:00,2017-12-10,2018-02-25,demand-v2-provisional,provisional
US,theme_parks_entertainment,train,4055,2016-12-18,2017-12-10,2017-12-17 00:00:00+00:00,2017-12-17,2018-03-04,demand-v2-provisional,provisional
US,theme_parks_entertainment,train,4056,2016-12-25,2017-12-17,2017-12-24 00:00:00+00:00,2017-12-24,2018-03-11,demand-v2-provisional,provisional
US,theme_parks_entertainment,train,4057,2017-01-01,2017-12-24,2017-12-31 00:00:00+00:00,2017-12-31,2018-03-18,demand-v2-provisional,provisional
US,theme_parks_entertainment,train,4058,2017-01-08,2017-12-31,2018-01-07 00:00:00+00:00,2018-01-07,2018-03-25,demand-v2-provisional,provisional
US,theme_parks_entertainment,train,4059,2017-01-15,2018-01-07,2018-01-14 00:00:00+00:00,2018-01-14,2018-04-01,demand-v2-provisional,provisional
US,theme_parks_entertainment,train,4060,2017-01-22,2018-01-14,2018-01-21 00:00:00+00:00,2018-01-21,2018-04-08,demand-v2-provisional,provisional
US,theme_parks_entertainment,train,4061,2017-01-29,2018-01-21,2018-01-28 00:00:00+00:00,2018-01-28,2018-04-15,demand-v2-provisional,provisional
US,theme_parks_entertainment,train,4062,2017-02-05,2018-01-28,2018-02-04 00:00:00+00:00,2018-02-04,2018-04-22,demand-v2-provisional,provisional
US,theme_parks_entertainment,train,4063,2017-02-12,2018-02-04,2018-02-11 00:00:00+00:00,2018-02-11,2018-04-29,demand-v2-provisional,provisional
US,theme_parks_entertainment,train,4064,2017-02-19,2018-02-11,2018-02-18 00:00:00+00:00,2018-02-18,2018-05-06,demand-v2-provisional,provisional
US,theme_parks_entertainment,train,4065,2017-02-26,2018-02-18,2018-02-25 00:00:00+00:00,2018-02-25,2018-05-13,demand-v2-provisional,provisional
US,theme_parks_entertainment,train,4066,2017-03-05,2018-02-25,2018-03-04 00:00:00+00:00,2018-03-04,2018-05-20,demand-v2-provisional,provisional
US,theme_parks_entertainment,train,4067,2017-03-12,2018-03-04,2018-03-11 00:00:00+00:00,2018-03-11,2018-05-27,demand-v2-provisional,provisional
US,theme_parks_entertainment,train,4068,2017-03-19,2018-03-11,2018-03-18 00:00:00+00:00,2018-03-18,2018-06-03,demand-v2-provisional,provisional
US,theme_parks_entertainment,train,4069,2017-03-26,2018-03-18,2018-03-25 00:00:00+00:00,2018-03-25,2018-06-10,demand-v2-provisional,provisional
US,theme_parks_entertainment,train,4070,2017-04-02,2018-03-25,2018-04-01 00:00:00+00:00,2018-04-01,2018-06-17,demand-v2-provisional,provisional
US,theme_parks_entertainment,train,4071,2017-04-09,2018-04-01,2018-04-08 00:00:00+00:00,2018-04-08,2018-06-24,demand-v2-provisional,provisional
US,theme_parks_entertainment,train,4072,2017-04-16,2018-04-08,2018-04-15 00:00:00+00:00,2018-04-15,2018-07-01,demand-v2-provisional,provisional
US,theme_parks_entertainment,train,4073,2017-04-23,2018-04-15,2018-04-22 00:00:00+00:00,2018-04-22,2018-07-08,demand-v2-provisional,provisional
US,theme_parks_entertainment,train,4074,2017-04-30,2018-04-22,2018-04-29 00:00:00+00:00,2018-04-29,2018-07-15,demand-v2-provisional,provisional
US,theme_parks_entertainment,train,4075,2017-05-07,2018-04-29,2018-05-06 00:00:00+00:00,2018-05-06,2018-07-22,demand-v2-provisional,provisional
US,theme_parks_entertainment,train,4076,2017-05-14,2018-05-06,2018-05-13 00:00:00+00:00,2018-05-13,2018-07-29,demand-v2-provisional,provisional
US,theme_parks_entertainment,train,4077,2017-05-21,2018-05-13,2018-05-20 00:00:00+00:00,2018-05-20,2018-08-05,demand-v2-provisional,provisional
US,theme_parks_entertainment,train,4078,2017-05-28,2018-05-20,2018-05-27 00:00:00+00:00,2018-05-27,2018-08-12,demand-v2-provisional,provisional
US,theme_parks_entertainment,train,4079,2017-06-04,2018-05-27,2018-06-03 00:00:00+00:00,2018-06-03,2018-08-19,demand-v2-provisional,provisional
US,theme_parks_entertainment,train,4080,2017-06-11,2018-06-03,2018-06-10 00:00:00+00:00,2018-06-10,2018-08-26,demand-v2-provisional,provisional
US,theme_parks_entertainment,train,4081,2017-06-18,2018-06-10,2018-06-17 00:00:00+00:00,2018-06-17,2018-09-02,demand-v2-provisional,provisional
US,theme_parks_entertainment,train,4082,2017-06-25,2018-06-17,2018-06-24 00:00:00+00:00,2018-06-24,2018-09-09,demand-v2-provisional,provisional
US,theme_parks_entertainment,train,4083,2017-07-02,2018-06-24,2018-07-01 00:00:00+00:00,2018-07-01,2018-09-16,demand-v2-provisional,provisional
US,theme_parks_entertainment,train,4084,2017-07-09,2018-07-01,2018-07-08 00:00:00+00:00,2018-07-08,2018-09-23,demand-v2-provisional,provisional
US,theme_parks_entertainment,train,4085,2017-07-16,2018-07-08,2018-07-15 00:00:00+00:00,2018-07-15,2018-09-30,demand-v2-provisional,provisional
US,theme_parks_entertainment,train,4086,2017-07-23,2018-07-15,2018-07-22 00:00:00+00:00,2018-07-22,2018-10-07,demand-v2-provisional,provisional
US,theme_parks_entertainment,train,4087,2017-07-30,2018-07-22,2018-07-29 00:00:00+00:00,2018-07-29,2018-10-14,demand-v2-provisional,provisional
US,theme_parks_entertainment,train,4088,2017-08-06,2018-07-29,2018-08-05 00:00:00+00:00,2018-08-05,2018-10-21,demand-v2-provisional,provisional
US,theme_parks_entertainment,train,4089,2017-08-13,2018-08-05,2018-08-12 00:00:00+00:00,2018-08-12,2018-10-28,demand-v2-provisional,provisional
US,theme_parks_entertainment,train,4090,2017-08-20,2018-08-12,2018-08-19 00:00:00+00:00,2018-08-19,2018-11-04,demand-v2-provisional,provisional
US,theme_parks_entertainment,train,4091,2017-08-27,2018-08-19,2018-08-26 00:00:00+00:00,2018-08-26,2018-11-11,demand-v2-provisional,provisional
US,theme_parks_entertainment,train,4092,2017-09-03,2018-08-26,2018-09-02 00:00:00+00:00,2018-09-02,2018-11-18,demand-v2-provisional,provisional
US,theme_parks_entertainment,train,4093,2017-09-10,2018-09-02,2018-09-09 00:00:00+00:00,2018-09-09,2018-11-25,demand-v2-provisional,provisional
US,theme_parks_entertainment,train,4094,2017-09-17,2018-09-09,2018-09-16 00:00:00+00:00,2018-09-16,2018-12-02,demand-v2-provisional,provisional
US,theme_parks_entertainment,train,4095,2017-09-24,2018-09-16,2018-09-23 00:00:00+00:00,2018-09-23,2018-12-09,demand-v2-provisional,provisional
US,theme_parks_entertainment,train,4096,2017-10-01,2018-09-23,2018-09-30 00:00:00+00:00,2018-09-30,2018-12-16,demand-v2-provisional,provisional
US,theme_parks_entertainment,train,4097,2017-10-08,2018-09-30,2018-10-07 00:00:00+00:00,2018-10-07,2018-12-23,demand-v2-provisional,provisional
US,theme_parks_entertainment,train,4098,2017-10-15,2018-10-07,2018-10-14 00:00:00+00:00,2018-10-14,2018-12-30,demand-v2-provisional,provisional
US,theme_parks_entertainment,train,4099,2017-10-22,2018-10-14,2018-10-21 00:00:00+00:00,2018-10-21,2019-01-06,demand-v2-provisional,provisional
US,theme_parks_entertainment,train,4100,2017-10-29,2018-10-21,2018-10-28 00:00:00+00:00,2018-10-28,2019-01-13,demand-v2-provisional,provisional
US,theme_parks_entertainment,train,4101,2017-11-05,2018-10-28,2018-11-04 00:00:00+00:00,2018-11-04,2019-01-20,demand-v2-provisional,provisional
US,theme_parks_entertainment,train,4102,2017-11-12,2018-11-04,2018-11-11 00:00:00+00:00,2018-11-11,2019-01-27,demand-v2-provisional,provisional
US,theme_parks_entertainment,train,4103,2017-11-19,2018-11-11,2018-11-18 00:00:00+00:00,2018-11-18,2019-02-03,demand-v2-provisional,provisional
US,theme_parks_entertainment,train,4104,2017-11-26,2018-11-18,2018-11-25 00:00:00+00:00,2018-11-25,2019-02-10,demand-v2-provisional,provisional
US,theme_parks_entertainment,train,4105,2017-12-03,2018-11-25,2018-12-02 00:00:00+00:00,2018-12-02,2019-02-17,demand-v2-provisional,provisional
US,theme_parks_entertainment,train,4106,2017-12-10,2018-12-02,2018-12-09 00:00:00+00:00,2018-12-09,2019-02-24,demand-v2-provisional,provisional
US,theme_parks_entertainment,train,4107,2017-12-17,2018-12-09,2018-12-16 00:00:00+00:00,2018-12-16,2019-03-03,demand-v2-provisional,provisional
US,theme_parks_entertainment,train,4108,2017-12-24,2018-12-16,2018-12-23 00:00:00+00:00,2018-12-23,2019-03-10,demand-v2-provisional,provisional
US,theme_parks_entertainment,train,4109,2017-12-31,2018-12-23,2018-12-30 00:00:00+00:00,2018-12-30,2019-03-17,demand-v2-provisional,provisional
US,theme_parks_entertainment,train,4110,2018-01-07,2018-12-30,2019-01-06 00:00:00+00:00,2019-01-06,2019-03-24,demand-v2-provisional,provisional
US,theme_parks_entertainment,train,4111,2018-01-14,2019-01-06,2019-01-13 00:00:00+00:00,2019-01-13,2019-03-31,demand-v2-provisional,provisional
US,theme_parks_entertainment,train,4112,2018-01-21,2019-01-13,2019-01-20 00:00:00+00:00,2019-01-20,2019-04-07,demand-v2-provisional,provisional
US,theme_parks_entertainment,train,4113,2018-01-28,2019-01-20,2019-01-27 00:00:00+00:00,2019-01-27,2019-04-14,demand-v2-provisional,provisional
US,theme_parks_entertainment,train,4114,2018-02-04,2019-01-27,2019-02-03 00:00:00+00:00,2019-02-03,2019-04-21,demand-v2-provisional,provisional
US,theme_parks_entertainment,train,4115,2018-02-11,2019-02-03,2019-02-10 00:00:00+00:00,2019-02-10,2019-04-28,demand-v2-provisional,provisional
US,theme_parks_entertainment,train,4116,2018-02-18,2019-02-10,2019-02-17 00:00:00+00:00,2019-02-17,2019-05-05,demand-v2-provisional,provisional
US,theme_parks_entertainment,train,4117,2018-02-25,2019-02-17,2019-02-24 00:00:00+00:00,2019-02-24,2019-05-12,demand-v2-provisional,provisional
US,theme_parks_entertainment,train,4118,2018-03-04,2019-02-24,2019-03-03 00:00:00+00:00,2019-03-03,2019-05-19,demand-v2-provisional,provisional
US,theme_parks_entertainment,train,4119,2018-03-11,2019-03-03,2019-03-10 00:00:00+00:00,2019-03-10,2019-05-26,demand-v2-provisional,provisional
US,theme_parks_entertainment,train,4120,2018-03-18,2019-03-10,2019-03-17 00:00:00+00:00,2019-03-17,2019-06-02,demand-v2-provisional,provisional
US,theme_parks_entertainment,train,4121,2018-03-25,2019-03-17,2019-03-24 00:00:00+00:00,2019-03-24,2019-06-09,demand-v2-provisional,provisional
US,theme_parks_entertainment,train,4122,2018-04-01,2019-03-24,2019-03-31 00:00:00+00:00,2019-03-31,2019-06-16,demand-v2-provisional,provisional
US,theme_parks_entertainment,train,4123,2018-04-08,2019-03-31,2019-04-07 00:00:00+00:00,2019-04-07,2019-06-23,demand-v2-provisional,provisional
US,theme_parks_entertainment,train,4124,2018-04-15,2019-04-07,2019-04-14 00:00:00+00:00,2019-04-14,2019-06-30,demand-v2-provisional,provisional
US,theme_parks_entertainment,train,4125,2018-04-22,2019-04-14,2019-04-21 00:00:00+00:00,2019-04-21,2019-07-07,demand-v2-provisional,provisional
US,theme_parks_entertainment,train,4126,2018-04-29,2019-04-21,2019-04-28 00:00:00+00:00,2019-04-28,2019-07-14,demand-v2-provisional,provisional
US,theme_parks_entertainment,train,4127,2018-05-06,2019-04-28,2019-05-05 00:00:00+00:00,2019-05-05,2019-07-21,demand-v2-provisional,provisional
US,theme_parks_entertainment,train,4128,2018-05-13,2019-05-05,2019-05-12 00:00:00+00:00,2019-05-12,2019-07-28,demand-v2-provisional,provisional
US,theme_parks_entertainment,train,4129,2018-05-20,2019-05-12,2019-05-19 00:00:00+00:00,2019-05-19,2019-08-04,demand-v2-provisional,provisional
US,theme_parks_entertainment,train,4130,2018-05-27,2019-05-19,2019-05-26 00:00:00+00:00,2019-05-26,2019-08-11,demand-v2-provisional,provisional
US,theme_parks_entertainment,train,4131,2018-06-03,2019-05-26,2019-06-02 00:00:00+00:00,2019-06-02,2019-08-18,demand-v2-provisional,provisional
US,theme_parks_entertainment,train,4132,2018-06-10,2019-06-02,2019-06-09 00:00:00+00:00,2019-06-09,2019-08-25,demand-v2-provisional,provisional
US,theme_parks_entertainment,train,4133,2018-06-17,2019-06-09,2019-06-16 00:00:00+00:00,2019-06-16,2019-09-01,demand-v2-provisional,provisional
US,theme_parks_entertainment,train,4134,2018-06-24,2019-06-16,2019-06-23 00:00:00+00:00,2019-06-23,2019-09-08,demand-v2-provisional,provisional
US,theme_parks_entertainment,train,4135,2018-07-01,2019-06-23,2019-06-30 00:00:00+00:00,2019-06-30,2019-09-15,demand-v2-provisional,provisional
US,theme_parks_entertainment,train,4136,2018-07-08,2019-06-30,2019-07-07 00:00:00+00:00,2019-07-07,2019-09-22,demand-v2-provisional,provisional
US,theme_parks_entertainment,train,4137,2018-07-15,2019-07-07,2019-07-14 00:00:00+00:00,2019-07-14,2019-09-29,demand-v2-provisional,provisional
US,theme_parks_entertainment,train,4138,2018-07-22,2019-07-14,2019-07-21 00:00:00+00:00,2019-07-21,2019-10-06,demand-v2-provisional,provisional
US,theme_parks_entertainment,train,4139,2018-07-29,2019-07-21,2019-07-28 00:00:00+00:00,2019-07-28,2019-10-13,demand-v2-provisional,provisional
US,theme_parks_entertainment,train,4140,2018-08-05,2019-07-28,2019-08-04 00:00:00+00:00,2019-08-04,2019-10-20,demand-v2-provisional,provisional
US,theme_parks_entertainment,train,4141,2018-08-12,2019-08-04,2019-08-11 00:00:00+00:00,2019-08-11,2019-10-27,demand-v2-provisional,provisional
US,theme_parks_entertainment,train,4142,2018-08-19,2019-08-11,2019-08-18 00:00:00+00:00,2019-08-18,2019-11-03,demand-v2-provisional,provisional
US,theme_parks_entertainment,train,4143,2018-08-26,2019-08-18,2019-08-25 00:00:00+00:00,2019-08-25,2019-11-10,demand-v2-provisional,provisional
US,theme_parks_entertainment,train,4144,2018-09-02,2019-08-25,2019-09-01 00:00:00+00:00,2019-09-01,2019-11-17,demand-v2-provisional,provisional
US,theme_parks_entertainment,train,4145,2018-09-09,2019-09-01,2019-09-08 00:00:00+00:00,2019-09-08,2019-11-24,demand-v2-provisional,provisional
US,theme_parks_entertainment,train,4146,2018-09-16,2019-09-08,2019-09-15 00:00:00+00:00,2019-09-15,2019-12-01,demand-v2-provisional,provisional
US,theme_parks_entertainment,train,4147,2018-09-23,2019-09-15,2019-09-22 00:00:00+00:00,2019-09-22,2019-12-08,demand-v2-provisional,provisional
US,theme_parks_entertainment,train,4148,2018-09-30,2019-09-22,2019-09-29 00:00:00+00:00,2019-09-29,2019-12-15,demand-v2-provisional,provisional
US,theme_parks_entertainment,train,4149,2018-10-07,2019-09-29,2019-10-06 00:00:00+00:00,2019-10-06,2019-12-22,demand-v2-provisional,provisional
US,theme_parks_entertainment,train,4150,2023-01-01,2023-12-24,2023-12-31 00:00:00+00:00,2023-12-31,2024-03-17,demand-v2-provisional,provisional
US,theme_parks_entertainment,train,4151,2023-01-08,2023-12-31,2024-01-07 00:00:00+00:00,2024-01-07,2024-03-24,demand-v2-provisional,provisional
US,theme_parks_entertainment,train,4152,2023-01-15,2024-01-07,2024-01-14 00:00:00+00:00,2024-01-14,2024-03-31,demand-v2-provisional,provisional
US,theme_parks_entertainment,train,4153,2023-01-22,2024-01-14,2024-01-21 00:00:00+00:00,2024-01-21,2024-04-07,demand-v2-provisional,provisional
US,theme_parks_entertainment,train,4154,2023-01-29,2024-01-21,2024-01-28 00:00:00+00:00,2024-01-28,2024-04-14,demand-v2-provisional,provisional
US,theme_parks_entertainment,train,4155,2023-02-05,2024-01-28,2024-02-04 00:00:00+00:00,2024-02-04,2024-04-21,demand-v2-provisional,provisional
US,theme_parks_entertainment,train,4156,2023-02-12,2024-02-04,2024-02-11 00:00:00+00:00,2024-02-11,2024-04-28,demand-v2-provisional,provisional
US,theme_parks_entertainment,train,4157,2023-02-19,2024-02-11,2024-02-18 00:00:00+00:00,2024-02-18,2024-05-05,demand-v2-provisional,provisional
US,theme_parks_entertainment,train,4158,2023-02-26,2024-02-18,2024-02-25 00:00:00+00:00,2024-02-25,2024-05-12,demand-v2-provisional,provisional
US,theme_parks_entertainment,train,4159,2023-03-05,2024-02-25,2024-03-03 00:00:00+00:00,2024-03-03,2024-05-19,demand-v2-provisional,provisional
US,theme_parks_entertainment,validation,589,2023-05-28,2024-05-19,2024-05-26 00:00:00+00:00,2024-05-26,2024-08-11,demand-v2-provisional,provisional
US,theme_parks_entertainment,validation,590,2023-06-04,2024-05-26,2024-06-02 00:00:00+00:00,2024-06-02,2024-08-18,demand-v2-provisional,provisional
US,theme_parks_entertainment,validation,591,2023-06-11,2024-06-02,2024-06-09 00:00:00+00:00,2024-06-09,2024-08-25,demand-v2-provisional,provisional
US,theme_parks_entertainment,validation,592,2023-06-18,2024-06-09,2024-06-16 00:00:00+00:00,2024-06-16,2024-09-01,demand-v2-provisional,provisional
US,theme_parks_entertainment,validation,593,2023-06-25,2024-06-16,2024-06-23 00:00:00+00:00,2024-06-23,2024-09-08,demand-v2-provisional,provisional
US,theme_parks_entertainment,validation,594,2023-07-02,2024-06-23,2024-06-30 00:00:00+00:00,2024-06-30,2024-09-15,demand-v2-provisional,provisional
US,theme_parks_entertainment,validation,595,2023-07-09,2024-06-30,2024-07-07 00:00:00+00:00,2024-07-07,2024-09-22,demand-v2-provisional,provisional
US,theme_parks_entertainment,validation,596,2023-07-16,2024-07-07,2024-07-14 00:00:00+00:00,2024-07-14,2024-09-29,demand-v2-provisional,provisional
US,theme_parks_entertainment,validation,597,2023-07-23,2024-07-14,2024-07-21 00:00:00+00:00,2024-07-21,2024-10-06,demand-v2-provisional,provisional
US,theme_parks_entertainment,validation,598,2023-07-30,2024-07-21,2024-07-28 00:00:00+00:00,2024-07-28,2024-10-13,demand-v2-provisional,provisional
US,theme_parks_entertainment,validation,599,2023-08-06,2024-07-28,2024-08-04 00:00:00+00:00,2024-08-04,2024-10-20,demand-v2-provisional,provisional
US,theme_parks_entertainment,validation,600,2023-08-13,2024-08-04,2024-08-11 00:00:00+00:00,2024-08-11,2024-10-27,demand-v2-provisional,provisional
US,theme_parks_entertainment,validation,601,2023-08-20,2024-08-11,2024-08-18 00:00:00+00:00,2024-08-18,2024-11-03,demand-v2-provisional,provisional
US,theme_parks_entertainment,validation,602,2023-08-27,2024-08-18,2024-08-25 00:00:00+00:00,2024-08-25,2024-11-10,demand-v2-provisional,provisional
US,theme_parks_entertainment,validation,603,2023-09-03,2024-08-25,2024-09-01 00:00:00+00:00,2024-09-01,2024-11-17,demand-v2-provisional,provisional
US,theme_parks_entertainment,validation,604,2023-09-10,2024-09-01,2024-09-08 00:00:00+00:00,2024-09-08,2024-11-24,demand-v2-provisional,provisional
US,theme_parks_entertainment,validation,605,2023-09-17,2024-09-08,2024-09-15 00:00:00+00:00,2024-09-15,2024-12-01,demand-v2-provisional,provisional
US,theme_parks_entertainment,validation,606,2023-09-24,2024-09-15,2024-09-22 00:00:00+00:00,2024-09-22,2024-12-08,demand-v2-provisional,provisional
US,theme_parks_entertainment,validation,607,2023-10-01,2024-09-22,2024-09-29 00:00:00+00:00,2024-09-29,2024-12-15,demand-v2-provisional,provisional
US,theme_parks_entertainment,validation,608,2023-10-08,2024-09-29,2024-10-06 00:00:00+00:00,2024-10-06,2024-12-22,demand-v2-provisional,provisional
US,theme_parks_entertainment,validation,609,2023-10-15,2024-10-06,2024-10-13 00:00:00+00:00,2024-10-13,2024-12-29,demand-v2-provisional,provisional
US,theme_parks_entertainment,validation,610,2023-10-22,2024-10-13,2024-10-20 00:00:00+00:00,2024-10-20,2025-01-05,demand-v2-provisional,provisional
US,theme_parks_entertainment,validation,611,2023-10-29,2024-10-20,2024-10-27 00:00:00+00:00,2024-10-27,2025-01-12,demand-v2-provisional,provisional
US,theme_parks_entertainment,validation,612,2023-11-05,2024-10-27,2024-11-03 00:00:00+00:00,2024-11-03,2025-01-19,demand-v2-provisional,provisional
US,theme_parks_entertainment,validation,613,2023-11-12,2024-11-03,2024-11-10 00:00:00+00:00,2024-11-10,2025-01-26,demand-v2-provisional,provisional
US,theme_parks_entertainment,validation,614,2023-11-19,2024-11-10,2024-11-17 00:00:00+00:00,2024-11-17,2025-02-02,demand-v2-provisional,provisional
US,theme_parks_entertainment,validation,615,2023-11-26,2024-11-17,2024-11-24 00:00:00+00:00,2024-11-24,2025-02-09,demand-v2-provisional,provisional
US,theme_parks_entertainment,validation,616,2023-12-03,2024-11-24,2024-12-01 00:00:00+00:00,2024-12-01,2025-02-16,demand-v2-provisional,provisional
US,theme_parks_entertainment,validation,617,2023-12-10,2024-12-01,2024-12-08 00:00:00+00:00,2024-12-08,2025-02-23,demand-v2-provisional,provisional
US,theme_parks_entertainment,validation,618,2023-12-17,2024-12-08,2024-12-15 00:00:00+00:00,2024-12-15,2025-03-02,demand-v2-provisional,provisional
US,theme_parks_entertainment,validation,619,2023-12-24,2024-12-15,2024-12-22 00:00:00+00:00,2024-12-22,2025-03-09,demand-v2-provisional,provisional
US,theme_parks_entertainment,test,589,2024-03-17,2025-03-09,2025-03-16 00:00:00+00:00,2025-03-16,2025-06-01,demand-v2-provisional,provisional
US,theme_parks_entertainment,test,590,2024-03-24,2025-03-16,2025-03-23 00:00:00+00:00,2025-03-23,2025-06-08,demand-v2-provisional,provisional
US,theme_parks_entertainment,test,591,2024-03-31,2025-03-23,2025-03-30 00:00:00+00:00,2025-03-30,2025-06-15,demand-v2-provisional,provisional
US,theme_parks_entertainment,test,592,2024-04-07,2025-03-30,2025-04-06 00:00:00+00:00,2025-04-06,2025-06-22,demand-v2-provisional,provisional
US,theme_parks_entertainment,test,593,2024-04-14,2025-04-06,2025-04-13 00:00:00+00:00,2025-04-13,2025-06-29,demand-v2-provisional,provisional
US,theme_parks_entertainment,test,594,2024-04-21,2025-04-13,2025-04-20 00:00:00+00:00,2025-04-20,2025-07-06,demand-v2-provisional,provisional
US,theme_parks_entertainment,test,595,2024-04-28,2025-04-20,2025-04-27 00:00:00+00:00,2025-04-27,2025-07-13,demand-v2-provisional,provisional
US,theme_parks_entertainment,test,596,2024-05-05,2025-04-27,2025-05-04 00:00:00+00:00,2025-05-04,2025-07-20,demand-v2-provisional,provisional
US,theme_parks_entertainment,test,597,2024-05-12,2025-05-04,2025-05-11 00:00:00+00:00,2025-05-11,2025-07-27,demand-v2-provisional,provisional
US,theme_parks_entertainment,test,598,2024-05-19,2025-05-11,2025-05-18 00:00:00+00:00,2025-05-18,2025-08-03,demand-v2-provisional,provisional
US,theme_parks_entertainment,test,599,2024-05-26,2025-05-18,2025-05-25 00:00:00+00:00,2025-05-25,2025-08-10,demand-v2-provisional,provisional
US,theme_parks_entertainment,test,600,2024-06-02,2025-05-25,2025-06-01 00:00:00+00:00,2025-06-01,2025-08-17,demand-v2-provisional,provisional
US,theme_parks_entertainment,test,601,2024-06-09,2025-06-01,2025-06-08 00:00:00+00:00,2025-06-08,2025-08-24,demand-v2-provisional,provisional
US,theme_parks_entertainment,test,602,2024-06-16,2025-06-08,2025-06-15 00:00:00+00:00,2025-06-15,2025-08-31,demand-v2-provisional,provisional
US,theme_parks_entertainment,test,603,2024-06-23,2025-06-15,2025-06-22 00:00:00+00:00,2025-06-22,2025-09-07,demand-v2-provisional,provisional
US,theme_parks_entertainment,test,604,2024-06-30,2025-06-22,2025-06-29 00:00:00+00:00,2025-06-29,2025-09-14,demand-v2-provisional,provisional
US,theme_parks_entertainment,test,605,2024-07-07,2025-06-29,2025-07-06 00:00:00+00:00,2025-07-06,2025-09-21,demand-v2-provisional,provisional
US,theme_parks_entertainment,test,606,2024-07-14,2025-07-06,2025-07-13 00:00:00+00:00,2025-07-13,2025-09-28,demand-v2-provisional,provisional
US,theme_parks_entertainment,test,607,2024-07-21,2025-07-13,2025-07-20 00:00:00+00:00,2025-07-20,2025-10-05,demand-v2-provisional,provisional
US,theme_parks_entertainment,test,608,2024-07-28,2025-07-20,2025-07-27 00:00:00+00:00,2025-07-27,2025-10-12,demand-v2-provisional,provisional
US,theme_parks_entertainment,test,609,2024-08-04,2025-07-27,2025-08-03 00:00:00+00:00,2025-08-03,2025-10-19,demand-v2-provisional,provisional
US,theme_parks_entertainment,test,610,2024-08-11,2025-08-03,2025-08-10 00:00:00+00:00,2025-08-10,2025-10-26,demand-v2-provisional,provisional
US,theme_parks_entertainment,test,611,2024-08-18,2025-08-10,2025-08-17 00:00:00+00:00,2025-08-17,2025-11-02,demand-v2-provisional,provisional
US,theme_parks_entertainment,test,612,2024-08-25,2025-08-17,2025-08-24 00:00:00+00:00,2025-08-24,2025-11-09,demand-v2-provisional,provisional
US,theme_parks_entertainment,test,613,2024-09-01,2025-08-24,2025-08-31 00:00:00+00:00,2025-08-31,2025-11-16,demand-v2-provisional,provisional
US,theme_parks_entertainment,test,614,2024-09-08,2025-08-31,2025-09-07 00:00:00+00:00,2025-09-07,2025-11-23,demand-v2-provisional,provisional
US,theme_parks_entertainment,test,615,2024-09-15,2025-09-07,2025-09-14 00:00:00+00:00,2025-09-14,2025-11-30,demand-v2-provisional,provisional
US,theme_parks_entertainment,test,616,2024-09-22,2025-09-14,2025-09-21 00:00:00+00:00,2025-09-21,2025-12-07,demand-v2-provisional,provisional
US,theme_parks_entertainment,test,617,2024-09-29,2025-09-21,2025-09-28 00:00:00+00:00,2025-09-28,2025-12-14,demand-v2-provisional,provisional
US,theme_parks_entertainment,test,618,2024-10-06,2025-09-28,2025-10-05 00:00:00+00:00,2025-10-05,2025-12-21,demand-v2-provisional,provisional
US,theme_parks_entertainment,test,619,2024-10-13,2025-10-05,2025-10-12 00:00:00+00:00,2025-10-12,2025-12-28,demand-v2-provisional,provisional
US,urban_city,train,4160,2014-12-28,2015-12-20,2015-12-27 00:00:00+00:00,2015-12-27,2016-03-13,demand-v2-provisional,provisional
US,urban_city,train,4161,2015-01-04,2015-12-27,2016-01-03 00:00:00+00:00,2016-01-03,2016-03-20,demand-v2-provisional,provisional
US,urban_city,train,4162,2015-01-11,2016-01-03,2016-01-10 00:00:00+00:00,2016-01-10,2016-03-27,demand-v2-provisional,provisional
US,urban_city,train,4163,2015-01-18,2016-01-10,2016-01-17 00:00:00+00:00,2016-01-17,2016-04-03,demand-v2-provisional,provisional
US,urban_city,train,4164,2015-01-25,2016-01-17,2016-01-24 00:00:00+00:00,2016-01-24,2016-04-10,demand-v2-provisional,provisional
US,urban_city,train,4165,2015-02-01,2016-01-24,2016-01-31 00:00:00+00:00,2016-01-31,2016-04-17,demand-v2-provisional,provisional
US,urban_city,train,4166,2015-02-08,2016-01-31,2016-02-07 00:00:00+00:00,2016-02-07,2016-04-24,demand-v2-provisional,provisional
US,urban_city,train,4167,2015-02-15,2016-02-07,2016-02-14 00:00:00+00:00,2016-02-14,2016-05-01,demand-v2-provisional,provisional
US,urban_city,train,4168,2015-02-22,2016-02-14,2016-02-21 00:00:00+00:00,2016-02-21,2016-05-08,demand-v2-provisional,provisional
US,urban_city,train,4169,2015-03-01,2016-02-21,2016-02-28 00:00:00+00:00,2016-02-28,2016-05-15,demand-v2-provisional,provisional
US,urban_city,train,4170,2015-03-08,2016-02-28,2016-03-06 00:00:00+00:00,2016-03-06,2016-05-22,demand-v2-provisional,provisional
US,urban_city,train,4171,2015-03-15,2016-03-06,2016-03-13 00:00:00+00:00,2016-03-13,2016-05-29,demand-v2-provisional,provisional
US,urban_city,train,4172,2015-03-22,2016-03-13,2016-03-20 00:00:00+00:00,2016-03-20,2016-06-05,demand-v2-provisional,provisional
US,urban_city,train,4173,2015-03-29,2016-03-20,2016-03-27 00:00:00+00:00,2016-03-27,2016-06-12,demand-v2-provisional,provisional
US,urban_city,train,4174,2015-04-05,2016-03-27,2016-04-03 00:00:00+00:00,2016-04-03,2016-06-19,demand-v2-provisional,provisional
US,urban_city,train,4175,2015-04-12,2016-04-03,2016-04-10 00:00:00+00:00,2016-04-10,2016-06-26,demand-v2-provisional,provisional
US,urban_city,train,4176,2015-04-19,2016-04-10,2016-04-17 00:00:00+00:00,2016-04-17,2016-07-03,demand-v2-provisional,provisional
US,urban_city,train,4177,2015-04-26,2016-04-17,2016-04-24 00:00:00+00:00,2016-04-24,2016-07-10,demand-v2-provisional,provisional
US,urban_city,train,4178,2015-05-03,2016-04-24,2016-05-01 00:00:00+00:00,2016-05-01,2016-07-17,demand-v2-provisional,provisional
US,urban_city,train,4179,2015-05-10,2016-05-01,2016-05-08 00:00:00+00:00,2016-05-08,2016-07-24,demand-v2-provisional,provisional
US,urban_city,train,4180,2015-05-17,2016-05-08,2016-05-15 00:00:00+00:00,2016-05-15,2016-07-31,demand-v2-provisional,provisional
US,urban_city,train,4181,2015-05-24,2016-05-15,2016-05-22 00:00:00+00:00,2016-05-22,2016-08-07,demand-v2-provisional,provisional
US,urban_city,train,4182,2015-05-31,2016-05-22,2016-05-29 00:00:00+00:00,2016-05-29,2016-08-14,demand-v2-provisional,provisional
US,urban_city,train,4183,2015-06-07,2016-05-29,2016-06-05 00:00:00+00:00,2016-06-05,2016-08-21,demand-v2-provisional,provisional
US,urban_city,train,4184,2015-06-14,2016-06-05,2016-06-12 00:00:00+00:00,2016-06-12,2016-08-28,demand-v2-provisional,provisional
US,urban_city,train,4185,2015-06-21,2016-06-12,2016-06-19 00:00:00+00:00,2016-06-19,2016-09-04,demand-v2-provisional,provisional
US,urban_city,train,4186,2015-06-28,2016-06-19,2016-06-26 00:00:00+00:00,2016-06-26,2016-09-11,demand-v2-provisional,provisional
US,urban_city,train,4187,2015-07-05,2016-06-26,2016-07-03 00:00:00+00:00,2016-07-03,2016-09-18,demand-v2-provisional,provisional
US,urban_city,train,4188,2015-07-12,2016-07-03,2016-07-10 00:00:00+00:00,2016-07-10,2016-09-25,demand-v2-provisional,provisional
US,urban_city,train,4189,2015-07-19,2016-07-10,2016-07-17 00:00:00+00:00,2016-07-17,2016-10-02,demand-v2-provisional,provisional
US,urban_city,train,4190,2015-07-26,2016-07-17,2016-07-24 00:00:00+00:00,2016-07-24,2016-10-09,demand-v2-provisional,provisional
US,urban_city,train,4191,2015-08-02,2016-07-24,2016-07-31 00:00:00+00:00,2016-07-31,2016-10-16,demand-v2-provisional,provisional
US,urban_city,train,4192,2015-08-09,2016-07-31,2016-08-07 00:00:00+00:00,2016-08-07,2016-10-23,demand-v2-provisional,provisional
US,urban_city,train,4193,2015-08-16,2016-08-07,2016-08-14 00:00:00+00:00,2016-08-14,2016-10-30,demand-v2-provisional,provisional
US,urban_city,train,4194,2015-08-23,2016-08-14,2016-08-21 00:00:00+00:00,2016-08-21,2016-11-06,demand-v2-provisional,provisional
US,urban_city,train,4195,2015-08-30,2016-08-21,2016-08-28 00:00:00+00:00,2016-08-28,2016-11-13,demand-v2-provisional,provisional
US,urban_city,train,4196,2015-09-06,2016-08-28,2016-09-04 00:00:00+00:00,2016-09-04,2016-11-20,demand-v2-provisional,provisional
US,urban_city,train,4197,2015-09-13,2016-09-04,2016-09-11 00:00:00+00:00,2016-09-11,2016-11-27,demand-v2-provisional,provisional
US,urban_city,train,4198,2015-09-20,2016-09-11,2016-09-18 00:00:00+00:00,2016-09-18,2016-12-04,demand-v2-provisional,provisional
US,urban_city,train,4199,2015-09-27,2016-09-18,2016-09-25 00:00:00+00:00,2016-09-25,2016-12-11,demand-v2-provisional,provisional
US,urban_city,train,4200,2015-10-04,2016-09-25,2016-10-02 00:00:00+00:00,2016-10-02,2016-12-18,demand-v2-provisional,provisional
US,urban_city,train,4201,2015-10-11,2016-10-02,2016-10-09 00:00:00+00:00,2016-10-09,2016-12-25,demand-v2-provisional,provisional
US,urban_city,train,4202,2015-10-18,2016-10-09,2016-10-16 00:00:00+00:00,2016-10-16,2017-01-01,demand-v2-provisional,provisional
US,urban_city,train,4203,2015-10-25,2016-10-16,2016-10-23 00:00:00+00:00,2016-10-23,2017-01-08,demand-v2-provisional,provisional
US,urban_city,train,4204,2015-11-01,2016-10-23,2016-10-30 00:00:00+00:00,2016-10-30,2017-01-15,demand-v2-provisional,provisional
US,urban_city,train,4205,2015-11-08,2016-10-30,2016-11-06 00:00:00+00:00,2016-11-06,2017-01-22,demand-v2-provisional,provisional
US,urban_city,train,4206,2015-11-15,2016-11-06,2016-11-13 00:00:00+00:00,2016-11-13,2017-01-29,demand-v2-provisional,provisional
US,urban_city,train,4207,2015-11-22,2016-11-13,2016-11-20 00:00:00+00:00,2016-11-20,2017-02-05,demand-v2-provisional,provisional
US,urban_city,train,4208,2015-11-29,2016-11-20,2016-11-27 00:00:00+00:00,2016-11-27,2017-02-12,demand-v2-provisional,provisional
US,urban_city,train,4209,2015-12-06,2016-11-27,2016-12-04 00:00:00+00:00,2016-12-04,2017-02-19,demand-v2-provisional,provisional
US,urban_city,train,4210,2015-12-13,2016-12-04,2016-12-11 00:00:00+00:00,2016-12-11,2017-02-26,demand-v2-provisional,provisional
US,urban_city,train,4211,2015-12-20,2016-12-11,2016-12-18 00:00:00+00:00,2016-12-18,2017-03-05,demand-v2-provisional,provisional
US,urban_city,train,4212,2015-12-27,2016-12-18,2016-12-25 00:00:00+00:00,2016-12-25,2017-03-12,demand-v2-provisional,provisional
US,urban_city,train,4213,2016-01-03,2016-12-25,2017-01-01 00:00:00+00:00,2017-01-01,2017-03-19,demand-v2-provisional,provisional
US,urban_city,train,4214,2016-01-10,2017-01-01,2017-01-08 00:00:00+00:00,2017-01-08,2017-03-26,demand-v2-provisional,provisional
US,urban_city,train,4215,2016-01-17,2017-01-08,2017-01-15 00:00:00+00:00,2017-01-15,2017-04-02,demand-v2-provisional,provisional
US,urban_city,train,4216,2016-01-24,2017-01-15,2017-01-22 00:00:00+00:00,2017-01-22,2017-04-09,demand-v2-provisional,provisional
US,urban_city,train,4217,2016-01-31,2017-01-22,2017-01-29 00:00:00+00:00,2017-01-29,2017-04-16,demand-v2-provisional,provisional
US,urban_city,train,4218,2016-02-07,2017-01-29,2017-02-05 00:00:00+00:00,2017-02-05,2017-04-23,demand-v2-provisional,provisional
US,urban_city,train,4219,2016-02-14,2017-02-05,2017-02-12 00:00:00+00:00,2017-02-12,2017-04-30,demand-v2-provisional,provisional
US,urban_city,train,4220,2016-02-21,2017-02-12,2017-02-19 00:00:00+00:00,2017-02-19,2017-05-07,demand-v2-provisional,provisional
US,urban_city,train,4221,2016-02-28,2017-02-19,2017-02-26 00:00:00+00:00,2017-02-26,2017-05-14,demand-v2-provisional,provisional
US,urban_city,train,4222,2016-03-06,2017-02-26,2017-03-05 00:00:00+00:00,2017-03-05,2017-05-21,demand-v2-provisional,provisional
US,urban_city,train,4223,2016-03-13,2017-03-05,2017-03-12 00:00:00+00:00,2017-03-12,2017-05-28,demand-v2-provisional,provisional
US,urban_city,train,4224,2016-03-20,2017-03-12,2017-03-19 00:00:00+00:00,2017-03-19,2017-06-04,demand-v2-provisional,provisional
US,urban_city,train,4225,2016-03-27,2017-03-19,2017-03-26 00:00:00+00:00,2017-03-26,2017-06-11,demand-v2-provisional,provisional
US,urban_city,train,4226,2016-04-03,2017-03-26,2017-04-02 00:00:00+00:00,2017-04-02,2017-06-18,demand-v2-provisional,provisional
US,urban_city,train,4227,2016-04-10,2017-04-02,2017-04-09 00:00:00+00:00,2017-04-09,2017-06-25,demand-v2-provisional,provisional
US,urban_city,train,4228,2016-04-17,2017-04-09,2017-04-16 00:00:00+00:00,2017-04-16,2017-07-02,demand-v2-provisional,provisional
US,urban_city,train,4229,2016-04-24,2017-04-16,2017-04-23 00:00:00+00:00,2017-04-23,2017-07-09,demand-v2-provisional,provisional
US,urban_city,train,4230,2016-05-01,2017-04-23,2017-04-30 00:00:00+00:00,2017-04-30,2017-07-16,demand-v2-provisional,provisional
US,urban_city,train,4231,2016-05-08,2017-04-30,2017-05-07 00:00:00+00:00,2017-05-07,2017-07-23,demand-v2-provisional,provisional
US,urban_city,train,4232,2016-05-15,2017-05-07,2017-05-14 00:00:00+00:00,2017-05-14,2017-07-30,demand-v2-provisional,provisional
US,urban_city,train,4233,2016-05-22,2017-05-14,2017-05-21 00:00:00+00:00,2017-05-21,2017-08-06,demand-v2-provisional,provisional
US,urban_city,train,4234,2016-05-29,2017-05-21,2017-05-28 00:00:00+00:00,2017-05-28,2017-08-13,demand-v2-provisional,provisional
US,urban_city,train,4235,2016-06-05,2017-05-28,2017-06-04 00:00:00+00:00,2017-06-04,2017-08-20,demand-v2-provisional,provisional
US,urban_city,train,4236,2016-06-12,2017-06-04,2017-06-11 00:00:00+00:00,2017-06-11,2017-08-27,demand-v2-provisional,provisional
US,urban_city,train,4237,2016-06-19,2017-06-11,2017-06-18 00:00:00+00:00,2017-06-18,2017-09-03,demand-v2-provisional,provisional
US,urban_city,train,4238,2016-06-26,2017-06-18,2017-06-25 00:00:00+00:00,2017-06-25,2017-09-10,demand-v2-provisional,provisional
US,urban_city,train,4239,2016-07-03,2017-06-25,2017-07-02 00:00:00+00:00,2017-07-02,2017-09-17,demand-v2-provisional,provisional
US,urban_city,train,4240,2016-07-10,2017-07-02,2017-07-09 00:00:00+00:00,2017-07-09,2017-09-24,demand-v2-provisional,provisional
US,urban_city,train,4241,2016-07-17,2017-07-09,2017-07-16 00:00:00+00:00,2017-07-16,2017-10-01,demand-v2-provisional,provisional
US,urban_city,train,4242,2016-07-24,2017-07-16,2017-07-23 00:00:00+00:00,2017-07-23,2017-10-08,demand-v2-provisional,provisional
US,urban_city,train,4243,2016-07-31,2017-07-23,2017-07-30 00:00:00+00:00,2017-07-30,2017-10-15,demand-v2-provisional,provisional
US,urban_city,train,4244,2016-08-07,2017-07-30,2017-08-06 00:00:00+00:00,2017-08-06,2017-10-22,demand-v2-provisional,provisional
US,urban_city,train,4245,2016-08-14,2017-08-06,2017-08-13 00:00:00+00:00,2017-08-13,2017-10-29,demand-v2-provisional,provisional
US,urban_city,train,4246,2016-08-21,2017-08-13,2017-08-20 00:00:00+00:00,2017-08-20,2017-11-05,demand-v2-provisional,provisional
US,urban_city,train,4247,2016-08-28,2017-08-20,2017-08-27 00:00:00+00:00,2017-08-27,2017-11-12,demand-v2-provisional,provisional
US,urban_city,train,4248,2016-09-04,2017-08-27,2017-09-03 00:00:00+00:00,2017-09-03,2017-11-19,demand-v2-provisional,provisional
US,urban_city,train,4249,2016-09-11,2017-09-03,2017-09-10 00:00:00+00:00,2017-09-10,2017-11-26,demand-v2-provisional,provisional
US,urban_city,train,4250,2016-09-18,2017-09-10,2017-09-17 00:00:00+00:00,2017-09-17,2017-12-03,demand-v2-provisional,provisional
US,urban_city,train,4251,2016-09-25,2017-09-17,2017-09-24 00:00:00+00:00,2017-09-24,2017-12-10,demand-v2-provisional,provisional
US,urban_city,train,4252,2016-10-02,2017-09-24,2017-10-01 00:00:00+00:00,2017-10-01,2017-12-17,demand-v2-provisional,provisional
US,urban_city,train,4253,2016-10-09,2017-10-01,2017-10-08 00:00:00+00:00,2017-10-08,2017-12-24,demand-v2-provisional,provisional
US,urban_city,train,4254,2016-10-16,2017-10-08,2017-10-15 00:00:00+00:00,2017-10-15,2017-12-31,demand-v2-provisional,provisional
US,urban_city,train,4255,2016-10-23,2017-10-15,2017-10-22 00:00:00+00:00,2017-10-22,2018-01-07,demand-v2-provisional,provisional
US,urban_city,train,4256,2016-10-30,2017-10-22,2017-10-29 00:00:00+00:00,2017-10-29,2018-01-14,demand-v2-provisional,provisional
US,urban_city,train,4257,2016-11-06,2017-10-29,2017-11-05 00:00:00+00:00,2017-11-05,2018-01-21,demand-v2-provisional,provisional
US,urban_city,train,4258,2016-11-13,2017-11-05,2017-11-12 00:00:00+00:00,2017-11-12,2018-01-28,demand-v2-provisional,provisional
US,urban_city,train,4259,2016-11-20,2017-11-12,2017-11-19 00:00:00+00:00,2017-11-19,2018-02-04,demand-v2-provisional,provisional
US,urban_city,train,4260,2016-11-27,2017-11-19,2017-11-26 00:00:00+00:00,2017-11-26,2018-02-11,demand-v2-provisional,provisional
US,urban_city,train,4261,2016-12-04,2017-11-26,2017-12-03 00:00:00+00:00,2017-12-03,2018-02-18,demand-v2-provisional,provisional
US,urban_city,train,4262,2016-12-11,2017-12-03,2017-12-10 00:00:00+00:00,2017-12-10,2018-02-25,demand-v2-provisional,provisional
US,urban_city,train,4263,2016-12-18,2017-12-10,2017-12-17 00:00:00+00:00,2017-12-17,2018-03-04,demand-v2-provisional,provisional
US,urban_city,train,4264,2016-12-25,2017-12-17,2017-12-24 00:00:00+00:00,2017-12-24,2018-03-11,demand-v2-provisional,provisional
US,urban_city,train,4265,2017-01-01,2017-12-24,2017-12-31 00:00:00+00:00,2017-12-31,2018-03-18,demand-v2-provisional,provisional
US,urban_city,train,4266,2017-01-08,2017-12-31,2018-01-07 00:00:00+00:00,2018-01-07,2018-03-25,demand-v2-provisional,provisional
US,urban_city,train,4267,2017-01-15,2018-01-07,2018-01-14 00:00:00+00:00,2018-01-14,2018-04-01,demand-v2-provisional,provisional
US,urban_city,train,4268,2017-01-22,2018-01-14,2018-01-21 00:00:00+00:00,2018-01-21,2018-04-08,demand-v2-provisional,provisional
US,urban_city,train,4269,2017-01-29,2018-01-21,2018-01-28 00:00:00+00:00,2018-01-28,2018-04-15,demand-v2-provisional,provisional
US,urban_city,train,4270,2017-02-05,2018-01-28,2018-02-04 00:00:00+00:00,2018-02-04,2018-04-22,demand-v2-provisional,provisional
US,urban_city,train,4271,2017-02-12,2018-02-04,2018-02-11 00:00:00+00:00,2018-02-11,2018-04-29,demand-v2-provisional,provisional
US,urban_city,train,4272,2017-02-19,2018-02-11,2018-02-18 00:00:00+00:00,2018-02-18,2018-05-06,demand-v2-provisional,provisional
US,urban_city,train,4273,2017-02-26,2018-02-18,2018-02-25 00:00:00+00:00,2018-02-25,2018-05-13,demand-v2-provisional,provisional
US,urban_city,train,4274,2017-03-05,2018-02-25,2018-03-04 00:00:00+00:00,2018-03-04,2018-05-20,demand-v2-provisional,provisional
US,urban_city,train,4275,2017-03-12,2018-03-04,2018-03-11 00:00:00+00:00,2018-03-11,2018-05-27,demand-v2-provisional,provisional
US,urban_city,train,4276,2017-03-19,2018-03-11,2018-03-18 00:00:00+00:00,2018-03-18,2018-06-03,demand-v2-provisional,provisional
US,urban_city,train,4277,2017-03-26,2018-03-18,2018-03-25 00:00:00+00:00,2018-03-25,2018-06-10,demand-v2-provisional,provisional
US,urban_city,train,4278,2017-04-02,2018-03-25,2018-04-01 00:00:00+00:00,2018-04-01,2018-06-17,demand-v2-provisional,provisional
US,urban_city,train,4279,2017-04-09,2018-04-01,2018-04-08 00:00:00+00:00,2018-04-08,2018-06-24,demand-v2-provisional,provisional
US,urban_city,train,4280,2017-04-16,2018-04-08,2018-04-15 00:00:00+00:00,2018-04-15,2018-07-01,demand-v2-provisional,provisional
US,urban_city,train,4281,2017-04-23,2018-04-15,2018-04-22 00:00:00+00:00,2018-04-22,2018-07-08,demand-v2-provisional,provisional
US,urban_city,train,4282,2017-04-30,2018-04-22,2018-04-29 00:00:00+00:00,2018-04-29,2018-07-15,demand-v2-provisional,provisional
US,urban_city,train,4283,2017-05-07,2018-04-29,2018-05-06 00:00:00+00:00,2018-05-06,2018-07-22,demand-v2-provisional,provisional
US,urban_city,train,4284,2017-05-14,2018-05-06,2018-05-13 00:00:00+00:00,2018-05-13,2018-07-29,demand-v2-provisional,provisional
US,urban_city,train,4285,2017-05-21,2018-05-13,2018-05-20 00:00:00+00:00,2018-05-20,2018-08-05,demand-v2-provisional,provisional
US,urban_city,train,4286,2017-05-28,2018-05-20,2018-05-27 00:00:00+00:00,2018-05-27,2018-08-12,demand-v2-provisional,provisional
US,urban_city,train,4287,2017-06-04,2018-05-27,2018-06-03 00:00:00+00:00,2018-06-03,2018-08-19,demand-v2-provisional,provisional
US,urban_city,train,4288,2017-06-11,2018-06-03,2018-06-10 00:00:00+00:00,2018-06-10,2018-08-26,demand-v2-provisional,provisional
US,urban_city,train,4289,2017-06-18,2018-06-10,2018-06-17 00:00:00+00:00,2018-06-17,2018-09-02,demand-v2-provisional,provisional
US,urban_city,train,4290,2017-06-25,2018-06-17,2018-06-24 00:00:00+00:00,2018-06-24,2018-09-09,demand-v2-provisional,provisional
US,urban_city,train,4291,2017-07-02,2018-06-24,2018-07-01 00:00:00+00:00,2018-07-01,2018-09-16,demand-v2-provisional,provisional
US,urban_city,train,4292,2017-07-09,2018-07-01,2018-07-08 00:00:00+00:00,2018-07-08,2018-09-23,demand-v2-provisional,provisional
US,urban_city,train,4293,2017-07-16,2018-07-08,2018-07-15 00:00:00+00:00,2018-07-15,2018-09-30,demand-v2-provisional,provisional
US,urban_city,train,4294,2017-07-23,2018-07-15,2018-07-22 00:00:00+00:00,2018-07-22,2018-10-07,demand-v2-provisional,provisional
US,urban_city,train,4295,2017-07-30,2018-07-22,2018-07-29 00:00:00+00:00,2018-07-29,2018-10-14,demand-v2-provisional,provisional
US,urban_city,train,4296,2017-08-06,2018-07-29,2018-08-05 00:00:00+00:00,2018-08-05,2018-10-21,demand-v2-provisional,provisional
US,urban_city,train,4297,2017-08-13,2018-08-05,2018-08-12 00:00:00+00:00,2018-08-12,2018-10-28,demand-v2-provisional,provisional
US,urban_city,train,4298,2017-08-20,2018-08-12,2018-08-19 00:00:00+00:00,2018-08-19,2018-11-04,demand-v2-provisional,provisional
US,urban_city,train,4299,2017-08-27,2018-08-19,2018-08-26 00:00:00+00:00,2018-08-26,2018-11-11,demand-v2-provisional,provisional
US,urban_city,train,4300,2017-09-03,2018-08-26,2018-09-02 00:00:00+00:00,2018-09-02,2018-11-18,demand-v2-provisional,provisional
US,urban_city,train,4301,2017-09-10,2018-09-02,2018-09-09 00:00:00+00:00,2018-09-09,2018-11-25,demand-v2-provisional,provisional
US,urban_city,train,4302,2017-09-17,2018-09-09,2018-09-16 00:00:00+00:00,2018-09-16,2018-12-02,demand-v2-provisional,provisional
US,urban_city,train,4303,2017-09-24,2018-09-16,2018-09-23 00:00:00+00:00,2018-09-23,2018-12-09,demand-v2-provisional,provisional
US,urban_city,train,4304,2017-10-01,2018-09-23,2018-09-30 00:00:00+00:00,2018-09-30,2018-12-16,demand-v2-provisional,provisional
US,urban_city,train,4305,2017-10-08,2018-09-30,2018-10-07 00:00:00+00:00,2018-10-07,2018-12-23,demand-v2-provisional,provisional
US,urban_city,train,4306,2017-10-15,2018-10-07,2018-10-14 00:00:00+00:00,2018-10-14,2018-12-30,demand-v2-provisional,provisional
US,urban_city,train,4307,2017-10-22,2018-10-14,2018-10-21 00:00:00+00:00,2018-10-21,2019-01-06,demand-v2-provisional,provisional
US,urban_city,train,4308,2017-10-29,2018-10-21,2018-10-28 00:00:00+00:00,2018-10-28,2019-01-13,demand-v2-provisional,provisional
US,urban_city,train,4309,2017-11-05,2018-10-28,2018-11-04 00:00:00+00:00,2018-11-04,2019-01-20,demand-v2-provisional,provisional
US,urban_city,train,4310,2017-11-12,2018-11-04,2018-11-11 00:00:00+00:00,2018-11-11,2019-01-27,demand-v2-provisional,provisional
US,urban_city,train,4311,2017-11-19,2018-11-11,2018-11-18 00:00:00+00:00,2018-11-18,2019-02-03,demand-v2-provisional,provisional
US,urban_city,train,4312,2017-11-26,2018-11-18,2018-11-25 00:00:00+00:00,2018-11-25,2019-02-10,demand-v2-provisional,provisional
US,urban_city,train,4313,2017-12-03,2018-11-25,2018-12-02 00:00:00+00:00,2018-12-02,2019-02-17,demand-v2-provisional,provisional
US,urban_city,train,4314,2017-12-10,2018-12-02,2018-12-09 00:00:00+00:00,2018-12-09,2019-02-24,demand-v2-provisional,provisional
US,urban_city,train,4315,2017-12-17,2018-12-09,2018-12-16 00:00:00+00:00,2018-12-16,2019-03-03,demand-v2-provisional,provisional
US,urban_city,train,4316,2017-12-24,2018-12-16,2018-12-23 00:00:00+00:00,2018-12-23,2019-03-10,demand-v2-provisional,provisional
US,urban_city,train,4317,2017-12-31,2018-12-23,2018-12-30 00:00:00+00:00,2018-12-30,2019-03-17,demand-v2-provisional,provisional
US,urban_city,train,4318,2018-01-07,2018-12-30,2019-01-06 00:00:00+00:00,2019-01-06,2019-03-24,demand-v2-provisional,provisional
US,urban_city,train,4319,2018-01-14,2019-01-06,2019-01-13 00:00:00+00:00,2019-01-13,2019-03-31,demand-v2-provisional,provisional
US,urban_city,train,4320,2018-01-21,2019-01-13,2019-01-20 00:00:00+00:00,2019-01-20,2019-04-07,demand-v2-provisional,provisional
US,urban_city,train,4321,2018-01-28,2019-01-20,2019-01-27 00:00:00+00:00,2019-01-27,2019-04-14,demand-v2-provisional,provisional
US,urban_city,train,4322,2018-02-04,2019-01-27,2019-02-03 00:00:00+00:00,2019-02-03,2019-04-21,demand-v2-provisional,provisional
US,urban_city,train,4323,2018-02-11,2019-02-03,2019-02-10 00:00:00+00:00,2019-02-10,2019-04-28,demand-v2-provisional,provisional
US,urban_city,train,4324,2018-02-18,2019-02-10,2019-02-17 00:00:00+00:00,2019-02-17,2019-05-05,demand-v2-provisional,provisional
US,urban_city,train,4325,2018-02-25,2019-02-17,2019-02-24 00:00:00+00:00,2019-02-24,2019-05-12,demand-v2-provisional,provisional
US,urban_city,train,4326,2018-03-04,2019-02-24,2019-03-03 00:00:00+00:00,2019-03-03,2019-05-19,demand-v2-provisional,provisional
US,urban_city,train,4327,2018-03-11,2019-03-03,2019-03-10 00:00:00+00:00,2019-03-10,2019-05-26,demand-v2-provisional,provisional
US,urban_city,train,4328,2018-03-18,2019-03-10,2019-03-17 00:00:00+00:00,2019-03-17,2019-06-02,demand-v2-provisional,provisional
US,urban_city,train,4329,2018-03-25,2019-03-17,2019-03-24 00:00:00+00:00,2019-03-24,2019-06-09,demand-v2-provisional,provisional
US,urban_city,train,4330,2018-04-01,2019-03-24,2019-03-31 00:00:00+00:00,2019-03-31,2019-06-16,demand-v2-provisional,provisional
US,urban_city,train,4331,2018-04-08,2019-03-31,2019-04-07 00:00:00+00:00,2019-04-07,2019-06-23,demand-v2-provisional,provisional
US,urban_city,train,4332,2018-04-15,2019-04-07,2019-04-14 00:00:00+00:00,2019-04-14,2019-06-30,demand-v2-provisional,provisional
US,urban_city,train,4333,2018-04-22,2019-04-14,2019-04-21 00:00:00+00:00,2019-04-21,2019-07-07,demand-v2-provisional,provisional
US,urban_city,train,4334,2018-04-29,2019-04-21,2019-04-28 00:00:00+00:00,2019-04-28,2019-07-14,demand-v2-provisional,provisional
US,urban_city,train,4335,2018-05-06,2019-04-28,2019-05-05 00:00:00+00:00,2019-05-05,2019-07-21,demand-v2-provisional,provisional
US,urban_city,train,4336,2018-05-13,2019-05-05,2019-05-12 00:00:00+00:00,2019-05-12,2019-07-28,demand-v2-provisional,provisional
US,urban_city,train,4337,2018-05-20,2019-05-12,2019-05-19 00:00:00+00:00,2019-05-19,2019-08-04,demand-v2-provisional,provisional
US,urban_city,train,4338,2018-05-27,2019-05-19,2019-05-26 00:00:00+00:00,2019-05-26,2019-08-11,demand-v2-provisional,provisional
US,urban_city,train,4339,2018-06-03,2019-05-26,2019-06-02 00:00:00+00:00,2019-06-02,2019-08-18,demand-v2-provisional,provisional
US,urban_city,train,4340,2018-06-10,2019-06-02,2019-06-09 00:00:00+00:00,2019-06-09,2019-08-25,demand-v2-provisional,provisional
US,urban_city,train,4341,2018-06-17,2019-06-09,2019-06-16 00:00:00+00:00,2019-06-16,2019-09-01,demand-v2-provisional,provisional
US,urban_city,train,4342,2018-06-24,2019-06-16,2019-06-23 00:00:00+00:00,2019-06-23,2019-09-08,demand-v2-provisional,provisional
US,urban_city,train,4343,2018-07-01,2019-06-23,2019-06-30 00:00:00+00:00,2019-06-30,2019-09-15,demand-v2-provisional,provisional
US,urban_city,train,4344,2018-07-08,2019-06-30,2019-07-07 00:00:00+00:00,2019-07-07,2019-09-22,demand-v2-provisional,provisional
US,urban_city,train,4345,2018-07-15,2019-07-07,2019-07-14 00:00:00+00:00,2019-07-14,2019-09-29,demand-v2-provisional,provisional
US,urban_city,train,4346,2018-07-22,2019-07-14,2019-07-21 00:00:00+00:00,2019-07-21,2019-10-06,demand-v2-provisional,provisional
US,urban_city,train,4347,2018-07-29,2019-07-21,2019-07-28 00:00:00+00:00,2019-07-28,2019-10-13,demand-v2-provisional,provisional
US,urban_city,train,4348,2018-08-05,2019-07-28,2019-08-04 00:00:00+00:00,2019-08-04,2019-10-20,demand-v2-provisional,provisional
US,urban_city,train,4349,2018-08-12,2019-08-04,2019-08-11 00:00:00+00:00,2019-08-11,2019-10-27,demand-v2-provisional,provisional
US,urban_city,train,4350,2018-08-19,2019-08-11,2019-08-18 00:00:00+00:00,2019-08-18,2019-11-03,demand-v2-provisional,provisional
US,urban_city,train,4351,2018-08-26,2019-08-18,2019-08-25 00:00:00+00:00,2019-08-25,2019-11-10,demand-v2-provisional,provisional
US,urban_city,train,4352,2018-09-02,2019-08-25,2019-09-01 00:00:00+00:00,2019-09-01,2019-11-17,demand-v2-provisional,provisional
US,urban_city,train,4353,2018-09-09,2019-09-01,2019-09-08 00:00:00+00:00,2019-09-08,2019-11-24,demand-v2-provisional,provisional
US,urban_city,train,4354,2018-09-16,2019-09-08,2019-09-15 00:00:00+00:00,2019-09-15,2019-12-01,demand-v2-provisional,provisional
US,urban_city,train,4355,2018-09-23,2019-09-15,2019-09-22 00:00:00+00:00,2019-09-22,2019-12-08,demand-v2-provisional,provisional
US,urban_city,train,4356,2018-09-30,2019-09-22,2019-09-29 00:00:00+00:00,2019-09-29,2019-12-15,demand-v2-provisional,provisional
US,urban_city,train,4357,2018-10-07,2019-09-29,2019-10-06 00:00:00+00:00,2019-10-06,2019-12-22,demand-v2-provisional,provisional
US,urban_city,train,4358,2023-01-01,2023-12-24,2023-12-31 00:00:00+00:00,2023-12-31,2024-03-17,demand-v2-provisional,provisional
US,urban_city,train,4359,2023-01-08,2023-12-31,2024-01-07 00:00:00+00:00,2024-01-07,2024-03-24,demand-v2-provisional,provisional
US,urban_city,train,4360,2023-01-15,2024-01-07,2024-01-14 00:00:00+00:00,2024-01-14,2024-03-31,demand-v2-provisional,provisional
US,urban_city,train,4361,2023-01-22,2024-01-14,2024-01-21 00:00:00+00:00,2024-01-21,2024-04-07,demand-v2-provisional,provisional
US,urban_city,train,4362,2023-01-29,2024-01-21,2024-01-28 00:00:00+00:00,2024-01-28,2024-04-14,demand-v2-provisional,provisional
US,urban_city,train,4363,2023-02-05,2024-01-28,2024-02-04 00:00:00+00:00,2024-02-04,2024-04-21,demand-v2-provisional,provisional
US,urban_city,train,4364,2023-02-12,2024-02-04,2024-02-11 00:00:00+00:00,2024-02-11,2024-04-28,demand-v2-provisional,provisional
US,urban_city,train,4365,2023-02-19,2024-02-11,2024-02-18 00:00:00+00:00,2024-02-18,2024-05-05,demand-v2-provisional,provisional
US,urban_city,train,4366,2023-02-26,2024-02-18,2024-02-25 00:00:00+00:00,2024-02-25,2024-05-12,demand-v2-provisional,provisional
US,urban_city,train,4367,2023-03-05,2024-02-25,2024-03-03 00:00:00+00:00,2024-03-03,2024-05-19,demand-v2-provisional,provisional
US,urban_city,validation,620,2023-05-28,2024-05-19,2024-05-26 00:00:00+00:00,2024-05-26,2024-08-11,demand-v2-provisional,provisional
US,urban_city,validation,621,2023-06-04,2024-05-26,2024-06-02 00:00:00+00:00,2024-06-02,2024-08-18,demand-v2-provisional,provisional
US,urban_city,validation,622,2023-06-11,2024-06-02,2024-06-09 00:00:00+00:00,2024-06-09,2024-08-25,demand-v2-provisional,provisional
US,urban_city,validation,623,2023-06-18,2024-06-09,2024-06-16 00:00:00+00:00,2024-06-16,2024-09-01,demand-v2-provisional,provisional
US,urban_city,validation,624,2023-06-25,2024-06-16,2024-06-23 00:00:00+00:00,2024-06-23,2024-09-08,demand-v2-provisional,provisional
US,urban_city,validation,625,2023-07-02,2024-06-23,2024-06-30 00:00:00+00:00,2024-06-30,2024-09-15,demand-v2-provisional,provisional
US,urban_city,validation,626,2023-07-09,2024-06-30,2024-07-07 00:00:00+00:00,2024-07-07,2024-09-22,demand-v2-provisional,provisional
US,urban_city,validation,627,2023-07-16,2024-07-07,2024-07-14 00:00:00+00:00,2024-07-14,2024-09-29,demand-v2-provisional,provisional
US,urban_city,validation,628,2023-07-23,2024-07-14,2024-07-21 00:00:00+00:00,2024-07-21,2024-10-06,demand-v2-provisional,provisional
US,urban_city,validation,629,2023-07-30,2024-07-21,2024-07-28 00:00:00+00:00,2024-07-28,2024-10-13,demand-v2-provisional,provisional
US,urban_city,validation,630,2023-08-06,2024-07-28,2024-08-04 00:00:00+00:00,2024-08-04,2024-10-20,demand-v2-provisional,provisional
US,urban_city,validation,631,2023-08-13,2024-08-04,2024-08-11 00:00:00+00:00,2024-08-11,2024-10-27,demand-v2-provisional,provisional
US,urban_city,validation,632,2023-08-20,2024-08-11,2024-08-18 00:00:00+00:00,2024-08-18,2024-11-03,demand-v2-provisional,provisional
US,urban_city,validation,633,2023-08-27,2024-08-18,2024-08-25 00:00:00+00:00,2024-08-25,2024-11-10,demand-v2-provisional,provisional
US,urban_city,validation,634,2023-09-03,2024-08-25,2024-09-01 00:00:00+00:00,2024-09-01,2024-11-17,demand-v2-provisional,provisional
US,urban_city,validation,635,2023-09-10,2024-09-01,2024-09-08 00:00:00+00:00,2024-09-08,2024-11-24,demand-v2-provisional,provisional
US,urban_city,validation,636,2023-09-17,2024-09-08,2024-09-15 00:00:00+00:00,2024-09-15,2024-12-01,demand-v2-provisional,provisional
US,urban_city,validation,637,2023-09-24,2024-09-15,2024-09-22 00:00:00+00:00,2024-09-22,2024-12-08,demand-v2-provisional,provisional
US,urban_city,validation,638,2023-10-01,2024-09-22,2024-09-29 00:00:00+00:00,2024-09-29,2024-12-15,demand-v2-provisional,provisional
US,urban_city,validation,639,2023-10-08,2024-09-29,2024-10-06 00:00:00+00:00,2024-10-06,2024-12-22,demand-v2-provisional,provisional
US,urban_city,validation,640,2023-10-15,2024-10-06,2024-10-13 00:00:00+00:00,2024-10-13,2024-12-29,demand-v2-provisional,provisional
US,urban_city,validation,641,2023-10-22,2024-10-13,2024-10-20 00:00:00+00:00,2024-10-20,2025-01-05,demand-v2-provisional,provisional
US,urban_city,validation,642,2023-10-29,2024-10-20,2024-10-27 00:00:00+00:00,2024-10-27,2025-01-12,demand-v2-provisional,provisional
US,urban_city,validation,643,2023-11-05,2024-10-27,2024-11-03 00:00:00+00:00,2024-11-03,2025-01-19,demand-v2-provisional,provisional
US,urban_city,validation,644,2023-11-12,2024-11-03,2024-11-10 00:00:00+00:00,2024-11-10,2025-01-26,demand-v2-provisional,provisional
US,urban_city,validation,645,2023-11-19,2024-11-10,2024-11-17 00:00:00+00:00,2024-11-17,2025-02-02,demand-v2-provisional,provisional
US,urban_city,validation,646,2023-11-26,2024-11-17,2024-11-24 00:00:00+00:00,2024-11-24,2025-02-09,demand-v2-provisional,provisional
US,urban_city,validation,647,2023-12-03,2024-11-24,2024-12-01 00:00:00+00:00,2024-12-01,2025-02-16,demand-v2-provisional,provisional
US,urban_city,validation,648,2023-12-10,2024-12-01,2024-12-08 00:00:00+00:00,2024-12-08,2025-02-23,demand-v2-provisional,provisional
US,urban_city,validation,649,2023-12-17,2024-12-08,2024-12-15 00:00:00+00:00,2024-12-15,2025-03-02,demand-v2-provisional,provisional
US,urban_city,validation,650,2023-12-24,2024-12-15,2024-12-22 00:00:00+00:00,2024-12-22,2025-03-09,demand-v2-provisional,provisional
US,urban_city,test,620,2024-03-17,2025-03-09,2025-03-16 00:00:00+00:00,2025-03-16,2025-06-01,demand-v2-provisional,provisional
US,urban_city,test,621,2024-03-24,2025-03-16,2025-03-23 00:00:00+00:00,2025-03-23,2025-06-08,demand-v2-provisional,provisional
US,urban_city,test,622,2024-03-31,2025-03-23,2025-03-30 00:00:00+00:00,2025-03-30,2025-06-15,demand-v2-provisional,provisional
US,urban_city,test,623,2024-04-07,2025-03-30,2025-04-06 00:00:00+00:00,2025-04-06,2025-06-22,demand-v2-provisional,provisional
US,urban_city,test,624,2024-04-14,2025-04-06,2025-04-13 00:00:00+00:00,2025-04-13,2025-06-29,demand-v2-provisional,provisional
US,urban_city,test,625,2024-04-21,2025-04-13,2025-04-20 00:00:00+00:00,2025-04-20,2025-07-06,demand-v2-provisional,provisional
US,urban_city,test,626,2024-04-28,2025-04-20,2025-04-27 00:00:00+00:00,2025-04-27,2025-07-13,demand-v2-provisional,provisional
US,urban_city,test,627,2024-05-05,2025-04-27,2025-05-04 00:00:00+00:00,2025-05-04,2025-07-20,demand-v2-provisional,provisional
US,urban_city,test,628,2024-05-12,2025-05-04,2025-05-11 00:00:00+00:00,2025-05-11,2025-07-27,demand-v2-provisional,provisional
US,urban_city,test,629,2024-05-19,2025-05-11,2025-05-18 00:00:00+00:00,2025-05-18,2025-08-03,demand-v2-provisional,provisional
US,urban_city,test,630,2024-05-26,2025-05-18,2025-05-25 00:00:00+00:00,2025-05-25,2025-08-10,demand-v2-provisional,provisional
US,urban_city,test,631,2024-06-02,2025-05-25,2025-06-01 00:00:00+00:00,2025-06-01,2025-08-17,demand-v2-provisional,provisional
US,urban_city,test,632,2024-06-09,2025-06-01,2025-06-08 00:00:00+00:00,2025-06-08,2025-08-24,demand-v2-provisional,provisional
US,urban_city,test,633,2024-06-16,2025-06-08,2025-06-15 00:00:00+00:00,2025-06-15,2025-08-31,demand-v2-provisional,provisional
US,urban_city,test,634,2024-06-23,2025-06-15,2025-06-22 00:00:00+00:00,2025-06-22,2025-09-07,demand-v2-provisional,provisional
US,urban_city,test,635,2024-06-30,2025-06-22,2025-06-29 00:00:00+00:00,2025-06-29,2025-09-14,demand-v2-provisional,provisional
US,urban_city,test,636,2024-07-07,2025-06-29,2025-07-06 00:00:00+00:00,2025-07-06,2025-09-21,demand-v2-provisional,provisional
US,urban_city,test,637,2024-07-14,2025-07-06,2025-07-13 00:00:00+00:00,2025-07-13,2025-09-28,demand-v2-provisional,provisional
US,urban_city,test,638,2024-07-21,2025-07-13,2025-07-20 00:00:00+00:00,2025-07-20,2025-10-05,demand-v2-provisional,provisional
US,urban_city,test,639,2024-07-28,2025-07-20,2025-07-27 00:00:00+00:00,2025-07-27,2025-10-12,demand-v2-provisional,provisional
US,urban_city,test,640,2024-08-04,2025-07-27,2025-08-03 00:00:00+00:00,2025-08-03,2025-10-19,demand-v2-provisional,provisional
US,urban_city,test,641,2024-08-11,2025-08-03,2025-08-10 00:00:00+00:00,2025-08-10,2025-10-26,demand-v2-provisional,provisional
US,urban_city,test,642,2024-08-18,2025-08-10,2025-08-17 00:00:00+00:00,2025-08-17,2025-11-02,demand-v2-provisional,provisional
US,urban_city,test,643,2024-08-25,2025-08-17,2025-08-24 00:00:00+00:00,2025-08-24,2025-11-09,demand-v2-provisional,provisional
US,urban_city,test,644,2024-09-01,2025-08-24,2025-08-31 00:00:00+00:00,2025-08-31,2025-11-16,demand-v2-provisional,provisional
US,urban_city,test,645,2024-09-08,2025-08-31,2025-09-07 00:00:00+00:00,2025-09-07,2025-11-23,demand-v2-provisional,provisional
US,urban_city,test,646,2024-09-15,2025-09-07,2025-09-14 00:00:00+00:00,2025-09-14,2025-11-30,demand-v2-provisional,provisional
US,urban_city,test,647,2024-09-22,2025-09-14,2025-09-21 00:00:00+00:00,2025-09-21,2025-12-07,demand-v2-provisional,provisional
US,urban_city,test,648,2024-09-29,2025-09-21,2025-09-28 00:00:00+00:00,2025-09-28,2025-12-14,demand-v2-provisional,provisional
US,urban_city,test,649,2024-10-06,2025-09-28,2025-10-05 00:00:00+00:00,2025-10-05,2025-12-21,demand-v2-provisional,provisional
US,urban_city,test,650,2024-10-13,2025-10-05,2025-10-12 00:00:00+00:00,2025-10-12,2025-12-28,demand-v2-provisional,provisional
